Sim 3

Light Normalized Radiosity: 91.84976%
Light Absorptance (heat generated by Stokes shift, Quantum Yield, non-fluorescent particles, and medium ): 7.14228%
Light Transmittance: 1.00796%
Stokes Shift Absorptance (converted to heat): 0.80895%
Quantum Yield Absorptance (converted to heat): 1.20085%
Total Fluorescent Absorptance (absorptance of photons by fluorescent particles): 5.99789%
Fluorescent Absorptance (converted to fluorescent emission): 3.98855%
Reflectance by Fluorescent Emission: 3.89554%
Non-Fluorescent Particles and Medium Absorptance (converted to heat): 5.13302%

Note: In the column headers below, the number in parentheses indicates the layer number for each attenuation coefficient (e.g., mu_s(1), mu_med(1), mu_a(1), mu_af(1) for layer 1)
Note: The units are based on micrometer
Wavelength	Normalized Radiosity	Absorptance	Transmittance	Stokes Shift Absorptance	Quantum Yield Absorptance	Total Fluorescent Absorptance	Reflectance (via fluorescent emission)	Fluorescent Absorptance	Non-Fluorescent Particles/Medium Absorptance	n_medium(1)	k_medium(1)	mu_a(non-fluorescent)(1)	mu_a(medium)(1)	mu_s(1)	g(1)	Thickness(1)	mu_a(fluorescent)1(1)
301.0	0.0478	0.9218	0.0	0.0215	0.0113	0.0634	0.0	0.0307	0.8891	1.527336	1e-06	0.647759	2.6e-05	0.779706	0.83577845	500.0	0.043596	
303.0	0.0463	0.9184	0.0	0.0247	0.0162	0.0765	0.0	0.0357	0.8777	1.526609	1e-06	0.650009	2.4e-05	0.767773	0.83507579	500.0	0.052525	
305.0	0.0465	0.9214	0.0	0.0219	0.0138	0.0683	0.0	0.0325	0.8858	1.525881	1e-06	0.652253	2.1e-05	0.765746	0.83562238	500.0	0.053041	
307.0	0.0465	0.919	0.0	0.0232	0.0172	0.0756	0.0	0.0351	0.8787	1.525152	1e-06	0.654502	1.9e-05	0.76415	0.83618344	500.0	0.053199	
309.0	0.0456	0.9182	0.0	0.024	0.0127	0.0733	0.0	0.0366	0.8815	1.524458	1e-06	0.656753	1.7e-05	0.762391	0.83668713	500.0	0.053442	
311.0	0.0471	0.9176	0.0	0.023	0.0169	0.0753	0.0	0.0354	0.8778	1.523788	1e-06	0.659	1.5e-05	0.760568	0.83713231	500.0	0.053667	
313.0	0.046	0.9168	0.0	0.024	0.0147	0.0765	0.0	0.0378	0.8782	1.523144	0.0	0.661249	1.3e-05	0.758599	0.83749872	500.0	0.053888	
315.0	0.0452	0.921	0.0	0.0211	0.013	0.0683	0.0	0.0342	0.887	1.522519	0.0	0.66351	1e-05	0.756432	0.83775681	500.0	0.054089	
317.0	0.0456	0.9201	0.0	0.0212	0.0149	0.0707	0.0	0.0346	0.8841	1.521895	0.0	0.665771	8e-06	0.754001	0.83785402	500.0	0.054275	
319.0	0.0451	0.9206	0.0	0.021	0.0146	0.07	0.0	0.0345	0.8852	1.521272	0.0	0.66801	7e-06	0.751288	0.83772145	500.0	0.054428	
321.0	0.0462	0.9184	0.0	0.0211	0.0162	0.0729	0.0	0.0356	0.8813	1.520694	0.0	0.67018	5e-06	0.748318	0.83727908	500.0	0.054543	
323.0	0.0468	0.9174	0.0	0.0214	0.016	0.0738	0.0	0.0364	0.8801	1.520123	0.0	0.672154	4e-06	0.745263	0.83639678	500.0	0.054626	
325.0	0.0445	0.9194	0.0	0.0209	0.0149	0.0721	0.0	0.0362	0.8836	1.51955	0.0	0.673746	3e-06	0.742529	0.8350217	500.0	0.054686	
327.0	0.0465	0.9184	0.0	0.02	0.0138	0.0692	0.0	0.0354	0.8847	1.518986	0.0	0.674565	2e-06	0.740835	0.83309259	500.0	0.054737	
329.0	0.0475	0.9149	0.0	0.0212	0.0157	0.075	0.0	0.0381	0.8781	1.51846	0.0	0.674021	1e-06	0.741423	0.83071025	500.0	0.05476	
331.0	0.046	0.915	0.0	0.0215	0.0141	0.0748	0.0	0.0392	0.8795	1.51794	0.0	0.671139	0.0	0.746075	0.82795677	500.0	0.054775	
333.0	0.0458	0.9179	0.0	0.0199	0.013	0.0699	0.0	0.037	0.8851	1.517421	0.0	0.664962	0.0	0.757633	0.82532109	500.0	0.054783	
335.0	0.0451	0.9169	0.0	0.0203	0.0139	0.0726	0.0	0.0384	0.8828	1.516911	0.0	0.654469	0.0	0.779461	0.82263349	500.0	0.054785	
337.0	0.0467	0.9137	0.0	0.0206	0.0141	0.0745	0.0	0.0398	0.8791	1.516442	0.0	0.640347	0.0	0.814637	0.82004702	500.0	0.054784	
339.0	0.0471	0.9135	0.0	0.0203	0.0158	0.0758	0.0	0.0396	0.8774	1.515974	0.0	0.625095	0.0	0.862936	0.81744551	500.0	0.05478	
341.0	0.0479	0.9093	0.0	0.0215	0.018	0.0826	0.0	0.043	0.8698	1.515506	0.0	0.610961	0.0	0.919963	0.81435066	500.0	0.054775	
343.0	0.0478	0.9119	0.0	0.0201	0.0145	0.0751	0.0	0.0406	0.8775	1.515038	0.0	0.598318	0.0	0.977425	0.81055866	500.0	0.054766	
345.0	0.0487	0.9098	0.0	0.0203	0.018	0.0805	0.0	0.0422	0.8716	1.51457	0.0	0.582697	0.0	1.029952	0.80590122	500.0	0.054756	
347.0	0.0495	0.9046	0.0	0.0221	0.0185	0.087	0.0	0.0464	0.8641	1.514123	0.0	0.559279	0.0	1.080974	0.80132203	500.0	0.054744	
349.0	0.051	0.8969	0.0	0.0242	0.0163	0.093	0.0	0.0525	0.8564	1.513708	0.0	0.517845	0.0	1.136886	0.79923338	500.0	0.054734	
351.0	0.0543	0.8898	0.0	0.0259	0.0216	0.1042	0.0	0.0567	0.8424	1.513292	0.0	0.450996	0.0	1.194278	0.80213165	500.0	0.054727	
353.0	0.0546	0.8853	0.0	0.0274	0.0241	0.1125	0.0	0.0611	0.8339	1.512878	0.0	0.387998	0.0	1.250286	0.8057477	500.0	0.054721	
355.0	0.0589	0.8649	0.0	0.0339	0.0243	0.1352	0.0	0.077	0.8068	1.51249	0.0	0.34554	0.0	1.29604	0.80287298	500.0	0.054717	
357.0	0.0632	0.8599	0.0	0.0337	0.0265	0.1384	0.0	0.0782	0.7999	1.512126	0.0	0.323556	0.0	1.323695	0.7893203	500.0	0.054712	
359.0	0.0661	0.8602	0.0	0.0313	0.026	0.1314	0.0	0.0741	0.803	1.511727	0.0	0.334129	0.0	1.334201	0.75939305	500.0	0.054707	
361.0	0.0698	0.8615	0.0	0.0288	0.0247	0.1225	0.0	0.069	0.8081	1.511312	0.0	0.346981	0.0	1.321395	0.70546701	500.0	0.054703	
363.0	0.0817	0.8262	0.0	0.0381	0.031	0.1621	0.0	0.0931	0.7572	1.510934	0.0	0.251673	0.0	1.246333	0.66869711	500.0	0.0547	
365.0	0.0958	0.7952	0.0	0.0445	0.0383	0.1932	0.0	0.1104	0.7125	1.510574	0.0	0.198829	0.0	1.21879	0.6259853	500.0	0.054695	
367.0	0.1185	0.7617	0.0	0.048	0.0428	0.2126	0.0	0.1218	0.671	1.510248	0.0	0.175024	0.0	1.27053	0.56834658	500.0	0.054693	
369.0	0.1382	0.7405	0.0	0.0475	0.0453	0.2155	0.0	0.1227	0.6478	1.509935	0.0	0.157206	0.0	1.357084	0.5128698	500.0	0.054694	
371.0	0.1564	0.6967	0.0	0.0562	0.0479	0.2525	0.0	0.1483	0.5926	1.509578	0.0	0.124685	0.0	1.339639	0.49124636	500.0	0.054695	
373.0	0.1679	0.6498	0.0	0.0686	0.0641	0.3171	0.0	0.1843	0.5173	1.509217	0.0	0.090107	0.0	1.2229	0.50646633	500.0	0.054696	
375.0	0.167	0.6204	0.0	0.079	0.0732	0.3682	0.0	0.216	0.4683	1.5089	0.0	0.067528	0.0	1.116933	0.5284592	500.0	0.054697	
377.0	0.1656	0.5896	0.0	0.0886	0.0843	0.4213	0.0	0.2483	0.4168	1.508588	0.0	0.054541	0.0	1.045921	0.53953422	500.0	0.054705	
379.0	0.1684	0.5693	0.0	0.0928	0.0871	0.4455	0.0	0.2656	0.3894	1.508276	0.0	0.047447	0.0	1.00661	0.53441552	500.0	0.054714	
381.0	0.1773	0.5532	0.0	0.0934	0.0908	0.4574	0.0	0.2731	0.3691	1.507981	0.0	0.045029	0.0	1.008617	0.5089117	500.0	0.054726	
383.0	0.1987	0.5512	0.0	0.0863	0.0874	0.4281	0.0	0.2544	0.3776	1.50771	0.0	0.048221	0.0	1.087431	0.45178233	500.0	0.054741	
385.0	0.2293	0.5391	0.0	0.0764	0.0729	0.3836	0.0	0.2343	0.3898	1.507433	0.0	0.054832	0.0	1.2435	0.35069381	500.0	0.054757	
387.0	0.2486	0.5037	0.0	0.0811	0.0851	0.4176	0.0	0.2513	0.3376	1.507128	0.0	0.043953	0.0	1.158454	0.26281601	500.0	0.054776	
389.0	0.248	0.4417	0.0	0.0997	0.0896	0.5045	0.0	0.3152	0.2525	1.506836	0.0	0.026927	0.0	0.946549	0.24971881	500.0	0.054796	
391.0	0.2459	0.414	0.0	0.107	0.1138	0.5661	0.0	0.3453	0.1933	1.50657	0.0	0.018238	0.0	0.864147	0.26427915	500.0	0.054815	
393.0	0.2537	0.3819	0.0	0.1117	0.1168	0.5971	0.0	0.3684	0.1533	1.50631	0.0	0.013742	0.0	0.865143	0.2801498	500.0	0.054833	
395.0	0.2649	0.3598	0.0	0.1124	0.1215	0.6143	0.0	0.3802	0.126	1.50605	0.0	0.01094	0.0	0.908754	0.29380363	500.0	0.054852	
397.0	0.2755	0.347	0.0	0.1106	0.1288	0.6227	0.0	0.3831	0.1076	1.50579	0.0	0.008993	0.0	0.972955	0.30458022	500.0	0.054872	
399.0	0.2879	0.3262	0.0	0.11	0.1229	0.6246	0.0	0.3916	0.0933	1.50553	0.0	0.007493	0.0	1.042078	0.3122329	500.0	0.054893	
401.0	0.2975	0.3135	0.0	0.1085	0.1255	0.6285	0.0	0.3944	0.0795	1.50528	0.0	0.006271	0.0	1.103252	0.31722647	500.0	0.054914	
403.0	0.3015	0.3092	0.0	0.107	0.1327	0.6352	0.0	0.3955	0.0695	1.50504	0.0	0.005264	0.0	1.147657	0.32070052	500.0	0.054939	
405.0	0.3008	0.2948	0.0	0.1077	0.129	0.6472	0.0	0.4103	0.0581	1.5048	0.0	0.004387	0.0	1.173009	0.32419745	500.0	0.054964	
407.0	0.3063	0.2894	0.0	0.1054	0.1328	0.6487	0.0	0.4105	0.0513	1.504562	0.0	0.003695	0.0	1.183174	0.32911598	500.0	0.054989	
409.0	0.3052	0.2752	0.0	0.1064	0.1269	0.6582	0.0	0.4248	0.042	1.504324	0.0	0.003114	0.0	1.186629	0.33652075	500.0	0.055015	
411.0	0.3001	0.2759	0.0	0.1057	0.1287	0.6648	0.0	0.4304	0.0415	1.504086	0.0	0.002667	0.0	1.192561	0.34657201	500.0	0.055038	
413.0	0.3075	0.2762	0.0	0.1008	0.1389	0.6623	0.0	0.4226	0.0365	1.503848	0.0	0.002323	0.0	1.209183	0.35855877	500.0	0.055059	
415.0	0.3098	0.2683	0.0	0.0996	0.1395	0.6672	0.0	0.428	0.0292	1.503611	0.0	0.002069	0.0	1.242866	0.37075205	500.0	0.055078	
417.0	0.3144	0.2613	0.0	0.0976	0.1381	0.6659	0.0	0.4302	0.0257	1.503394	0.0	0.001882	0.0	1.297876	0.38056155	500.0	0.055096	
419.0	0.3234	0.2525	0.0	0.0947	0.1323	0.6572	0.0	0.4301	0.0255	1.503191	0.0	0.00175	0.0	1.373761	0.38475291	500.0	0.055118	
421.0	0.3315	0.2526	0.0	0.091	0.1355	0.6491	0.0	0.4225	0.0262	1.50299	0.0	0.001634	0.0	1.460109	0.3806405	500.0	0.055147	
423.0	0.339	0.2379	0.0	0.0897	0.126	0.6442	0.0	0.4284	0.0222	1.502788	0.0	0.001504	0.0	1.529399	0.36824571	500.0	0.055175	
425.0	0.3476	0.2318	0.0	0.0869	0.1244	0.6381	0.0	0.4268	0.0206	1.502587	0.0	0.001318	0.0	1.547265	0.35269808	500.0	0.055194	
427.0	0.343	0.2334	0.0	0.0857	0.1274	0.6437	0.0	0.4307	0.0204	1.502387	0.0	0.001087	0.0	1.506306	0.34319054	500.0	0.055203	
429.0	0.3365	0.225	0.0	0.0855	0.1227	0.6524	0.0	0.444	0.0168	1.502204	0.0	0.000861	0.0	1.43899	0.34701511	500.0	0.0552	
431.0	0.3265	0.2328	0.0	0.0838	0.1348	0.666	0.0	0.4473	0.0142	1.502022	0.0	0.000674	0.0	1.382142	0.36456635	500.0	0.055184	
433.0	0.3229	0.2288	0.0	0.0828	0.1318	0.6696	0.0	0.455	0.0142	1.501839	0.0	0.00053	0.0	1.351781	0.39100489	500.0	0.055144	
435.0	0.3097	0.2277	0.0	0.0825	0.133	0.6846	0.0	0.4691	0.0122	1.501656	0.0	0.000425	0.0	1.347807	0.42061893	500.0	0.055077	
437.0	0.3128	0.2294	0.0	0.0797	0.1389	0.6831	0.0	0.4645	0.0108	1.501473	0.0	0.000346	0.0	1.364533	0.44942671	500.0	0.054976	
439.0	0.301	0.2277	0.0	0.0791	0.1385	0.6957	0.0	0.478	0.0101	1.501301	0.0	0.000286	0.0	1.395941	0.4753665	500.0	0.054831	
441.0	0.2977	0.2315	0.0	0.077	0.1444	0.6992	0.0	0.4778	0.0101	1.501137	0.0	0.000239	0.0	1.437138	0.49773721	500.0	0.054639	
443.0	0.2979	0.2279	0.0	0.0748	0.1437	0.6999	0.0	0.4813	0.0094	1.500972	0.0	0.000202	0.0	1.484226	0.51648128	500.0	0.054464	
445.0	0.2983	0.2242	0.0	0.0731	0.142	0.6998	0.0	0.4847	0.0091	1.500807	0.0	0.000172	0.0	1.534675	0.53201926	500.0	0.054237	
447.0	0.3053	0.2169	0.0	0.0704	0.1364	0.6921	0.0	0.4852	0.01	1.500642	0.0	0.000148	0.0	1.586667	0.54484805	500.0	0.053923	
449.0	0.3055	0.2181	0.0	0.0679	0.1398	0.6925	0.0	0.4849	0.0104	1.500481	0.0	0.000127	0.0	1.638899	0.55543805	500.0	0.053409	
451.0	0.3057	0.2141	0.0	0.0661	0.1399	0.6933	0.0	0.4873	0.0081	1.500334	0.0	0.00011	0.0	1.690779	0.56427226	500.0	0.052495	
453.0	0.3109	0.2124	0.0	0.0625	0.1404	0.6874	0.0	0.4845	0.0094	1.500187	0.0	9.6e-05	0.0	1.741841	0.57169235	500.0	0.051055	
455.0	0.3204	0.2052	0.0	0.0602	0.1372	0.6788	0.0	0.4814	0.0078	1.500041	0.0	8.4e-05	0.0	1.792131	0.57801549	500.0	0.048942	
457.0	0.3342	0.2003	0.0	0.056	0.136	0.6648	0.0	0.4727	0.0082	1.499895	0.0	7.4e-05	0.0	1.84139	0.5833942	500.0	0.046468	
459.0	0.3501	0.1892	0.0	0.0537	0.1265	0.649	0.0	0.4687	0.0089	1.499748	0.0	6.5e-05	0.0	1.891537	0.58824668	500.0	0.041794	
461.0	0.3888	0.1782	0.0	0.0484	0.1199	0.6101	0.0	0.4418	0.0098	1.499602	0.0	5.8e-05	0.0	1.945131	0.59298995	500.0	0.032219	
463.0	0.4966	0.1489	0.0	0.0407	0.0986	0.5103	0.0064	0.3728	0.0093	1.499456	0.0	5.2e-05	0.0	2.003882	0.59763367	500.0	0.017248	
465.0	0.9446	0.0494	0.0	0.0089	0.0203	0.1018	0.059	0.074	0.0201	1.499309	0.0	4.6e-05	0.0	2.063293	0.60174741	500.0	0.000322	
467.0	1.057	0.0396	0.0005	0.0	0.0	0.0	0.0969	0.0	0.0396	1.499163	0.0	4.2e-05	0.0	2.110232	0.6026025	500.0	0.0	
469.0	1.0791	0.0353	0.0003	0.0	0.0	0.0	0.1147	0.0	0.0353	1.499016	0.0	3.8e-05	0.0	2.153502	0.60361344	500.0	0.0	
471.0	1.1054	0.0339	0.0008	0.0	0.0	0.0	0.1398	0.0	0.0339	1.498875	0.0	3.4e-05	0.0	2.198789	0.603322	500.0	0.0	
473.0	1.1267	0.0309	0.0006	0.0	0.0	0.0	0.158	0.0	0.0309	1.498746	0.0	3.1e-05	0.0	2.240964	0.60228741	500.0	0.0	
475.0	1.1545	0.0295	0.0007	0.0	0.0	0.0	0.1844	0.0	0.0295	1.498618	0.0	2.8e-05	0.0	2.280165	0.60065184	500.0	0.0	
477.0	1.1841	0.0282	0.0008	0.0	0.0	0.0	0.2129	0.0	0.0282	1.49849	0.0	2.6e-05	0.0	2.314511	0.59754188	500.0	0.0	
479.0	1.2103	0.0281	0.0019	0.0	0.0	0.0	0.2398	0.0	0.0281	1.498362	0.0	2.3e-05	0.0	2.337563	0.59506626	500.0	0.0	
481.0	1.2296	0.0248	0.0018	0.0	0.0	0.0	0.2556	0.0	0.0248	1.498234	0.0	2.1e-05	0.0	2.351089	0.59155904	500.0	0.0	
483.0	1.2578	0.022	0.0025	0.0	0.0	0.0	0.2815	0.0	0.022	1.49812	0.0	1.9e-05	0.0	2.352721	0.58865205	500.0	0.0	
485.0	1.3243	0.0218	0.003	0.0	0.0	0.0	0.3479	0.0	0.0218	1.49801	0.0	1.6e-05	0.0	2.343165	0.58598988	500.0	0.0	
487.0	1.3681	0.0195	0.0037	0.0	0.0	0.0	0.3901	0.0	0.0195	1.4979	0.0	1.4e-05	0.0	2.32272	0.58495167	500.0	0.0	
489.0	1.3737	0.0182	0.0031	0.0	0.0	0.0	0.3939	0.0	0.0182	1.49779	0.0	1.3e-05	0.0	2.298467	0.58477608	500.0	0.0	
491.0	1.3838	0.0176	0.0039	0.0	0.0	0.0	0.4037	0.0	0.0176	1.49768	0.0	1.1e-05	0.0	2.267464	0.58692593	500.0	0.0	
493.0	1.3846	0.0156	0.004	0.0	0.0	0.0	0.4027	0.0	0.0156	1.49757	0.0	9e-06	0.0	2.239093	0.59068374	500.0	0.0	
495.0	1.3677	0.014	0.0048	0.0	0.0	0.0	0.3844	0.0	0.014	1.497461	0.0	8e-06	0.0	2.213915	0.59546256	500.0	0.0	
497.0	1.3901	0.0127	0.0057	0.0	0.0	0.0	0.4063	0.0	0.0127	1.497351	0.0	7e-06	0.0	2.192311	0.6021405	500.0	0.0	
499.0	1.414	0.0107	0.0073	0.0	0.0	0.0	0.4294	0.0	0.0107	1.497241	0.0	6e-06	0.0	2.177796	0.60906872	500.0	0.0	
501.0	1.425	0.0106	0.0081	0.0	0.0	0.0	0.4408	0.0	0.0106	1.497131	0.0	5e-06	0.0	2.167396	0.61713988	500.0	0.0	
503.0	1.4302	0.0106	0.0085	0.0	0.0	0.0	0.4459	0.0	0.0106	1.497021	0.0	5e-06	0.0	2.164727	0.62506379	500.0	0.0	
505.0	1.4252	0.008	0.0097	0.0	0.0	0.0	0.4392	0.0	0.008	1.496912	0.0	4e-06	0.0	2.166484	0.63270291	500.0	0.0	
507.0	1.4095	0.0072	0.0096	0.0	0.0	0.0	0.4221	0.0	0.0072	1.496802	0.0	3e-06	0.0	2.170289	0.6413941	500.0	0.0	
509.0	1.3964	0.0076	0.0109	0.0	0.0	0.0	0.4113	0.0	0.0076	1.496692	0.0	3e-06	0.0	2.179931	0.64879532	500.0	0.0	
511.0	1.4024	0.0057	0.0102	0.0	0.0	0.0	0.4143	0.0	0.0057	1.496582	0.0	3e-06	0.0	2.191608	0.65622921	500.0	0.0	
513.0	1.3911	0.0055	0.0115	0.0	0.0	0.0	0.4047	0.0	0.0055	1.496474	0.0	2e-06	0.0	2.208172	0.66275775	500.0	0.0	
515.0	1.3815	0.0057	0.0102	0.0	0.0	0.0	0.3936	0.0	0.0057	1.496372	0.0	2e-06	0.0	2.226082	0.66851135	500.0	0.0	
517.0	1.3623	0.0044	0.0119	0.0	0.0	0.0	0.3744	0.0	0.0044	1.496277	0.0	2e-06	0.0	2.242993	0.67500229	500.0	0.0	
519.0	1.3864	0.004	0.0127	0.0	0.0	0.0	0.398	0.0	0.004	1.496186	0.0	2e-06	0.0	2.264231	0.67983512	500.0	0.0	
521.0	1.3315	0.0028	0.0107	0.0	0.0	0.0	0.3421	0.0	0.0028	1.496094	0.0	2e-06	0.0	2.284305	0.68474731	500.0	0.0	
523.0	1.296	0.0036	0.0117	0.0	0.0	0.0	0.3086	0.0	0.0037	1.496003	0.0	1e-06	0.0	2.307079	0.68892015	500.0	0.0	
525.0	1.2796	0.0032	0.0114	0.0	0.0	0.0	0.2908	0.0	0.0032	1.495915	0.0	1e-06	0.0	2.330069	0.69233419	500.0	0.0	
527.0	1.2659	0.0021	0.0112	0.0	0.0	0.0	0.276	0.0	0.0021	1.495837	0.0	1e-06	0.0	2.351728	0.69594649	500.0	0.0	
529.0	1.2509	0.002	0.0099	0.0	0.0	0.0	0.2599	0.0	0.002	1.495763	0.0	1e-06	0.0	2.377348	0.69819327	500.0	0.0	
531.0	1.2251	0.0019	0.0107	0.0	0.0	0.0	0.2352	0.0	0.0019	1.49569	0.0	1e-06	0.0	2.399432	0.70067895	500.0	0.0	
533.0	1.2166	0.0022	0.0094	0.0	0.0	0.0	0.225	0.0	0.0022	1.495617	0.0	1e-06	0.0	2.420993	0.70334418	500.0	0.0	
535.0	1.1959	0.0019	0.0123	0.0	0.0	0.0	0.2077	0.0	0.0019	1.495544	0.0	1e-06	0.0	2.445242	0.70464504	500.0	0.0	
537.0	1.1903	0.0009	0.0116	0.0	0.0	0.0	0.2003	0.0	0.0009	1.49547	0.0	1e-06	0.0	2.466141	0.70636861	500.0	0.0	
539.0	1.1681	0.0014	0.0094	0.0	0.0	0.0	0.1772	0.0	0.0014	1.495397	0.0	1e-06	0.0	2.488227	0.70766714	500.0	0.0	
541.0	1.1513	0.0013	0.0106	0.0	0.0	0.0	0.1611	0.0	0.0013	1.495324	0.0	1e-06	0.0	2.510129	0.70829935	500.0	0.0	
543.0	1.139	0.0016	0.0104	0.0	0.0	0.0	0.1492	0.0	0.0016	1.495251	0.0	1e-06	0.0	2.52961	0.70912329	500.0	0.0	
545.0	1.1229	0.0008	0.0112	0.0	0.0	0.0	0.1333	0.0	0.0008	1.495178	0.0	0.0	0.0	2.55002	0.70949752	500.0	0.0	
547.0	1.116	0.0003	0.0095	0.0	0.0	0.0	0.1242	0.0	0.0003	1.495104	0.0	0.0	0.0	2.569019	0.70943182	500.0	0.0	
549.0	1.0961	0.0011	0.011	0.0	0.0	0.0	0.1067	0.0	0.0011	1.495031	0.0	0.0	0.0	2.585089	0.70962501	500.0	0.0	
551.0	1.0906	0.0005	0.0081	0.0	0.0	0.0	0.0982	0.0	0.0005	1.494958	0.0	0.0	0.0	2.602107	0.70925119	500.0	0.0	
553.0	1.0781	0.0006	0.0089	0.0	0.0	0.0	0.0866	0.0	0.0006	1.494885	0.0	0.0	0.0	2.616724	0.7085523	500.0	0.0	
555.0	1.0685	0.001	0.0082	0.0	0.0	0.0	0.0767	0.0	0.001	1.494812	0.0	0.0	0.0	2.627445	0.70822453	500.0	0.0	
557.0	1.0627	0.0008	0.0082	0.0	0.0	0.0	0.071	0.0	0.0008	1.494738	0.0	0.0	0.0	2.638912	0.70724025	500.0	0.0	
559.0	1.0546	0.0004	0.0082	0.0	0.0	0.0	0.0621	0.0	0.0004	1.494665	0.0	0.0	0.0	2.647108	0.70601517	500.0	0.0	
561.0	1.0464	0.0001	0.01	0.0	0.0	0.0	0.0555	0.0	0.0001	1.494592	0.0	0.0	0.0	2.65062	0.70519273	500.0	0.0	
563.0	1.0411	0.0009	0.0096	0.0	0.0	0.0	0.0507	0.0	0.0009	1.494519	0.0	0.0	0.0	2.654278	0.70375521	500.0	0.0	
565.0	1.0373	0.0006	0.0099	0.0	0.0	0.0	0.047	0.0	0.0006	1.494446	0.0	0.0	0.0	2.654201	0.70210548	500.0	0.0	
567.0	1.0355	0.0007	0.0086	0.0	0.0	0.0	0.0444	0.0	0.0007	1.494372	0.0	0.0	0.0	2.649167	0.70083033	500.0	0.0	
569.0	1.033	0.0002	0.0081	0.0	0.0	0.0	0.0406	0.0	0.0002	1.494307	0.0	0.0	0.0	2.643549	0.69913925	500.0	0.0	
571.0	1.0258	0.0001	0.007	0.0	0.0	0.0	0.0327	0.0	0.0001	1.494245	0.0	0.0	0.0	2.634638	0.69718605	500.0	0.0	
573.0	1.0201	0.0001	0.0089	0.0	0.0	0.0	0.0287	0.0	0.0001	1.49419	0.0	0.0	0.0	2.620946	0.69561217	500.0	0.0	
575.0	1.0198	0.0	0.0079	0.0	0.0	0.0	0.0272	0.0	0.0	1.494135	0.0	0.0	0.0	2.606317	0.69389005	500.0	0.0	
577.0	1.0189	0.0	0.0075	0.0	0.0	0.0	0.0262	0.0	0.0	1.49408	0.0	0.0	0.0	2.590292	0.69172229	500.0	0.0	
579.0	1.0148	0.0	0.0073	0.0	0.0	0.0	0.0219	0.0	0.0	1.494025	0.0	0.0	0.0	2.569716	0.69009991	500.0	0.0	
581.0	1.0089	0.0	0.0093	0.0	0.0	0.0	0.0179	0.0	0.0	1.49397	0.0	0.0	0.0	2.548166	0.68864842	500.0	0.0	
583.0	1.0085	0.0	0.008	0.0	0.0	0.0	0.0164	0.0	0.0	1.493915	0.0	0.0	0.0	2.528555	0.68638884	500.0	0.0	
585.0	1.0067	0.0	0.008	0.0	0.0	0.0	0.0144	0.0	0.0	1.493861	0.0	0.0	0.0	2.504858	0.68480861	500.0	0.0	
587.0	1.0048	0.0	0.0095	0.0	0.0	0.0	0.0142	0.0	0.0	1.493806	0.0	0.0	0.0	2.478874	0.68406251	500.0	0.0	
589.0	1.0021	0.0	0.0096	0.0	0.0	0.0	0.0117	0.0	0.0	1.493751	0.0	0.0	0.0	2.457172	0.6824634	500.0	0.0	
591.0	0.9994	0.0	0.0103	0.0	0.0	0.0	0.0096	0.0	0.0	1.493696	0.0	0.0	0.0	2.433907	0.68116934	500.0	0.0	
593.0	1.0029	0.0	0.0064	0.0	0.0	0.0	0.0092	0.0	0.0	1.493641	0.0	0.0	0.0	2.408876	0.6806226	500.0	0.0	
595.0	1.0007	0.0	0.0081	0.0	0.0	0.0	0.0088	0.0	0.0	1.493586	0.0	0.0	0.0	2.387335	0.67985234	500.0	0.0	
597.0	0.9994	0.0	0.0083	0.0	0.0	0.0	0.0076	0.0	0.0	1.493531	0.0	0.0	0.0	2.367684	0.67879459	500.0	0.0	
599.0	1.0003	0.0	0.0072	0.0	0.0	0.0	0.0073	0.0	0.0	1.493476	0.0	0.0	0.0	2.346687	0.67842396	500.0	0.0	
601.0	0.9966	0.0	0.0098	0.0	0.0	0.0	0.0063	0.0	0.0	1.493421	0.0	0.0	0.0	2.326805	0.67854709	500.0	0.0	
603.0	0.9988	0.0	0.0076	0.0	0.0	0.0	0.0063	0.0	0.0	1.493367	0.0	0.0	0.0	2.311819	0.67792218	500.0	0.0	
605.0	0.9969	0.0	0.0088	0.0	0.0	0.0	0.0057	0.0	0.0	1.493312	0.0	0.0	0.0	2.295767	0.67781424	500.0	0.0	
607.0	0.996	0.0	0.0084	0.0	0.0	0.0	0.0044	0.0	0.0	1.493257	0.0	0.0	0.0	2.27851	0.67856087	500.0	0.0	
609.0	0.9976	0.0	0.0072	0.0	0.0	0.0	0.0048	0.0	0.0	1.493202	0.0	0.0	0.0	2.26569	0.67891228	500.0	0.0	
611.0	0.9946	0.0	0.0085	0.0	0.0	0.0	0.0031	0.0	0.0	1.493147	0.0	0.0	0.0	2.255491	0.67883046	500.0	0.0	
613.0	0.9937	0.0	0.0099	0.0	0.0	0.0	0.0035	0.0	0.0	1.493101	0.0	0.0	0.0	2.244081	0.67939902	500.0	0.0	
615.0	0.993	0.0	0.0097	0.0	0.0	0.0	0.0026	0.0	0.0	1.493058	0.0	0.0	0.0	2.232612	0.68070601	500.0	0.0	
617.0	0.9923	0.0	0.0105	0.0	0.0	0.0	0.0027	0.0	0.0	1.493022	0.0	0.0	0.0	2.225912	0.68123307	500.0	0.0	
619.0	0.9924	0.0	0.0098	0.0	0.0	0.0	0.0022	0.0	0.0	1.492985	0.0	0.0	0.0	2.219089	0.68189831	500.0	0.0	
621.0	0.9935	0.0	0.0079	0.0	0.0	0.0	0.0014	0.0	0.0	1.492948	0.0	0.0	0.0	2.211298	0.6831283	500.0	0.0	
623.0	0.9933	0.0	0.0084	0.0	0.0	0.0	0.0017	0.0	0.0	1.492907	0.0	0.0	0.0	2.205574	0.68444622	500.0	0.0	
625.0	0.9909	0.0	0.0107	0.0	0.0	0.0	0.0016	0.0	0.0	1.49286	0.0	0.0	0.0	2.203758	0.68498743	500.0	0.0	
627.0	0.9923	0.0	0.0092	0.0	0.0	0.0	0.0015	0.0	0.0	1.492808	0.0	0.0	0.0	2.200293	0.68601424	500.0	0.0	
629.0	0.9924	0.0	0.0092	0.0	0.0	0.0	0.0017	0.0	0.0	1.492753	0.0	0.0	0.0	2.195122	0.68777619	500.0	0.0	
631.0	0.9909	0.0	0.0102	0.0	0.0	0.0	0.0011	0.0	0.0	1.492698	0.0	0.0	0.0	2.193282	0.68914441	500.0	0.0	
633.0	0.992	0.0	0.0091	0.0	0.0	0.0	0.0012	0.0	0.0	1.492644	0.0	0.0	0.0	2.194561	0.68975085	500.0	0.0	
635.0	0.9926	0.0	0.0086	0.0	0.0	0.0	0.0013	0.0	0.0	1.492599	0.0	0.0	0.0	2.193782	0.6909066	500.0	0.0	
637.0	0.9925	0.0	0.0084	0.0	0.0	0.0	0.0008	0.0	0.0	1.492556	0.0	0.0	0.0	2.190663	0.69294795	500.0	0.0	
639.0	0.9914	0.0	0.0097	0.0	0.0	0.0	0.0011	0.0	0.0	1.492519	0.0	0.0	0.0	2.191284	0.69433892	500.0	0.0	
641.0	0.9928	0.0	0.0082	0.0	0.0	0.0	0.0009	0.0	0.0	1.492483	0.0	0.0	0.0	2.194437	0.69500719	500.0	0.0	
643.0	0.9901	0.0	0.0104	0.0	0.0	0.0	0.0004	0.0	0.0	1.492446	0.0	0.0	0.0	2.195441	0.69619188	500.0	0.0	
645.0	0.9914	0.0	0.0086	0.0	0.0	0.0	0.0	0.0	0.0	1.492409	0.0	0.0	0.0	2.193851	0.69826723	500.0	0.0	
647.0	0.9906	0.0	0.0094	0.0	0.0	0.0	0.0	0.0	0.0	1.492373	0.0	0.0	0.0	2.195814	0.69964374	500.0	0.0	
649.0	0.9893	0.0	0.0107	0.0	0.0	0.0	0.0	0.0	0.0	1.492336	0.0	0.0	0.0	2.200151	0.70028417	500.0	0.0	
651.0	0.9897	0.0	0.0103	0.0	0.0	0.0	0.0	0.0	0.0	1.4923	0.0	0.0	0.0	2.202152	0.70141438	500.0	0.0	
653.0	0.991	0.0	0.009	0.0	0.0	0.0	0.0	0.0	0.0	1.492263	0.0	0.0	0.0	2.201451	0.70335399	500.0	0.0	
655.0	0.9907	0.0	0.0093	0.0	0.0	0.0	0.0	0.0	0.0	1.492226	0.0	0.0	0.0	2.203748	0.70471367	500.0	0.0	
657.0	0.9897	0.0	0.0103	0.0	0.0	0.0	0.0	0.0	0.0	1.49219	0.0	0.0	0.0	2.208462	0.70532612	500.0	0.0	
659.0	0.9901	0.0	0.0099	0.0	0.0	0.0	0.0	0.0	0.0	1.492153	0.0	0.0	0.0	2.210763	0.70633916	500.0	0.0	
661.0	0.9887	0.0	0.0113	0.0	0.0	0.0	0.0	0.0	0.0	1.492117	0.0	0.0	0.0	2.210651	0.70794229	500.0	0.0	
663.0	0.9911	0.0	0.0089	0.0	0.0	0.0	0.0	0.0	0.0	1.49208	0.0	0.0	0.0	2.212317	0.70930141	500.0	0.0	
665.0	0.9907	0.0	0.0093	0.0	0.0	0.0	0.0	0.0	0.0	1.492043	0.0	0.0	0.0	2.216323	0.70995724	500.0	0.0	
667.0	0.9916	0.0	0.0084	0.0	0.0	0.0	0.0	0.0	0.0	1.492007	0.0	0.0	0.0	2.218739	0.71068732	500.0	0.0	
669.0	0.9914	0.0	0.0086	0.0	0.0	0.0	0.0	0.0	0.0	1.49197	0.0	0.0	0.0	2.21918	0.71178858	500.0	0.0	
671.0	0.9882	0.0	0.0118	0.0	0.0	0.0	0.0	0.0	0.0	1.491934	0.0	0.0	0.0	2.219081	0.71324605	500.0	0.0	
673.0	0.9891	0.0	0.0109	0.0	0.0	0.0	0.0	0.0	0.0	1.491897	0.0	0.0	0.0	2.221395	0.71397464	500.0	0.0	
675.0	0.9908	0.0	0.0092	0.0	0.0	0.0	0.0	0.0	0.0	1.491861	0.0	0.0	0.0	2.224091	0.71424469	500.0	0.0	
677.0	0.9897	0.0	0.0103	0.0	0.0	0.0	0.0	0.0	0.0	1.491824	0.0	0.0	0.0	2.22456	0.71488187	500.0	0.0	
679.0	0.9901	0.0	0.0099	0.0	0.0	0.0	0.0	0.0	0.0	1.491787	0.0	0.0	0.0	2.221944	0.71636747	500.0	0.0	
681.0	0.99	0.0	0.01	0.0	0.0	0.0	0.0	0.0	0.0	1.491751	0.0	0.0	0.0	2.221878	0.71717072	500.0	0.0	
683.0	0.9889	0.0	0.0111	0.0	0.0	0.0	0.0	0.0	0.0	1.491714	0.0	0.0	0.0	2.223451	0.71730349	500.0	0.0	
685.0	0.9886	0.0	0.0114	0.0	0.0	0.0	0.0	0.0	0.0	1.491678	0.0	0.0	0.0	2.222627	0.71766986	500.0	0.0	
687.0	0.9892	0.0	0.0108	0.0	0.0	0.0	0.0	0.0	0.0	1.491642	0.0	0.0	0.0	2.219423	0.71845263	500.0	0.0	
689.0	0.99	0.0	0.01	0.0	0.0	0.0	0.0	0.0	0.0	1.491607	0.0	0.0	0.0	2.215998	0.71943669	500.0	0.0	
691.0	0.9898	0.0	0.0102	0.0	0.0	0.0	0.0	0.0	0.0	1.491584	0.0	0.0	0.0	2.214434	0.7197501	500.0	0.0	
693.0	0.9892	0.0	0.0108	0.0	0.0	0.0	0.0	0.0	0.0	1.491566	0.0	0.0	0.0	2.213185	0.71956622	500.0	0.0	
695.0	0.9894	0.0	0.0106	0.0	0.0	0.0	0.0	0.0	0.0	1.491547	0.0	0.0	0.0	2.209432	0.7197329	500.0	0.0	
697.0	0.9912	0.0	0.0088	0.0	0.0	0.0	0.0	0.0	0.0	1.491529	0.0	0.0	0.0	2.202403	0.72065687	500.0	0.0	
699.0	0.989	0.0	0.011	0.0	0.0	0.0	0.0	0.0	0.0	1.491506	0.0	0.0	0.0	2.197115	0.72114692	500.0	0.0	
701.0	0.9895	0.0	0.0105	0.0	0.0	0.0	0.0	0.0	0.0	1.491481	0.0	0.0	0.0	2.193252	0.72101683	500.0	0.0	
703.0	0.9905	0.0	0.0095	0.0	0.0	0.0	0.0	0.0	0.0	1.491448	0.0	0.0	0.0	2.188381	0.72066571	500.0	0.0	
705.0	0.9902	0.0	0.0098	0.0	0.0	0.0	0.0	0.0	0.0	1.491412	0.0	0.0	0.0	2.181359	0.72059064	500.0	0.0	
707.0	0.9892	0.0	0.0108	0.0	0.0	0.0	0.0	0.0	0.0	1.491375	0.0	0.0	0.0	2.171487	0.72129749	500.0	0.0	
709.0	0.987	0.0	0.013	0.0	0.0	0.0	0.0	0.0	0.0	1.491338	0.0	0.0	0.0	2.163659	0.72139163	500.0	0.0	
711.0	0.9894	0.0	0.0106	0.0	0.0	0.0	0.0	0.0	0.0	1.49131	0.0	0.0	0.0	2.157055	0.72088875	500.0	0.0	
713.0	0.9902	0.0	0.0098	0.0	0.0	0.0	0.0	0.0	0.0	1.491285	0.0	0.0	0.0	2.148843	0.72032193	500.0	0.0	
715.0	0.9876	0.0	0.0124	0.0	0.0	0.0	0.0	0.0	0.0	1.491264	0.0	0.0	0.0	2.138581	0.72001828	500.0	0.0	
717.0	0.9889	0.0	0.0111	0.0	0.0	0.0	0.0	0.0	0.0	1.491246	0.0	0.0	0.0	2.126033	0.72040934	500.0	0.0	
719.0	0.9892	0.0	0.0108	0.0	0.0	0.0	0.0	0.0	0.0	1.491228	0.0	0.0	0.0	2.115511	0.72018325	500.0	0.0	
721.0	0.9898	0.0	0.0102	0.0	0.0	0.0	0.0	0.0	0.0	1.491209	0.0	0.0	0.0	2.106196	0.71938108	500.0	0.0	
723.0	0.9892	0.0	0.0108	0.0	0.0	0.0	0.0	0.0	0.0	1.491191	0.0	0.0	0.0	2.095462	0.71850047	500.0	0.0	
725.0	0.9899	0.0	0.0101	0.0	0.0	0.0	0.0	0.0	0.0	1.491173	0.0	0.0	0.0	2.082838	0.71787105	500.0	0.0	
727.0	0.9903	0.0	0.0097	0.0	0.0	0.0	0.0	0.0	0.0	1.491155	0.0	0.0	0.0	2.067959	0.71795484	500.0	0.0	
729.0	0.9877	0.0	0.0123	0.0	0.0	0.0	0.0	0.0	0.0	1.491136	0.0	0.0	0.0	2.055142	0.71747432	500.0	0.0	
731.0	0.9873	0.0	0.0127	0.0	0.0	0.0	0.0	0.0	0.0	1.491116	0.0	0.0	0.0	2.043677	0.71643532	500.0	0.0	
733.0	0.9873	0.0	0.0127	0.0	0.0	0.0	0.0	0.0	0.0	1.491091	0.0	0.0	0.0	2.031546	0.71517034	500.0	0.0	
735.0	0.9893	0.0	0.0107	0.0	0.0	0.0	0.0	0.0	0.0	1.491063	0.0	0.0	0.0	2.017683	0.71414575	500.0	0.0	
737.0	0.9888	0.0	0.0112	0.0	0.0	0.0	0.0	0.0	0.0	1.491026	0.0	0.0	0.0	2.001337	0.71386754	500.0	0.0	
739.0	0.9891	0.0	0.0109	0.0	0.0	0.0	0.0	0.0	0.0	1.49099	0.0	0.0	0.0	1.986844	0.71321853	500.0	0.0	
741.0	0.9891	0.0	0.0109	0.0	0.0	0.0	0.0	0.0	0.0	1.490953	0.0	0.0	0.0	1.973966	0.71202619	500.0	0.0	
743.0	0.9879	0.0	0.0121	0.0	0.0	0.0	0.0	0.0	0.0	1.490917	0.0	0.0	0.0	1.961491	0.71041971	500.0	0.0	
745.0	0.9877	0.0	0.0123	0.0	0.0	0.0	0.0	0.0	0.0	1.490895	0.0	0.0	0.0	1.947311	0.70904763	500.0	0.0	
747.0	0.9893	0.0	0.0107	0.0	0.0	0.0	0.0	0.0	0.0	1.490872	0.0	0.0	0.0	1.930957	0.708229	500.0	0.0	
749.0	0.9882	0.0	0.0118	0.0	0.0	0.0	0.0	0.0	0.0	1.490853	0.0	0.0	0.0	1.915255	0.70754238	500.0	0.0	
751.0	0.9887	0.0	0.0113	0.0	0.0	0.0	0.0	0.0	0.0	1.490835	0.0	0.0	0.0	1.901523	0.70630483	500.0	0.0	
753.0	0.989	0.0	0.011	0.0	0.0	0.0	0.0	0.0	0.0	1.490817	0.0	0.0	0.0	1.889097	0.70456988	500.0	0.0	
755.0	0.9877	0.0	0.0123	0.0	0.0	0.0	0.0	0.0	0.0	1.490798	0.0	0.0	0.0	1.875698	0.70282425	500.0	0.0	
757.0	0.9872	0.0	0.0128	0.0	0.0	0.0	0.0	0.0	0.0	1.49078	0.0	0.0	0.0	1.861007	0.70135262	500.0	0.0	
759.0	0.9902	0.0	0.0098	0.0	0.0	0.0	0.0	0.0	0.0	1.490762	0.0	0.0	0.0	1.84478	0.70059375	500.0	0.0	
761.0	0.9874	0.0	0.0126	0.0	0.0	0.0	0.0	0.0	0.0	1.490744	0.0	0.0	0.0	1.830694	0.69944476	500.0	0.0	
763.0	0.9902	0.0	0.0098	0.0	0.0	0.0	0.0	0.0	0.0	1.490725	0.0	0.0	0.0	1.81832	0.6978043	500.0	0.0	
765.0	0.9885	0.0	0.0115	0.0	0.0	0.0	0.0	0.0	0.0	1.490707	0.0	0.0	0.0	1.80664	0.69577647	500.0	0.0	
767.0	0.9893	0.0	0.0107	0.0	0.0	0.0	0.0	0.0	0.0	1.490689	0.0	0.0	0.0	1.793752	0.69392423	500.0	0.0	
769.0	0.9891	0.0	0.0109	0.0	0.0	0.0	0.0	0.0	0.0	1.49067	0.0	0.0	0.0	1.779281	0.69253928	500.0	0.0	
771.0	0.9875	0.0	0.0125	0.0	0.0	0.0	0.0	0.0	0.0	1.490652	0.0	0.0	0.0	1.764815	0.69158894	500.0	0.0	
773.0	0.9894	0.0	0.0106	0.0	0.0	0.0	0.0	0.0	0.0	1.490634	0.0	0.0	0.0	1.752492	0.69018481	500.0	0.0	
775.0	0.9897	0.0	0.0103	0.0	0.0	0.0	0.0	0.0	0.0	1.490615	0.0	0.0	0.0	1.741732	0.68833203	500.0	0.0	
777.0	0.9887	0.0	0.0113	0.0	0.0	0.0	0.0	0.0	0.0	1.490597	0.0	0.0	0.0	1.731202	0.68621011	500.0	0.0	
779.0	0.9898	0.0	0.0102	0.0	0.0	0.0	0.0	0.0	0.0	1.490579	0.0	0.0	0.0	1.719593	0.68428994	500.0	0.0	
781.0	0.9879	0.0	0.0121	0.0	0.0	0.0	0.0	0.0	0.0	1.490561	0.0	0.0	0.0	1.706329	0.68295049	500.0	0.0	
783.0	0.989	0.0	0.011	0.0	0.0	0.0	0.0	0.0	0.0	1.490542	0.0	0.0	0.0	1.693713	0.68188467	500.0	0.0	
785.0	0.9899	0.0	0.0101	0.0	0.0	0.0	0.0	0.0	0.0	1.490524	0.0	0.0	0.0	1.683116	0.68039952	500.0	0.0	
787.0	0.9869	0.0	0.0131	0.0	0.0	0.0	0.0	0.0	0.0	1.490506	0.0	0.0	0.0	1.673949	0.67850474	500.0	0.0	
789.0	0.9893	0.0	0.0107	0.0	0.0	0.0	0.0	0.0	0.0	1.490487	0.0	0.0	0.0	1.664944	0.67637861	500.0	0.0	
791.0	0.987	0.0	0.013	0.0	0.0	0.0	0.0	0.0	0.0	1.490469	0.0	0.0	0.0	1.654922	0.67444349	500.0	0.0	
793.0	0.9857	0.0	0.0143	0.0	0.0	0.0	0.0	0.0	0.0	1.490451	0.0	0.0	0.0	1.643357	0.67307265	500.0	0.0	
795.0	0.9888	0.0	0.0112	0.0	0.0	0.0	0.0	0.0	0.0	1.490433	0.0	0.0	0.0	1.632286	0.672033	500.0	0.0	
797.0	0.9883	0.0	0.0117	0.0	0.0	0.0	0.0	0.0	0.0	1.490414	0.0	0.0	0.0	1.623153	0.67063069	500.0	0.0	
799.0	0.9894	0.0	0.0106	0.0	0.0	0.0	0.0	0.0	0.0	1.490396	0.0	0.0	0.0	1.615415	0.66884979	500.0	0.0	
801.0	0.9901	0.0	0.0099	0.0	0.0	0.0	0.0	0.0	0.0	1.490378	0.0	0.0	0.0	1.608054	0.66679737	500.0	0.0	
803.0	0.9885	0.0	0.0115	0.0	0.0	0.0	0.0	0.0	0.0	1.490359	0.0	0.0	0.0	1.599762	0.66487211	500.0	0.0	
805.0	0.9864	0.0	0.0136	0.0	0.0	0.0	0.0	0.0	0.0	1.490341	0.0	0.0	0.0	1.590112	0.66338274	500.0	0.0	
807.0	0.9875	0.0	0.0125	0.0	0.0	0.0	0.0	0.0	0.0	1.490323	0.0	0.0	0.0	1.580199	0.66242653	500.0	0.0	
809.0	0.9876	0.0	0.0124	0.0	0.0	0.0	0.0	0.0	0.0	1.490304	0.0	0.0	0.0	1.5721	0.66123286	500.0	0.0	
811.0	0.9864	0.0	0.0136	0.0	0.0	0.0	0.0	0.0	0.0	1.490286	0.0	0.0	0.0	1.56545	0.65969764	500.0	0.0	
813.0	0.9889	0.0	0.0111	0.0	0.0	0.0	0.0	0.0	0.0	1.490268	0.0	0.0	0.0	1.559559	0.65784953	500.0	0.0	
815.0	0.9888	0.0	0.0112	0.0	0.0	0.0	0.0	0.0	0.0	1.49025	0.0	0.0	0.0	1.55304	0.65598297	500.0	0.0	
817.0	0.9875	0.0	0.0125	0.0	0.0	0.0	0.0	0.0	0.0	1.490231	0.0	0.0	0.0	1.545455	0.65436872	500.0	0.0	
819.0	0.99	0.0	0.01	0.0	0.0	0.0	0.0	0.0	0.0	1.490213	0.0	0.0	0.0	1.536632	0.65339005	500.0	0.0	
821.0	0.9876	0.0	0.0124	0.0	0.0	0.0	0.0	0.0	0.0	1.490195	0.0	0.0	0.0	1.529044	0.65247495	500.0	0.0	
823.0	0.9875	0.0	0.0125	0.0	0.0	0.0	0.0	0.0	0.0	1.490176	0.0	0.0	0.0	1.523013	0.65126278	500.0	0.0	
825.0	0.9888	0.0	0.0112	0.0	0.0	0.0	0.0	0.0	0.0	1.490158	0.0	0.0	0.0	1.518064	0.6497452	500.0	0.0	
827.0	0.9875	0.0	0.0125	0.0	0.0	0.0	0.0	0.0	0.0	1.49014	0.0	0.0	0.0	1.513222	0.64802736	500.0	0.0	
829.0	0.9866	0.0	0.0134	0.0	0.0	0.0	0.0	0.0	0.0	1.490122	0.0	0.0	0.0	1.507496	0.64641074	500.0	0.0	
831.0	0.9881	0.0	0.0119	0.0	0.0	0.0	0.0	0.0	0.0	1.490103	0.0	0.0	0.0	1.500468	0.64518982	500.0	0.0	
833.0	0.9898	0.0	0.0102	0.0	0.0	0.0	0.0	0.0	0.0	1.490085	0.0	0.0	0.0	1.493036	0.64448592	500.0	0.0	
835.0	0.9858	0.0	0.0142	0.0	0.0	0.0	0.0	0.0	0.0	1.490067	0.0	0.0	0.0	1.487089	0.64367212	500.0	0.0	
837.0	0.9896	0.0	0.0104	0.0	0.0	0.0	0.0	0.0	0.0	1.490048	0.0	0.0	0.0	1.482441	0.64258043	500.0	0.0	
839.0	0.988	0.0	0.012	0.0	0.0	0.0	0.0	0.0	0.0	1.490031	0.0	0.0	0.0	1.478596	0.64121104	500.0	0.0	
841.0	0.9866	0.0	0.0134	0.0	0.0	0.0	0.0	0.0	0.0	1.490013	0.0	0.0	0.0	1.474535	0.63970568	500.0	0.0	
843.0	0.988	0.0	0.012	0.0	0.0	0.0	0.0	0.0	0.0	1.49	0.0	0.0	0.0	1.469534	0.63832777	500.0	0.0	
845.0	0.9867	0.0	0.0133	0.0	0.0	0.0	0.0	0.0	0.0	1.49	0.0	0.0	0.0	1.463166	0.63739628	500.0	0.0	
847.0	0.9902	0.0	0.0098	0.0	0.0	0.0	0.0	0.0	0.0	1.49	0.0	0.0	0.0	1.456744	0.63689102	500.0	0.0	
849.0	0.9848	0.0	0.0152	0.0	0.0	0.0	0.0	0.0	0.0	1.49	0.0	0.0	0.0	1.451707	0.63627499	500.0	0.0	
851.0	0.9883	0.0	0.0117	0.0	0.0	0.0	0.0	0.0	0.0	1.49	0.0	0.0	0.0	1.44783	0.6354135	500.0	0.0	
853.0	0.9881	0.0	0.0119	0.0	0.0	0.0	0.0	0.0	0.0	1.489995	0.0	0.0	0.0	1.44466	0.6342993	500.0	0.0	
855.0	0.9891	0.0	0.0109	0.0	0.0	0.0	0.0	0.0	0.0	1.48998	0.0	0.0	0.0	1.441309	0.63304549	500.0	0.0	
857.0	0.9859	0.0	0.0141	0.0	0.0	0.0	0.0	0.0	0.0	1.489965	0.0	0.0	0.0	1.43706	0.63188622	500.0	0.0	
859.0	0.9886	0.0	0.0114	0.0	0.0	0.0	0.0	0.0	0.0	1.489947	0.0	0.0	0.0	1.431566	0.63111064	500.0	0.0	
861.0	0.9863	0.0	0.0137	0.0	0.0	0.0	0.0	0.0	0.0	1.489929	0.0	0.0	0.0	1.425815	0.63077603	500.0	0.0	
863.0	0.9888	0.0	0.0112	0.0	0.0	0.0	0.0	0.0	0.0	1.489911	0.0	0.0	0.0	1.421259	0.63040681	500.0	0.0	
865.0	0.9865	0.0	0.0135	0.0	0.0	0.0	0.0	0.0	0.0	1.489892	0.0	0.0	0.0	1.417823	0.62982747	500.0	0.0	
867.0	0.9888	0.0	0.0112	0.0	0.0	0.0	0.0	0.0	0.0	1.489874	0.0	0.0	0.0	1.415099	0.62901841	500.0	0.0	
869.0	0.9888	0.0	0.0112	0.0	0.0	0.0	0.0	0.0	0.0	1.489856	0.0	0.0	0.0	1.412376	0.62803851	500.0	0.0	
871.0	0.9877	0.0	0.0123	0.0	0.0	0.0	0.0	0.0	0.0	1.489837	0.0	0.0	0.0	1.408895	0.62708114	500.0	0.0	
873.0	0.9867	0.0	0.0133	0.0	0.0	0.0	0.0	0.0	0.0	1.489823	0.0	0.0	0.0	1.40427	0.6263846	500.0	0.0	
875.0	0.9863	0.0	0.0137	0.0	0.0	0.0	0.0	0.0	0.0	1.489811	0.0	0.0	0.0	1.398855	0.62616312	500.0	0.0	
877.0	0.9875	0.0	0.0125	0.0	0.0	0.0	0.0	0.0	0.0	1.4898	0.0	0.0	0.0	1.394218	0.62607524	500.0	0.0	
879.0	0.9894	0.0	0.0106	0.0	0.0	0.0	0.0	0.0	0.0	1.4898	0.0	0.0	0.0	1.390659	0.62583868	500.0	0.0	
881.0	0.9886	0.0	0.0114	0.0	0.0	0.0	0.0	0.0	0.0	1.4898	0.0	0.0	0.0	1.387905	0.62539592	500.0	0.0	
883.0	0.9905	0.0	0.0095	0.0	0.0	0.0	0.0	0.0	0.0	1.489798	0.0	0.0	0.0	1.385479	0.62475011	500.0	0.0	
885.0	0.9872	0.0	0.0128	0.0	0.0	0.0	0.0	0.0	0.0	1.489794	0.0	0.0	0.0	1.382638	0.62401338	500.0	0.0	
887.0	0.9888	0.0	0.0112	0.0	0.0	0.0	0.0	0.0	0.0	1.48979	0.0	0.0	0.0	1.378893	0.62337613	500.0	0.0	
889.0	0.9852	0.0	0.0148	0.0	0.0	0.0	0.0	0.0	0.0	1.489773	0.0	0.0	0.0	1.374075	0.62309594	500.0	0.0	
891.0	0.9874	0.0	0.0126	0.0	0.0	0.0	0.0	0.0	0.0	1.489754	0.0	0.0	0.0	1.369127	0.6231837	500.0	0.0	
893.0	0.989	0.0	0.011	0.0	0.0	0.0	0.0	0.0	0.0	1.489737	0.0	0.0	0.0	1.365126	0.62328632	500.0	0.0	
895.0	0.987	0.0	0.013	0.0	0.0	0.0	0.0	0.0	0.0	1.48972	0.0	0.0	0.0	1.362052	0.62323672	500.0	0.0	
897.0	0.9869	0.0	0.0131	0.0	0.0	0.0	0.0	0.0	0.0	1.489703	0.0	0.0	0.0	1.359584	0.6229973	500.0	0.0	
899.0	0.9893	0.0	0.0107	0.0	0.0	0.0	0.0	0.0	0.0	1.4897	0.0	0.0	0.0	1.357166	0.62258565	500.0	0.0	
901.0	0.9855	0.0	0.0145	0.0	0.0	0.0	0.0	0.0	0.0	1.4897	0.0	0.0	0.0	1.354192	0.62211358	500.0	0.0	
903.0	0.9883	0.0	0.0117	0.0	0.0	0.0	0.0	0.0	0.0	1.4897	0.0	0.0	0.0	1.350283	0.62175959	500.0	0.0	
905.0	0.9867	0.0	0.0133	0.0	0.0	0.0	0.0	0.0	0.0	1.4897	0.0	0.0	0.0	1.34538	0.62175968	500.0	0.0	
907.0	0.9849	0.0	0.0151	0.0	0.0	0.0	0.0	0.0	0.0	1.4897	0.0	0.0	0.0	1.340518	0.62206246	500.0	0.0	
909.0	0.9882	0.0	0.0118	0.0	0.0	0.0	0.0	0.0	0.0	1.489688	0.0	0.0	0.0	1.336568	0.62236617	500.0	0.0	
911.0	0.987	0.0	0.013	0.0	0.0	0.0	0.0	0.0	0.0	1.489671	0.0	0.0	0.0	1.333458	0.62253433	500.0	0.0	
913.0	0.9858	0.0	0.0142	0.0	0.0	0.0	0.0	0.0	0.0	1.489653	0.0	0.0	0.0	1.330874	0.62253231	500.0	0.0	
915.0	0.9871	0.0	0.0129	0.0	0.0	0.0	0.0	0.0	0.0	1.489635	0.0	0.0	0.0	1.328371	0.62236766	500.0	0.0	
917.0	0.9887	0.0	0.0113	0.0	0.0	0.0	0.0	0.0	0.0	1.489617	0.0	0.0	0.0	1.325372	0.62213168	500.0	0.0	
919.0	0.9889	0.0	0.0111	0.0	0.0	0.0	0.0	0.0	0.0	1.489598	0.0	0.0	0.0	1.321504	0.62198045	500.0	0.0	
921.0	0.9873	0.0	0.0127	0.0	0.0	0.0	0.0	0.0	0.0	1.48958	0.0	0.0	0.0	1.316668	0.62212749	500.0	0.0	
923.0	0.9878	0.0	0.0122	0.0	0.0	0.0	0.0	0.0	0.0	1.489562	0.0	0.0	0.0	1.311675	0.62258577	500.0	0.0	
925.0	0.987	0.0	0.013	0.0	0.0	0.0	0.0	0.0	0.0	1.489543	0.0	0.0	0.0	1.307394	0.62309948	500.0	0.0	
927.0	0.9864	0.0	0.0136	0.0	0.0	0.0	0.0	0.0	0.0	1.489525	0.0	0.0	0.0	1.303888	0.62350794	500.0	0.0	
929.0	0.9862	0.0	0.0138	0.0	0.0	0.0	0.0	0.0	0.0	1.489509	0.0	0.0	0.0	1.300916	0.62376191	500.0	0.0	
931.0	0.9869	0.0	0.0131	0.0	0.0	0.0	0.0	0.0	0.0	1.489506	0.0	0.0	0.0	1.2981	0.62385658	500.0	0.0	
933.0	0.9882	0.0	0.0118	0.0	0.0	0.0	0.0	0.0	0.0	1.489502	0.0	0.0	0.0	1.294976	0.62384066	500.0	0.0	
935.0	0.9878	0.0	0.0122	0.0	0.0	0.0	0.0	0.0	0.0	1.4895	0.0	0.0	0.0	1.291137	0.62383451	500.0	0.0	
937.0	0.9855	0.0	0.0145	0.0	0.0	0.0	0.0	0.0	0.0	1.4895	0.0	0.0	0.0	1.286364	0.62401886	500.0	0.0	
939.0	0.9873	0.0	0.0127	0.0	0.0	0.0	0.0	0.0	0.0	1.4895	0.0	0.0	0.0	1.281024	0.62452434	500.0	0.0	
941.0	0.9876	0.0	0.0124	0.0	0.0	0.0	0.0	0.0	0.0	1.489489	0.0	0.0	0.0	1.276067	0.62520054	500.0	0.0	
943.0	0.9849	0.0	0.0151	0.0	0.0	0.0	0.0	0.0	0.0	1.489475	0.0	0.0	0.0	1.271841	0.62584614	500.0	0.0	
945.0	0.9864	0.0	0.0136	0.0	0.0	0.0	0.0	0.0	0.0	1.48946	0.0	0.0	0.0	1.26823	0.62636914	500.0	0.0	
947.0	0.9872	0.0	0.0128	0.0	0.0	0.0	0.0	0.0	0.0	1.489442	0.0	0.0	0.0	1.264997	0.62673588	500.0	0.0	
949.0	0.9875	0.0	0.0125	0.0	0.0	0.0	0.0	0.0	0.0	1.489424	0.0	0.0	0.0	1.261751	0.62695466	500.0	0.0	
951.0	0.9863	0.0	0.0137	0.0	0.0	0.0	0.0	0.0	0.0	1.489411	0.0	0.0	0.0	1.258053	0.62709237	500.0	0.0	
953.0	0.9868	0.0	0.0132	0.0	0.0	0.0	0.0	0.0	0.0	1.489406	0.0	0.0	0.0	1.253583	0.62727442	500.0	0.0	
955.0	0.985	0.0	0.015	0.0	0.0	0.0	0.0	0.0	0.0	1.489401	0.0	0.0	0.0	1.248268	0.62767017	500.0	0.0	
957.0	0.9876	0.0	0.0124	0.0	0.0	0.0	0.0	0.0	0.0	1.4894	0.0	0.0	0.0	1.242627	0.62834582	500.0	0.0	
959.0	0.9857	0.0	0.0143	0.0	0.0	0.0	0.0	0.0	0.0	1.4894	0.0	0.0	0.0	1.23741	0.62914361	500.0	0.0	
961.0	0.9864	0.0	0.0136	0.0	0.0	0.0	0.0	0.0	0.0	1.4894	0.0	0.0	0.0	1.232847	0.62989745	500.0	0.0	
963.0	0.9863	0.0	0.0137	0.0	0.0	0.0	0.0	0.0	0.0	1.4894	0.0	0.0	0.0	1.228825	0.63053088	500.0	0.0	
965.0	0.9839	0.0	0.0161	0.0	0.0	0.0	0.0	0.0	0.0	1.4894	0.0	0.0	0.0	1.2251	0.63101772	500.0	0.0	
967.0	0.9873	0.0	0.0127	0.0	0.0	0.0	0.0	0.0	0.0	1.4894	0.0	0.0	0.0	1.221341	0.6313639	500.0	0.0	
969.0	0.9864	0.0	0.0136	0.0	0.0	0.0	0.0	0.0	0.0	1.4894	0.0	0.0	0.0	1.217182	0.63162485	500.0	0.0	
971.0	0.9856	0.0	0.0144	0.0	0.0	0.0	0.0	0.0	0.0	1.4894	0.0	0.0	0.0	1.212331	0.63191166	500.0	0.0	
973.0	0.9849	0.0	0.0151	0.0	0.0	0.0	0.0	0.0	0.0	1.489394	0.0	0.0	0.0	1.206722	0.63237391	500.0	0.0	
975.0	0.9852	0.0	0.0148	0.0	0.0	0.0	0.0	0.0	0.0	1.48938	0.0	0.0	0.0	1.200775	0.63308646	500.0	0.0	
977.0	0.9877	0.0	0.0123	0.0	0.0	0.0	0.0	0.0	0.0	1.489366	0.0	0.0	0.0	1.195133	0.63393896	500.0	0.0	
979.0	0.9845	0.0	0.0155	0.0	0.0	0.0	0.0	0.0	0.0	1.489349	0.0	0.0	0.0	1.190089	0.6347715	500.0	0.0	
981.0	0.987	0.0	0.013	0.0	0.0	0.0	0.0	0.0	0.0	1.489331	0.0	0.0	0.0	1.185576	0.63549751	500.0	0.0	
983.0	0.9842	0.0	0.0158	0.0	0.0	0.0	0.0	0.0	0.0	1.489313	0.0	0.0	0.0	1.181396	0.63608161	500.0	0.0	
985.0	0.9864	0.0	0.0136	0.0	0.0	0.0	0.0	0.0	0.0	1.489307	0.0	0.0	0.0	1.177263	0.63652358	500.0	0.0	
987.0	0.9852	0.0	0.0148	0.0	0.0	0.0	0.0	0.0	0.0	1.489303	0.0	0.0	0.0	1.172867	0.63685247	500.0	0.0	
989.0	0.9855	0.0	0.0145	0.0	0.0	0.0	0.0	0.0	0.0	1.4893	0.0	0.0	0.0	1.167925	0.63714961	500.0	0.0	
991.0	0.9858	0.0	0.0142	0.0	0.0	0.0	0.0	0.0	0.0	1.4893	0.0	0.0	0.0	1.16228	0.63754592	500.0	0.0	
993.0	0.9843	0.0	0.0157	0.0	0.0	0.0	0.0	0.0	0.0	1.4893	0.0	0.0	0.0	1.156097	0.63816063	500.0	0.0	
995.0	0.9871	0.0	0.0129	0.0	0.0	0.0	0.0	0.0	0.0	1.489297	0.0	0.0	0.0	1.149936	0.63897016	500.0	0.0	
997.0	0.9834	0.0	0.0166	0.0	0.0	0.0	0.0	0.0	0.0	1.489281	0.0	0.0	0.0	1.14426	0.63983026	500.0	0.0	
999.0	0.9836	0.0	0.0164	0.0	0.0	0.0	0.0	0.0	0.0	1.489265	0.0	0.0	0.0	1.13912	0.64063375	500.0	0.0	
1001.0	0.9852	0.0	0.0148	0.0	0.0	0.0	0.0	0.0	0.0	1.489248	0.0	0.0	0.0	1.134406	0.64131961	500.0	0.0	
1003.0	0.9864	0.0	0.0136	0.0	0.0	0.0	0.0	0.0	0.0	1.48923	0.0	0.0	0.0	1.12993	0.64186012	500.0	0.0	
1005.0	0.9863	0.0	0.0137	0.0	0.0	0.0	0.0	0.0	0.0	1.489212	0.0	0.0	0.0	1.125426	0.64225762	500.0	0.0	
1007.0	0.9831	0.0	0.0169	0.0	0.0	0.0	0.0	0.0	0.0	1.489201	0.0	0.0	0.0	1.120603	0.64255647	500.0	0.0	
1009.0	0.985	0.0	0.015	0.0	0.0	0.0	0.0	0.0	0.0	1.489201	0.0	0.0	0.0	1.115231	0.64284354	500.0	0.0	
1011.0	0.9862	0.0	0.0138	0.0	0.0	0.0	0.0	0.0	0.0	1.4892	0.0	0.0	0.0	1.109236	0.64323609	500.0	0.0	
1013.0	0.984	0.0	0.016	0.0	0.0	0.0	0.0	0.0	0.0	1.4892	0.0	0.0	0.0	1.102856	0.64382644	500.0	0.0	
1015.0	0.9831	0.0	0.0169	0.0	0.0	0.0	0.0	0.0	0.0	1.4892	0.0	0.0	0.0	1.096578	0.644579	500.0	0.0	
1017.0	0.9837	0.0	0.0163	0.0	0.0	0.0	0.0	0.0	0.0	1.4892	0.0	0.0	0.0	1.090739	0.64537506	500.0	0.0	
1019.0	0.9824	0.0	0.0176	0.0	0.0	0.0	0.0	0.0	0.0	1.4892	0.0	0.0	0.0	1.0854	0.64611544	500.0	0.0	
1021.0	0.9866	0.0	0.0134	0.0	0.0	0.0	0.0	0.0	0.0	1.4892	0.0	0.0	0.0	1.080457	0.64674567	500.0	0.0	
1023.0	0.9832	0.0	0.0168	0.0	0.0	0.0	0.0	0.0	0.0	1.4892	0.0	0.0	0.0	1.075739	0.64723977	500.0	0.0	
1025.0	0.986	0.0	0.014	0.0	0.0	0.0	0.0	0.0	0.0	1.489197	0.0	0.0	0.0	1.071036	0.64759244	500.0	0.0	
1027.0	0.9839	0.0	0.0161	0.0	0.0	0.0	0.0	0.0	0.0	1.489193	0.0	0.0	0.0	1.066099	0.64783453	500.0	0.0	
1029.0	0.9852	0.0	0.0148	0.0	0.0	0.0	0.0	0.0	0.0	1.489189	0.0	0.0	0.0	1.060714	0.64803614	500.0	0.0	
1031.0	0.9821	0.0	0.0179	0.0	0.0	0.0	0.0	0.0	0.0	1.489174	0.0	0.0	0.0	1.054805	0.64829433	500.0	0.0	
1033.0	0.9849	0.0	0.0151	0.0	0.0	0.0	0.0	0.0	0.0	1.489155	0.0	0.0	0.0	1.048497	0.64871207	500.0	0.0	
1035.0	0.9814	0.0	0.0186	0.0	0.0	0.0	0.0	0.0	0.0	1.489137	0.0	0.0	0.0	1.042179	0.64929413	500.0	0.0	
1037.0	0.9841	0.0	0.0159	0.0	0.0	0.0	0.0	0.0	0.0	1.489125	0.0	0.0	0.0	1.036203	0.64995358	500.0	0.0	
1039.0	0.9819	0.0	0.0181	0.0	0.0	0.0	0.0	0.0	0.0	1.489113	0.0	0.0	0.0	1.030689	0.65058897	500.0	0.0	
1041.0	0.9821	0.0	0.0179	0.0	0.0	0.0	0.0	0.0	0.0	1.489102	0.0	0.0	0.0	1.025591	0.65113525	500.0	0.0	
1043.0	0.9823	0.0	0.0177	0.0	0.0	0.0	0.0	0.0	0.0	1.4891	0.0	0.0	0.0	1.020776	0.65156397	500.0	0.0	
1045.0	0.9824	0.0	0.0176	0.0	0.0	0.0	0.0	0.0	0.0	1.4891	0.0	0.0	0.0	1.016076	0.65185581	500.0	0.0	
1047.0	0.9833	0.0	0.0167	0.0	0.0	0.0	0.0	0.0	0.0	1.4891	0.0	0.0	0.0	1.011287	0.65201943	500.0	0.0	
1049.0	0.9808	0.0	0.0192	0.0	0.0	0.0	0.0	0.0	0.0	1.4891	0.0	0.0	0.0	1.006213	0.65209584	500.0	0.0	
1051.0	0.9785	0.0	0.0215	0.0	0.0	0.0	0.0	0.0	0.0	1.4891	0.0	0.0	0.0	1.000702	0.65216293	500.0	0.0	
1053.0	0.9828	0.0	0.0172	0.0	0.0	0.0	0.0	0.0	0.0	1.4891	0.0	0.0	0.0	0.994742	0.65232	500.0	0.0	
1055.0	0.9797	0.0	0.0203	0.0	0.0	0.0	0.0	0.0	0.0	1.4891	0.0	0.0	0.0	0.988557	0.65263096	500.0	0.0	
1057.0	0.9826	0.0	0.0174	0.0	0.0	0.0	0.0	0.0	0.0	1.4891	0.0	0.0	0.0	0.98249	0.653072	500.0	0.0	
1059.0	0.9824	0.0	0.0176	0.0	0.0	0.0	0.0	0.0	0.0	1.4891	0.0	0.0	0.0	0.976786	0.65355943	500.0	0.0	
1061.0	0.9805	0.0	0.0195	0.0	0.0	0.0	0.0	0.0	0.0	1.489087	0.0	0.0	0.0	0.971525	0.65400263	500.0	0.0	
1063.0	0.9813	0.0	0.0187	0.0	0.0	0.0	0.0	0.0	0.0	1.489071	0.0	0.0	0.0	0.966635	0.65435635	500.0	0.0	
1065.0	0.9852	0.0	0.0148	0.0	0.0	0.0	0.0	0.0	0.0	1.489055	0.0	0.0	0.0	0.961999	0.65459155	500.0	0.0	
1067.0	0.9803	0.0	0.0197	0.0	0.0	0.0	0.0	0.0	0.0	1.489039	0.0	0.0	0.0	0.957469	0.65469393	500.0	0.0	
1069.0	0.9819	0.0	0.0181	0.0	0.0	0.0	0.0	0.0	0.0	1.489021	0.0	0.0	0.0	0.952864	0.65467225	500.0	0.0	
1071.0	0.9818	0.0	0.0182	0.0	0.0	0.0	0.0	0.0	0.0	1.489004	0.0	0.0	0.0	0.94801	0.65456255	500.0	0.0	
1073.0	0.9808	0.0	0.0192	0.0	0.0	0.0	0.0	0.0	0.0	1.489	0.0	0.0	0.0	0.942775	0.65444232	500.0	0.0	
1075.0	0.9786	0.0	0.0214	0.0	0.0	0.0	0.0	0.0	0.0	1.489	0.0	0.0	0.0	0.937155	0.6543921	500.0	0.0	
1077.0	0.9787	0.0	0.0213	0.0	0.0	0.0	0.0	0.0	0.0	1.489	0.0	0.0	0.0	0.931324	0.65447159	500.0	0.0	
1079.0	0.9807	0.0	0.0193	0.0	0.0	0.0	0.0	0.0	0.0	1.489	0.0	0.0	0.0	0.925572	0.65467389	500.0	0.0	
1081.0	0.9809	0.0	0.0191	0.0	0.0	0.0	0.0	0.0	0.0	1.489	0.0	0.0	0.0	0.920126	0.65493488	500.0	0.0	
1083.0	0.9794	0.0	0.0206	0.0	0.0	0.0	0.0	0.0	0.0	1.489	0.0	0.0	0.0	0.915069	0.65518163	500.0	0.0	
1085.0	0.9822	0.0	0.0178	0.0	0.0	0.0	0.0	0.0	0.0	1.489	0.0	0.0	0.0	0.910374	0.65535995	500.0	0.0	
1087.0	0.9773	0.0	0.0227	0.0	0.0	0.0	0.0	0.0	0.0	1.489	0.0	0.0	0.0	0.905953	0.65543653	500.0	0.0	
1089.0	0.9838	0.0	0.0162	0.0	0.0	0.0	0.0	0.0	0.0	1.489	0.0	0.0	0.0	0.90168	0.65539407	500.0	0.0	
1091.0	0.979	0.0	0.021	0.0	0.0	0.0	0.0	0.0	0.0	1.488997	0.0	0.0	0.0	0.897415	0.65522838	500.0	0.0	
1093.0	0.9793	0.0	0.0207	0.0	0.0	0.0	0.0	0.0	0.0	1.48899	0.0	0.0	0.0	0.893009	0.65495855	500.0	0.0	
1095.0	0.9796	0.0	0.0204	0.0	0.0	0.0	0.0	0.0	0.0	1.488982	0.0	0.0	0.0	0.888325	0.65463326	500.0	0.0	
1097.0	0.9773	0.0	0.0227	0.0	0.0	0.0	0.0	0.0	0.0	1.488972	0.0	0.0	0.0	0.883305	0.65431937	500.0	0.0	
1099.0	0.9805	0.0	0.0195	0.0	0.0	0.0	0.0	0.0	0.0	1.488954	0.0	0.0	0.0	0.878017	0.65408729	500.0	0.0	
1101.0	0.98	0.0	0.02	0.0	0.0	0.0	0.0	0.0	0.0	1.488936	0.0	0.0	0.0	0.872652	0.65397814	500.0	0.0	
1103.0	0.9786	0.0	0.0214	0.0	0.0	0.0	0.0	0.0	0.0	1.488921	0.0	0.0	0.0	0.867445	0.65396893	500.0	0.0	
1105.0	0.9801	0.0	0.0199	0.0	0.0	0.0	0.0	0.0	0.0	1.488914	0.0	0.0	0.0	0.862551	0.6540031	500.0	0.0	
1107.0	0.9808	0.0	0.0192	0.0	0.0	0.0	0.0	0.0	0.0	1.488907	0.0	0.0	0.0	0.85801	0.65401232	500.0	0.0	
1109.0	0.9797	0.0	0.0203	0.0	0.0	0.0	0.0	0.0	0.0	1.4889	0.0	0.0	0.0	0.853782	0.65395109	500.0	0.0	
1111.0	0.9783	0.0	0.0217	0.0	0.0	0.0	0.0	0.0	0.0	1.4889	0.0	0.0	0.0	0.849783	0.65379511	500.0	0.0	
1113.0	0.9783	0.0	0.0217	0.0	0.0	0.0	0.0	0.0	0.0	1.4889	0.0	0.0	0.0	0.845905	0.65352437	500.0	0.0	
1115.0	0.9796	0.0	0.0204	0.0	0.0	0.0	0.0	0.0	0.0	1.4889	0.0	0.0	0.0	0.84202	0.65313851	500.0	0.0	
1117.0	0.9781	0.0	0.0219	0.0	0.0	0.0	0.0	0.0	0.0	1.4889	0.0	0.0	0.0	0.838005	0.65265575	500.0	0.0	
1119.0	0.9796	0.0	0.0204	0.0	0.0	0.0	0.0	0.0	0.0	1.4889	0.0	0.0	0.0	0.833749	0.65211733	500.0	0.0	
1121.0	0.9782	0.0	0.0218	0.0	0.0	0.0	0.0	0.0	0.0	1.4889	0.0	0.0	0.0	0.829202	0.65158528	500.0	0.0	
1123.0	0.9765	0.0	0.0235	0.0	0.0	0.0	0.0	0.0	0.0	1.4889	0.0	0.0	0.0	0.824417	0.65112577	500.0	0.0	
1125.0	0.9768	0.0	0.0232	0.0	0.0	0.0	0.0	0.0	0.0	1.4889	0.0	0.0	0.0	0.819551	0.65077776	500.0	0.0	
1127.0	0.9804	0.0	0.0196	0.0	0.0	0.0	0.0	0.0	0.0	1.4889	0.0	0.0	0.0	0.814799	0.65053217	500.0	0.0	
1129.0	0.9753	0.0	0.0247	0.0	0.0	0.0	0.0	0.0	0.0	1.4889	0.0	0.0	0.0	0.810308	0.65034311	500.0	0.0	
1131.0	0.9782	0.0	0.0218	0.0	0.0	0.0	0.0	0.0	0.0	1.4889	0.0	0.0	0.0	0.806132	0.6501554	500.0	0.0	
1133.0	0.9817	0.0	0.0183	0.0	0.0	0.0	0.0	0.0	0.0	1.4889	0.0	0.0	0.0	0.80225	0.64992257	500.0	0.0	
1135.0	0.9791	0.0004	0.0205	0.0	0.0	0.0	0.0	0.0	0.0004	1.488899	0.0	0.0	0.0	0.798602	0.64961032	500.0	0.0	
1137.0	0.9754	0.0027	0.0219	0.0	0.0	0.0	0.0	0.0	0.0027	1.488893	0.0	0.0	1e-06	0.795106	0.6491947	500.0	0.0	
1139.0	0.9762	0.0033	0.0206	0.0	0.0	0.0	0.0	0.0	0.0033	1.488887	0.0	0.0	1e-06	0.791655	0.64867013	500.0	1e-06	
1141.0	0.9729	0.0062	0.0209	0.0	0.0	0.0	0.0	0.0	0.0062	1.488882	0.0	0.0	2e-06	0.788138	0.64804215	500.0	1e-06	
1143.0	0.9706	0.0112	0.0183	0.0	0.0	0.0	0.0	0.0	0.0112	1.488865	0.0	0.0	3e-06	0.784465	0.64732568	500.0	2e-06	
1145.0	0.9604	0.0237	0.0159	0.0	0.0	0.0	0.0	0.0	0.0237	1.488847	1e-06	0.0	5e-06	0.780553	0.64657226	500.0	6e-06	
1147.0	0.9274	0.0662	0.0063	0.0	0.0	0.0	0.0	0.0	0.0662	1.488829	1e-06	3.4e-05	7e-06	0.776365	0.64584603	500.0	8e-06	
1149.0	0.9541	0.0349	0.011	0.0	0.0	0.0	0.0	0.0	0.0349	1.488819	1e-06	0.0	9e-06	0.772081	0.64519875	500.0	1e-05	
1151.0	0.9539	0.0346	0.0114	0.0	0.0	0.0	0.0	0.0	0.0346	1.488812	1e-06	0.0	1e-05	0.767749	0.64466038	500.0	1.2e-05	
1153.0	0.95	0.0409	0.0091	0.0	0.0	0.0	0.0	0.0	0.0409	1.488804	2e-06	0.0	1.2e-05	0.763562	0.64421189	500.0	1.5e-05	
1155.0	0.9404	0.0504	0.0092	0.0	0.0	0.0	0.0	0.0	0.0504	1.4888	2e-06	0.0	1.4e-05	0.759618	0.64381516	500.0	1.7e-05	
1157.0	0.9354	0.0568	0.0078	0.0	0.0	0.0	0.0	0.0	0.0568	1.4888	2e-06	6e-06	1.6e-05	0.755944	0.64342501	500.0	1.9e-05	
1159.0	0.931	0.0617	0.0073	0.0	0.0	0.0	0.0	0.0	0.0617	1.4888	3e-06	1e-06	1.8e-05	0.752533	0.64299677	500.0	2.2e-05	
1161.0	0.9264	0.0666	0.007	0.0	0.0	0.0	0.0	0.0	0.0666	1.4888	3e-06	1e-06	2e-05	0.749313	0.6425011	500.0	2.4e-05	
1163.0	0.9215	0.0729	0.0057	0.0	0.0	0.0	0.0	0.0	0.0729	1.4888	3e-06	3e-06	2.4e-05	0.746214	0.64191694	500.0	2.9e-05	
1165.0	0.9194	0.0765	0.004	0.0	0.0	0.0	0.0	0.0	0.0765	1.4888	4e-06	1e-06	2.7e-05	0.743153	0.64123404	500.0	3.3e-05	
1167.0	0.9138	0.083	0.0033	0.0	0.0	0.0	0.0	0.0	0.083	1.4888	4e-06	1e-06	3.1e-05	0.740032	0.64045531	500.0	3.7e-05	
1169.0	0.9109	0.0861	0.003	0.0	0.0	0.0	0.0	0.0	0.0862	1.4888	5e-06	0.0	3.4e-05	0.736772	0.63959882	500.0	4.2e-05	
1171.0	0.9031	0.094	0.0029	0.0	0.0	0.0	0.0	0.0	0.094	1.4888	5e-06	1e-06	3.7e-05	0.733308	0.63870055	500.0	4.6e-05	
1173.0	0.9037	0.0924	0.0039	0.0	0.0	0.0	0.0	0.0	0.0924	1.4888	6e-06	1e-06	4e-05	0.729632	0.63780998	500.0	5e-05	
1175.0	0.9033	0.095	0.0017	0.0	0.0	0.0	0.0	0.0	0.095	1.4888	6e-06	1e-06	4.3e-05	0.725799	0.63697849	500.0	5.3e-05	
1177.0	0.8938	0.1038	0.0024	0.0	0.0	0.0	0.0	0.0	0.1038	1.4888	7e-06	0.0	4.5e-05	0.721925	0.63623932	500.0	5.6e-05	
1179.0	0.8967	0.1015	0.0017	0.0	0.0	0.0	0.0	0.0	0.1015	1.4888	7e-06	1e-06	4.7e-05	0.718139	0.63559491	500.0	5.8e-05	
1181.0	0.8937	0.1049	0.0014	0.0	0.0	0.0	0.0	0.0	0.1049	1.4888	7e-06	0.0	5e-05	0.714544	0.63502032	500.0	6.1e-05	
1183.0	0.8933	0.1053	0.0014	0.0	0.0	0.0	0.0	0.0	0.1053	1.4888	7e-06	1e-06	5e-05	0.711188	0.6344782	500.0	6e-05	
1185.0	0.8902	0.1072	0.0026	0.0	0.0	0.0	0.0	0.0	0.1072	1.4888	7e-06	0.0	5e-05	0.708068	0.63392824	500.0	6e-05	
1187.0	0.8905	0.1073	0.0022	0.0	0.0	0.0	0.0	0.0	0.1073	1.4888	7e-06	1e-06	4.9e-05	0.705144	0.63333716	500.0	6.1e-05	
1189.0	0.8918	0.1053	0.0029	0.0	0.0	0.0	0.0	0.0	0.1053	1.4888	7e-06	1e-06	4.8e-05	0.702365	0.6326791	500.0	5.9e-05	
1191.0	0.8909	0.1062	0.0029	0.0	0.0	0.0	0.0	0.0	0.1062	1.4888	7e-06	1e-06	4.6e-05	0.699659	0.63193628	500.0	5.7e-05	
1193.0	0.9027	0.0953	0.002	0.0	0.0	0.0	0.0	0.0	0.0953	1.4888	6e-06	0.0	4.4e-05	0.696948	0.63110027	500.0	5.5e-05	
1195.0	0.9013	0.096	0.0027	0.0	0.0	0.0	0.0	0.0	0.0961	1.488797	6e-06	0.0	4.2e-05	0.694161	0.63017289	500.0	5.3e-05	
1197.0	0.9105	0.0865	0.003	0.0	0.0	0.0	0.0	0.0	0.0865	1.488781	6e-06	1e-06	3.8e-05	0.691241	0.62916736	500.0	4.8e-05	
1199.0	0.9065	0.0906	0.003	0.0	0.0	0.0	0.0	0.0	0.0906	1.488766	5e-06	0.0	3.5e-05	0.688138	0.62812491	500.0	4.4e-05	
1201.0	0.9127	0.0834	0.0039	0.0	0.0	0.0	0.0	0.0	0.0834	1.48875	5e-06	0.0	3.1e-05	0.68485	0.62709172	500.0	3.9e-05	
1203.0	0.9237	0.0713	0.005	0.0	0.0	0.0	0.0	0.0	0.0713	1.488736	4e-06	0.0	2.7e-05	0.681441	0.6261144	500.0	3.5e-05	
1205.0	0.9206	0.0737	0.0057	0.0	0.0	0.0	0.0	0.0	0.0737	1.488722	4e-06	2e-06	2.4e-05	0.677999	0.62522453	500.0	3e-05	
1207.0	0.9282	0.0644	0.0074	0.0	0.0	0.0	0.0	0.0	0.0644	1.488709	3e-06	0.0	2.1e-05	0.674647	0.62442676	500.0	2.6e-05	
1209.0	0.9347	0.0568	0.0085	0.0	0.0	0.0	0.0	0.0	0.0568	1.4887	3e-06	0.0	1.7e-05	0.67145	0.62370876	500.0	2.2e-05	
1211.0	0.9346	0.0556	0.0098	0.0	0.0	0.0	0.0	0.0	0.0556	1.4887	2e-06	1e-06	1.5e-05	0.668445	0.62304225	500.0	1.9e-05	
1213.0	0.9364	0.0536	0.0099	0.0	0.0	0.0	0.0	0.0	0.0537	1.4887	2e-06	4e-06	1.3e-05	0.665643	0.62238787	500.0	1.6e-05	
1215.0	0.9513	0.0373	0.0114	0.0	0.0	0.0	0.0	0.0	0.0373	1.4887	2e-06	0.0	1.1e-05	0.663028	0.62171276	500.0	1.3e-05	
1217.0	0.9516	0.0356	0.0128	0.0	0.0	0.0	0.0	0.0	0.0356	1.4887	1e-06	0.0	9e-06	0.660538	0.62099146	500.0	1.1e-05	
1219.0	0.9449	0.042	0.0131	0.0	0.0	0.0	0.0	0.0	0.042	1.4887	1e-06	7e-06	7e-06	0.658116	0.62020339	500.0	9e-06	
1221.0	0.9599	0.0238	0.0162	0.0	0.0	0.0	0.0	0.0	0.0238	1.4887	1e-06	0.0	5e-06	0.65572	0.61933198	500.0	7e-06	
1223.0	0.9282	0.0644	0.0074	0.0	0.0	0.0	0.0	0.0	0.0644	1.4887	1e-06	3.1e-05	4e-06	0.653231	0.61837989	500.0	5e-06	
1225.0	0.9717	0.0075	0.0208	0.0	0.0	0.0	0.0	0.0	0.0075	1.4887	0.0	0.0	3e-06	0.650697	0.61734258	500.0	1e-06	
1227.0	0.9723	0.0051	0.0226	0.0	0.0	0.0	0.0	0.0	0.0051	1.4887	0.0	0.0	1e-06	0.647975	0.61625157	500.0	1e-06	
1229.0	0.9727	0.0002	0.0271	0.0	0.0	0.0	0.0	0.0	0.0002	1.4887	0.0	0.0	0.0	0.645087	0.61513844	500.0	0.0	
1231.0	0.9771	0.0	0.0229	0.0	0.0	0.0	0.0	0.0	0.0	1.4887	0.0	0.0	0.0	0.642063	0.61404433	500.0	0.0	
1233.0	0.977	0.0	0.023	0.0	0.0	0.0	0.0	0.0	0.0	1.4887	0.0	0.0	0.0	0.638966	0.61300685	500.0	0.0	
1235.0	0.9729	0.0	0.0271	0.0	0.0	0.0	0.0	0.0	0.0	1.4887	0.0	0.0	0.0	0.635882	0.61204894	500.0	0.0	
1237.0	0.9727	0.0	0.0273	0.0	0.0	0.0	0.0	0.0	0.0	1.4887	0.0	0.0	0.0	0.632895	0.61117376	500.0	0.0	
1239.0	0.9743	0.0	0.0257	0.0	0.0	0.0	0.0	0.0	0.0	1.4887	0.0	0.0	0.0	0.630061	0.61036731	500.0	0.0	
1241.0	0.9762	0.0	0.0238	0.0	0.0	0.0	0.0	0.0	0.0	1.4887	0.0	0.0	0.0	0.627402	0.60960531	500.0	0.0	
1243.0	0.9758	0.0	0.0242	0.0	0.0	0.0	0.0	0.0	0.0	1.4887	0.0	0.0	0.0	0.624913	0.60885998	500.0	0.0	
1245.0	0.9738	0.0	0.0262	0.0	0.0	0.0	0.0	0.0	0.0	1.4887	0.0	0.0	0.0	0.622571	0.60810432	500.0	0.0	
1247.0	0.9766	0.0	0.0234	0.0	0.0	0.0	0.0	0.0	0.0	1.4887	0.0	0.0	0.0	0.620334	0.60731438	500.0	0.0	
1249.0	0.9765	0.0	0.0235	0.0	0.0	0.0	0.0	0.0	0.0	1.4887	0.0	0.0	0.0	0.618155	0.6064705	500.0	0.0	
1251.0	0.9772	0.0	0.0228	0.0	0.0	0.0	0.0	0.0	0.0	1.488697	0.0	0.0	0.0	0.615986	0.6055574	500.0	0.0	
1253.0	0.9748	0.0	0.0252	0.0	0.0	0.0	0.0	0.0	0.0	1.488682	0.0	0.0	0.0	0.613784	0.60456563	500.0	0.0	
1255.0	0.972	0.0	0.028	0.0	0.0	0.0	0.0	0.0	0.0	1.488667	0.0	0.0	0.0	0.611487	0.60350259	500.0	0.0	
1257.0	0.975	0.0	0.025	0.0	0.0	0.0	0.0	0.0	0.0	1.488653	0.0	0.0	0.0	0.609059	0.60238307	500.0	0.0	
1259.0	0.9748	0.0	0.0252	0.0	0.0	0.0	0.0	0.0	0.0	1.488639	0.0	0.0	0.0	0.606488	0.60123366	500.0	0.0	
1261.0	0.9732	0.0	0.0268	0.0	0.0	0.0	0.0	0.0	0.0	1.488626	0.0	0.0	0.0	0.60379	0.60008851	500.0	0.0	
1263.0	0.9753	0.0	0.0247	0.0	0.0	0.0	0.0	0.0	0.0	1.488613	0.0	0.0	0.0	0.601014	0.59898234	500.0	0.0	
1265.0	0.9742	0.0	0.0258	0.0	0.0	0.0	0.0	0.0	0.0	1.4886	0.0	0.0	0.0	0.598225	0.59794191	500.0	0.0	
1267.0	0.9728	0.0	0.0272	0.0	0.0	0.0	0.0	0.0	0.0	1.4886	0.0	0.0	0.0	0.595479	0.59698294	500.0	0.0	
1269.0	0.9749	0.0	0.0251	0.0	0.0	0.0	0.0	0.0	0.0	1.4886	0.0	0.0	0.0	0.592846	0.59609726	500.0	0.0	
1271.0	0.9763	0.0	0.0237	0.0	0.0	0.0	0.0	0.0	0.0	1.4886	0.0	0.0	0.0	0.590356	0.59526929	500.0	0.0	
1273.0	0.9772	0.0	0.0228	0.0	0.0	0.0	0.0	0.0	0.0	1.4886	0.0	0.0	0.0	0.588016	0.59447682	500.0	0.0	
1275.0	0.9743	0.0	0.0257	0.0	0.0	0.0	0.0	0.0	0.0	1.4886	0.0	0.0	0.0	0.585815	0.59369551	500.0	0.0	
1277.0	0.9723	0.0	0.0277	0.0	0.0	0.0	0.0	0.0	0.0	1.4886	0.0	0.0	0.0	0.583724	0.59290178	500.0	0.0	
1279.0	0.9738	0.0	0.0262	0.0	0.0	0.0	0.0	0.0	0.0	1.4886	0.0	0.0	0.0	0.581709	0.59207445	500.0	0.0	
1281.0	0.9751	0.0	0.0249	0.0	0.0	0.0	0.0	0.0	0.0	1.4886	0.0	0.0	0.0	0.579727	0.59119598	500.0	0.0	
1283.0	0.9757	0.0	0.0243	0.0	0.0	0.0	0.0	0.0	0.0	1.4886	0.0	0.0	0.0	0.577735	0.59025387	500.0	0.0	
1285.0	0.9744	0.0	0.0256	0.0	0.0	0.0	0.0	0.0	0.0	1.4886	0.0	0.0	0.0	0.57569	0.58924232	500.0	0.0	
1287.0	0.9724	0.0	0.0276	0.0	0.0	0.0	0.0	0.0	0.0	1.4886	0.0	0.0	0.0	0.573553	0.58816409	500.0	0.0	
1289.0	0.9744	0.0	0.0256	0.0	0.0	0.0	0.0	0.0	0.0	1.4886	0.0	0.0	0.0	0.571301	0.58703191	500.0	0.0	
1291.0	0.9719	0.0	0.0281	0.0	0.0	0.0	0.0	0.0	0.0	1.4886	0.0	0.0	0.0	0.568926	0.58586842	500.0	0.0	
1293.0	0.974	0.0	0.026	0.0	0.0	0.0	0.0	0.0	0.0	1.4886	0.0	0.0	0.0	0.566443	0.58470343	500.0	0.0	
1295.0	0.9722	0.0	0.0278	0.0	0.0	0.0	0.0	0.0	0.0	1.4886	0.0	0.0	0.0	0.563892	0.58356835	500.0	0.0	
1297.0	0.9754	0.0	0.0246	0.0	0.0	0.0	0.0	0.0	0.0	1.4886	0.0	0.0	0.0	0.561325	0.58248937	500.0	0.0	
1299.0	0.9737	0.0	0.0263	0.0	0.0	0.0	0.0	0.0	0.0	1.4886	0.0	0.0	0.0	0.558798	0.58148196	500.0	0.0	
1301.0	0.9747	0.0	0.0253	0.0	0.0	0.0	0.0	0.0	0.0	1.4886	0.0	0.0	0.0	0.556357	0.58054873	500.0	0.0	
1303.0	0.9732	0.0	0.0268	0.0	0.0	0.0	0.0	0.0	0.0	1.4886	0.0	0.0	0.0	0.554034	0.579681	500.0	0.0	
1305.0	0.9748	0.0	0.0252	0.0	0.0	0.0	0.0	0.0	0.0	1.4886	0.0	0.0	0.0	0.551839	0.57886236	500.0	0.0	
1307.0	0.9735	0.0	0.0265	0.0	0.0	0.0	0.0	0.0	0.0	1.4886	0.0	0.0	0.0	0.549767	0.57807237	500.0	0.0	
1309.0	0.9745	0.0	0.0255	0.0	0.0	0.0	0.0	0.0	0.0	1.4886	0.0	0.0	0.0	0.547799	0.57728937	500.0	0.0	
1311.0	0.973	0.0	0.027	0.0	0.0	0.0	0.0	0.0	0.0	1.4886	0.0	0.0	0.0	0.545911	0.57649233	500.0	0.0	
1313.0	0.9723	0.0	0.0277	0.0	0.0	0.0	0.0	0.0	0.0	1.4886	0.0	0.0	0.0	0.544069	0.5756624	500.0	0.0	
1315.0	0.9759	0.0	0.0241	0.0	0.0	0.0	0.0	0.0	0.0	1.4886	0.0	0.0	0.0	0.542237	0.57478388	500.0	0.0	
1317.0	0.975	0.0	0.025	0.0	0.0	0.0	0.0	0.0	0.0	1.4886	0.0	0.0	0.0	0.540379	0.57384566	500.0	0.0	
1319.0	0.9738	0.0	0.0262	0.0	0.0	0.0	0.0	0.0	0.0	1.4886	0.0	0.0	0.0	0.538464	0.57284277	500.0	0.0	
1321.0	0.9719	0.0	0.0281	0.0	0.0	0.0	0.0	0.0	0.0	1.4886	0.0	0.0	0.0	0.536462	0.57177802	500.0	0.0	
1323.0	0.9733	0.0	0.0267	0.0	0.0	0.0	0.0	0.0	0.0	1.4886	0.0	0.0	0.0	0.534357	0.5706629	500.0	0.0	
1325.0	0.9735	0.0001	0.0264	0.0	0.0	0.0	0.0	0.0	0.0001	1.488599	0.0	0.0	0.0	0.532151	0.56951729	500.0	0.0	
1327.0	0.972	0.0004	0.0276	0.0	0.0	0.0	0.0	0.0	0.0004	1.488597	0.0	0.0	0.0	0.529861	0.56836707	500.0	0.0	
1329.0	0.9726	0.0004	0.027	0.0	0.0	0.0	0.0	0.0	0.0004	1.488594	0.0	0.0	0.0	0.527516	0.56723975	500.0	0.0	
1331.0	0.9731	0.001	0.026	0.0	0.0	0.0	0.0	0.0	0.001	1.488592	0.0	0.0	0.0	0.525159	0.56615914	500.0	0.0	
1333.0	0.9688	0.004	0.0272	0.0	0.0	0.0	0.0	0.0	0.004	1.488581	0.0	0.0	1e-06	0.52285	0.56514165	500.0	0.0	
1335.0	0.9688	0.0042	0.0269	0.0	0.0	0.0	0.0	0.0	0.0042	1.488563	0.0	0.0	2e-06	0.520622	0.56419311	500.0	1e-06	
1337.0	0.965	0.0091	0.0259	0.0	0.0	0.0	0.0	0.0	0.0091	1.488545	0.0	0.0	2e-06	0.51849	0.5633091	500.0	1e-06	
1339.0	0.9646	0.0147	0.0207	0.0	0.0	0.0	0.0	0.0	0.0147	1.488527	1e-06	0.0	3e-06	0.516462	0.56247657	500.0	4e-06	
1341.0	0.9565	0.0227	0.0208	0.0	0.0	0.0	0.0	0.0	0.0227	1.488519	1e-06	0.0	5e-06	0.514526	0.56167983	500.0	6e-06	
1343.0	0.9427	0.042	0.0153	0.0	0.0	0.0	0.0	0.0	0.042	1.488513	1e-06	8e-06	7e-06	0.512671	0.56090273	500.0	8e-06	
1345.0	0.9439	0.0357	0.0204	0.0	0.0	0.0	0.0	0.0	0.0357	1.488507	2e-06	0.0	9e-06	0.510906	0.56012099	500.0	1e-05	
1347.0	0.9427	0.0427	0.0146	0.0	0.0	0.0	0.0	0.0	0.0427	1.4885	2e-06	0.0	1.1e-05	0.509182	0.55932325	500.0	1.3e-05	
1349.0	0.9378	0.0508	0.0114	0.0	0.0	0.0	0.0	0.0	0.0508	1.4885	2e-06	2e-06	1.4e-05	0.507464	0.55849087	500.0	1.6e-05	
1351.0	0.9306	0.0572	0.0122	0.0	0.0	0.0	0.0	0.0	0.0572	1.4885	3e-06	0.0	1.7e-05	0.505745	0.55761046	500.0	1.9e-05	
1353.0	0.9265	0.0645	0.0089	0.0	0.0	0.0	0.0	0.0	0.0645	1.4885	3e-06	1e-06	2e-05	0.503982	0.55667767	500.0	2.2e-05	
1355.0	0.9249	0.0683	0.0068	0.0	0.0	0.0	0.0	0.0	0.0683	1.4885	4e-06	0.0	2.3e-05	0.502165	0.5556863	500.0	2.6e-05	
1357.0	0.9107	0.0818	0.0075	0.0	0.0	0.0	0.0	0.0	0.0818	1.4885	4e-06	0.0	2.6e-05	0.500265	0.55464333	500.0	3e-05	
1359.0	0.9158	0.0782	0.0061	0.0	0.0	0.0	0.0	0.0	0.0782	1.4885	5e-06	0.0	3e-05	0.498277	0.55355989	500.0	3.4e-05	
1361.0	0.905	0.0901	0.0049	0.0	0.0	0.0	0.0	0.0	0.0901	1.4885	6e-06	0.0	3.3e-05	0.496207	0.55245395	500.0	3.7e-05	
1363.0	0.9036	0.092	0.0044	0.0	0.0	0.0	0.0	0.0	0.092	1.4885	6e-06	0.0	3.7e-05	0.494073	0.55134857	500.0	4.1e-05	
1365.0	0.8992	0.0953	0.0055	0.0	0.0	0.0	0.0	0.0	0.0953	1.4885	7e-06	0.0	3.9e-05	0.491901	0.55026818	500.0	4.4e-05	
1367.0	0.8978	0.0986	0.0036	0.0	0.0	0.0	0.0	0.0	0.0987	1.4885	7e-06	0.0	4.2e-05	0.489727	0.54923183	500.0	4.6e-05	
1369.0	0.8936	0.1037	0.0027	0.0	0.0	0.0	0.0	0.0	0.1038	1.4885	7e-06	0.0	4.4e-05	0.487583	0.54825402	500.0	4.9e-05	
1371.0	0.8952	0.1006	0.0042	0.0	0.0	0.0	0.0	0.0	0.1006	1.4885	8e-06	0.0	4.7e-05	0.4855	0.54733982	500.0	5.1e-05	
1373.0	0.8876	0.1093	0.0031	0.0	0.0	0.0	0.0	0.0	0.1093	1.4885	8e-06	0.0	4.9e-05	0.483497	0.54648715	500.0	5.3e-05	
1375.0	0.8922	0.1053	0.0025	0.0	0.0	0.0	0.0	0.0	0.1053	1.4885	8e-06	0.0	5e-05	0.481584	0.54568596	500.0	5.4e-05	
1377.0	0.8874	0.1094	0.0032	0.0	0.0	0.0	0.0	0.0	0.1094	1.4885	9e-06	0.0	5.2e-05	0.479759	0.54492284	500.0	5.6e-05	
1379.0	0.8853	0.1118	0.0029	0.0	0.0	0.0	0.0	0.0	0.1118	1.4885	9e-06	0.0	5.3e-05	0.478015	0.54418147	500.0	5.7e-05	
1381.0	0.8809	0.116	0.0031	0.0	0.0	0.0	0.0	0.0	0.1161	1.4885	9e-06	0.0	5.4e-05	0.476338	0.54344525	500.0	5.8e-05	
1383.0	0.8818	0.1153	0.0029	0.0	0.0	0.0	0.0	0.0	0.1153	1.4885	9e-06	0.0	5.5e-05	0.474706	0.54269716	500.0	5.8e-05	
1385.0	0.8902	0.1074	0.0024	0.0	0.0	0.0	0.0	0.0	0.1074	1.4885	9e-06	0.0	5.5e-05	0.4731	0.54192175	500.0	5.9e-05	
1387.0	0.881	0.1154	0.0037	0.0	0.0	0.0	0.0	0.0	0.1154	1.4885	9e-06	0.0	5.6e-05	0.471495	0.54110643	500.0	5.9e-05	
1389.0	0.889	0.1079	0.0031	0.0	0.0	0.0	0.0	0.0	0.1079	1.4885	9e-06	0.0	5.5e-05	0.46987	0.54024219	500.0	5.9e-05	
1391.0	0.8825	0.1146	0.0029	0.0	0.0	0.0	0.0	0.0	0.1146	1.4885	9e-06	0.0	5.5e-05	0.468203	0.53932347	500.0	5.9e-05	
1393.0	0.8796	0.1166	0.0037	0.0	0.0	0.0	0.0	0.0	0.1166	1.4885	9e-06	0.0	5.5e-05	0.466477	0.53835072	500.0	5.8e-05	
1395.0	0.8841	0.1136	0.0022	0.0	0.0	0.0	0.0	0.0	0.1137	1.4885	9e-06	0.0	5.5e-05	0.464682	0.53733048	500.0	5.8e-05	
1397.0	0.8848	0.113	0.0022	0.0	0.0	0.0	0.0	0.0	0.113	1.4885	9e-06	0.0	5.5e-05	0.462815	0.5362755	500.0	5.8e-05	
1399.0	0.885	0.1123	0.0027	0.0	0.0	0.0	0.0	0.0	0.1123	1.4885	9e-06	0.0	5.5e-05	0.460885	0.53520399	500.0	5.7e-05	
1401.0	0.884	0.1135	0.0025	0.0	0.0	0.0	0.0	0.0	0.1136	1.4885	9e-06	0.0	5.5e-05	0.458906	0.53413767	500.0	5.7e-05	
1403.0	0.8844	0.1132	0.0024	0.0	0.0	0.0	0.0	0.0	0.1132	1.4885	9e-06	0.0	5.5e-05	0.456903	0.53309781	500.0	5.7e-05	
1405.0	0.8868	0.1097	0.0035	0.0	0.0	0.0	0.0	0.0	0.1097	1.4885	1e-05	0.0	5.6e-05	0.454903	0.53210322	500.0	5.7e-05	
1407.0	0.879	0.1177	0.0034	0.0	0.0	0.0	0.0	0.0	0.1177	1.4885	1e-05	0.0	5.6e-05	0.452932	0.53116748	500.0	5.7e-05	
1409.0	0.8846	0.1124	0.003	0.0	0.0	0.0	0.0	0.0	0.1124	1.4885	1e-05	0.0	5.6e-05	0.451014	0.53029656	500.0	5.7e-05	
1411.0	0.8758	0.121	0.0033	0.0	0.0	0.0	0.0	0.0	0.121	1.4885	1e-05	0.0	5.7e-05	0.449163	0.52948986	500.0	5.7e-05	
1413.0	0.8799	0.117	0.0031	0.0	0.0	0.0	0.0	0.0	0.117	1.4885	1e-05	0.0	5.8e-05	0.447388	0.52874018	500.0	5.8e-05	
1415.0	0.8765	0.1191	0.0044	0.0	0.0	0.0	0.0	0.0	0.1191	1.4885	1e-05	0.0	5.8e-05	0.445688	0.52803601	500.0	5.8e-05	
1417.0	0.8786	0.1189	0.0025	0.0	0.0	0.0	0.0	0.0	0.1189	1.4885	1e-05	0.0	5.9e-05	0.444058	0.52736315	500.0	5.9e-05	
1419.0	0.8782	0.1186	0.0032	0.0	0.0	0.0	0.0	0.0	0.1187	1.4885	1e-05	0.0	6e-05	0.442487	0.52670515	500.0	5.9e-05	
1421.0	0.8747	0.1215	0.0037	0.0	0.0	0.0	0.0	0.0	0.1215	1.4885	1.1e-05	0.0	6e-05	0.44096	0.52604567	500.0	6e-05	
1423.0	0.8813	0.1161	0.0026	0.0	0.0	0.0	0.0	0.0	0.1162	1.4885	1.1e-05	0.0	6.1e-05	0.439461	0.52536912	500.0	6e-05	
1425.0	0.8724	0.1244	0.0032	0.0	0.0	0.0	0.0	0.0	0.1244	1.4885	1.1e-05	0.0	6.2e-05	0.437972	0.52466128	500.0	6.1e-05	
1427.0	0.8735	0.1235	0.003	0.0	0.0	0.0	0.0	0.0	0.1236	1.488499	1.1e-05	0.0	6.2e-05	0.436474	0.52391176	500.0	6.1e-05	
1429.0	0.8759	0.1211	0.003	0.0	0.0	0.0	0.0	0.0	0.1212	1.488494	1.1e-05	0.0	6.3e-05	0.434958	0.5231137	500.0	6.1e-05	
1431.0	0.8751	0.1219	0.003	0.0	0.0	0.0	0.0	0.0	0.1219	1.488488	1.1e-05	0.0	6.3e-05	0.433399	0.52226109	500.0	6.1e-05	
1433.0	0.8791	0.1177	0.0032	0.0	0.0	0.0	0.0	0.0	0.1177	1.488483	1.1e-05	0.0	6.3e-05	0.431788	0.52135503	500.0	6.2e-05	
1435.0	0.8714	0.1264	0.0022	0.0	0.0	0.0	0.0	0.0	0.1264	1.488476	1.1e-05	0.0	6.3e-05	0.430121	0.52040376	500.0	6.1e-05	
1437.0	0.8741	0.1232	0.0027	0.0	0.0	0.0	0.0	0.0	0.1232	1.488458	1.1e-05	0.0	6.3e-05	0.428416	0.51942506	500.0	6e-05	
1439.0	0.8797	0.1177	0.0026	0.0	0.0	0.0	0.0	0.0	0.1177	1.488441	1.1e-05	0.0	6.2e-05	0.426662	0.51842853	500.0	5.9e-05	
1441.0	0.877	0.1193	0.0037	0.0	0.0	0.0	0.0	0.0	0.1193	1.488423	1.1e-05	0.0	6.1e-05	0.424871	0.51743414	500.0	5.8e-05	
1443.0	0.8802	0.1175	0.0023	0.0	0.0	0.0	0.0	0.0	0.1175	1.488406	1.1e-05	0.0	6e-05	0.423062	0.51646112	500.0	5.7e-05	
1445.0	0.8801	0.1173	0.0026	0.0	0.0	0.0	0.0	0.0	0.1173	1.488405	1e-05	0.0	5.8e-05	0.421233	0.51551931	500.0	5.5e-05	
1447.0	0.8884	0.1095	0.0021	0.0	0.0	0.0	0.0	0.0	0.1095	1.488403	1e-05	0.0	5.6e-05	0.419431	0.51463052	500.0	5.3e-05	
1449.0	0.8845	0.1124	0.0031	0.0	0.0	0.0	0.0	0.0	0.1124	1.488402	1e-05	0.0	5.4e-05	0.417672	0.51380229	500.0	5e-05	
1451.0	0.8872	0.1081	0.0047	0.0	0.0	0.0	0.0	0.0	0.1081	1.4884	9e-06	0.0	5.2e-05	0.415968	0.51303706	500.0	4.8e-05	
1453.0	0.8892	0.1061	0.0047	0.0	0.0	0.0	0.0	0.0	0.1061	1.4884	9e-06	0.0	5e-05	0.414327	0.51232988	500.0	4.6e-05	
1455.0	0.8899	0.105	0.0051	0.0	0.0	0.0	0.0	0.0	0.105	1.4884	8e-06	0.0	4.8e-05	0.41275	0.5116734	500.0	4.3e-05	
1457.0	0.889	0.1064	0.0045	0.0	0.0	0.0	0.0	0.0	0.1064	1.4884	8e-06	0.0	4.5e-05	0.411234	0.51105647	500.0	4.1e-05	
1459.0	0.8952	0.099	0.0058	0.0	0.0	0.0	0.0	0.0	0.099	1.4884	8e-06	0.0	4.3e-05	0.409772	0.51046561	500.0	3.9e-05	
1461.0	0.9018	0.092	0.0062	0.0	0.0	0.0	0.0	0.0	0.092	1.4884	7e-06	0.0	4.1e-05	0.408352	0.50988646	500.0	3.7e-05	
1463.0	0.8988	0.0944	0.0068	0.0	0.0	0.0	0.0	0.0	0.0944	1.4884	7e-06	0.0	3.8e-05	0.406963	0.50930378	500.0	3.5e-05	
1465.0	0.9019	0.0911	0.0069	0.0	0.0	0.0	0.0	0.0	0.0912	1.4884	6e-06	0.0	3.6e-05	0.40559	0.50870453	500.0	3.3e-05	
1467.0	0.9083	0.0832	0.0086	0.0	0.0	0.0	0.0	0.0	0.0832	1.4884	6e-06	0.0	3.4e-05	0.404219	0.50807582	500.0	3.1e-05	
1469.0	0.9049	0.0878	0.0073	0.0	0.0	0.0	0.0	0.0	0.0878	1.4884	6e-06	0.0	3.2e-05	0.402833	0.50740838	500.0	2.9e-05	
1471.0	0.9107	0.0795	0.0098	0.0	0.0	0.0	0.0	0.0	0.0795	1.4884	5e-06	0.0	3e-05	0.401423	0.50669389	500.0	2.7e-05	
1473.0	0.9073	0.0846	0.0081	0.0	0.0	0.0	0.0	0.0	0.0846	1.4884	5e-06	0.0	2.9e-05	0.399973	0.50593121	500.0	2.5e-05	
1475.0	0.9164	0.074	0.0095	0.0	0.0	0.0	0.0	0.0	0.074	1.4884	5e-06	0.0	2.7e-05	0.39848	0.50512053	500.0	2.4e-05	
1477.0	0.9147	0.0734	0.0119	0.0	0.0	0.0	0.0	0.0	0.0734	1.4884	5e-06	0.0	2.5e-05	0.396939	0.50426779	500.0	2.2e-05	
1479.0	0.9164	0.0714	0.0121	0.0	0.0	0.0	0.0	0.0	0.0714	1.4884	4e-06	0.0	2.4e-05	0.395354	0.50338307	500.0	2.1e-05	
1481.0	0.9212	0.0679	0.011	0.0	0.0	0.0	0.0	0.0	0.0679	1.4884	4e-06	0.0	2.3e-05	0.393729	0.50248158	500.0	2e-05	
1483.0	0.9238	0.0654	0.0109	0.0	0.0	0.0	0.0	0.0	0.0654	1.4884	4e-06	0.0	2.2e-05	0.392079	0.50157925	500.0	1.9e-05	
1485.0	0.9237	0.0644	0.0119	0.0	0.0	0.0	0.0	0.0	0.0644	1.4884	4e-06	0.0	2.1e-05	0.390413	0.50069482	500.0	1.8e-05	
1487.0	0.9238	0.0638	0.0124	0.0	0.0	0.0	0.0	0.0	0.0638	1.4884	4e-06	0.0	2e-05	0.388751	0.49984369	500.0	1.7e-05	
1489.0	0.9245	0.0598	0.0157	0.0	0.0	0.0	0.0	0.0	0.0598	1.4884	4e-06	0.0	2e-05	0.38711	0.49903768	500.0	1.7e-05	
1491.0	0.9259	0.0614	0.0127	0.0	0.0	0.0	0.0	0.0	0.0614	1.4884	3e-06	0.0	1.9e-05	0.385503	0.49828658	500.0	1.6e-05	
1493.0	0.9313	0.0536	0.0152	0.0	0.0	0.0	0.0	0.0	0.0536	1.4884	3e-06	0.0	1.8e-05	0.38394	0.49759412	500.0	1.5e-05	
1495.0	0.9262	0.0584	0.0155	0.0	0.0	0.0	0.0	0.0	0.0584	1.4884	3e-06	1e-06	1.7e-05	0.382428	0.49695955	500.0	1.4e-05	
1497.0	0.9346	0.049	0.0163	0.0	0.0	0.0	0.0	0.0	0.049	1.4884	3e-06	0.0	1.7e-05	0.380975	0.49637528	500.0	1.4e-05	
1499.0	0.9264	0.0538	0.0197	0.0	0.0	0.0	0.0	0.0	0.0538	1.4884	3e-06	0.0	1.6e-05	0.379572	0.49583637	500.0	1.3e-05	
1501.0	0.9364	0.0487	0.0149	0.0	0.0	0.0	0.0	0.0	0.0488	1.4884	3e-06	0.0	1.5e-05	0.378217	0.49533046	500.0	1.2e-05	
1503.0	0.9383	0.045	0.0167	0.0	0.0	0.0	0.0	0.0	0.045	1.4884	3e-06	0.0	1.5e-05	0.376904	0.494845	500.0	1.2e-05	
1505.0	0.9338	0.0475	0.0187	0.0	0.0	0.0	0.0	0.0	0.0475	1.4884	3e-06	0.0	1.4e-05	0.375623	0.49436703	500.0	1.2e-05	
1507.0	0.9373	0.044	0.0187	0.0	0.0	0.0	0.0	0.0	0.044	1.4884	3e-06	0.0	1.4e-05	0.374363	0.49388354	500.0	1.1e-05	
1509.0	0.9423	0.0416	0.0161	0.0	0.0	0.0	0.0	0.0	0.0416	1.4884	2e-06	0.0	1.3e-05	0.373115	0.49338168	500.0	1.1e-05	
1511.0	0.9397	0.0416	0.0187	0.0	0.0	0.0	0.0	0.0	0.0416	1.4884	2e-06	0.0	1.3e-05	0.371863	0.49285201	500.0	1e-05	
1513.0	0.9361	0.0476	0.0163	0.0	0.0	0.0	0.0	0.0	0.0476	1.4884	2e-06	3e-06	1.2e-05	0.370597	0.49228562	500.0	1e-05	
1515.0	0.9388	0.0447	0.0165	0.0	0.0	0.0	0.0	0.0	0.0447	1.4884	2e-06	3e-06	1.2e-05	0.369313	0.49167447	500.0	1e-05	
1517.0	0.9415	0.0402	0.0183	0.0	0.0	0.0	0.0	0.0	0.0402	1.4884	2e-06	0.0	1.2e-05	0.368003	0.49101474	500.0	1e-05	
1519.0	0.9389	0.0423	0.0188	0.0	0.0	0.0	0.0	0.0	0.0423	1.4884	2e-06	0.0	1.2e-05	0.366653	0.49031217	500.0	9e-06	
1521.0	0.94	0.0403	0.0197	0.0	0.0	0.0	0.0	0.0	0.0403	1.4884	2e-06	0.0	1.1e-05	0.365266	0.48956946	500.0	9e-06	
1523.0	0.938	0.039	0.023	0.0	0.0	0.0	0.0	0.0	0.039	1.4884	2e-06	0.0	1.1e-05	0.36384	0.48879609	500.0	9e-06	
1525.0	0.9391	0.0404	0.0205	0.0	0.0	0.0	0.0	0.0	0.0404	1.4884	2e-06	2e-06	1.1e-05	0.362384	0.48800352	500.0	9e-06	
1527.0	0.9406	0.0401	0.0193	0.0	0.0	0.0	0.0	0.0	0.0401	1.4884	2e-06	0.0	1.1e-05	0.36091	0.48720391	500.0	9e-06	
1529.0	0.9354	0.0457	0.0189	0.0	0.0	0.0	0.0	0.0	0.0457	1.4884	2e-06	3e-06	1.1e-05	0.359415	0.48641931	500.0	9e-06	
1531.0	0.9416	0.0391	0.0192	0.0	0.0	0.0	0.0	0.0	0.0391	1.4884	2e-06	1e-06	1.1e-05	0.357928	0.48565788	500.0	9e-06	
1533.0	0.939	0.0397	0.0212	0.0	0.0	0.0	0.0	0.0	0.0397	1.4884	2e-06	0.0	1.1e-05	0.356454	0.48493613	500.0	9e-06	
1535.0	0.9353	0.0432	0.0215	0.0	0.0	0.0	0.0	0.0	0.0432	1.4884	2e-06	0.0	1.1e-05	0.355003	0.48426576	500.0	9e-06	
1537.0	0.9389	0.0381	0.0231	0.0	0.0	0.0	0.0	0.0	0.0381	1.4884	2e-06	1e-06	1.1e-05	0.353583	0.48365348	500.0	9e-06	
1539.0	0.9403	0.0397	0.02	0.0	0.0	0.0	0.0	0.0	0.0397	1.4884	2e-06	0.0	1.2e-05	0.352209	0.48309821	500.0	9e-06	
1541.0	0.9393	0.0394	0.0212	0.0	0.0	0.0	0.0	0.0	0.0394	1.4884	2e-06	0.0	1.2e-05	0.350878	0.48260207	500.0	9e-06	
1543.0	0.9421	0.0394	0.0185	0.0	0.0	0.0	0.0	0.0	0.0394	1.4884	2e-06	1e-06	1.2e-05	0.349592	0.48216014	500.0	9e-06	
1545.0	0.9373	0.0406	0.0221	0.0	0.0	0.0	0.0	0.0	0.0406	1.4884	2e-06	0.0	1.2e-05	0.348354	0.48176104	500.0	9e-06	
1547.0	0.9281	0.0473	0.0246	0.0	0.0	0.0	0.0	0.0	0.0473	1.4884	2e-06	3e-06	1.2e-05	0.347151	0.48140046	500.0	9e-06	
1549.0	0.9411	0.0381	0.0209	0.0	0.0	0.0	0.0	0.0	0.0381	1.4884	2e-06	0.0	1.2e-05	0.34599	0.48105936	500.0	9e-06	
1551.0	0.9363	0.0417	0.022	0.0	0.0	0.0	0.0	0.0	0.0417	1.4884	2e-06	0.0	1.3e-05	0.344853	0.48073172	500.0	9e-06	
1553.0	0.9379	0.0404	0.0217	0.0	0.0	0.0	0.0	0.0	0.0404	1.4884	2e-06	0.0	1.3e-05	0.343731	0.48040456	500.0	9e-06	
1555.0	0.9378	0.0425	0.0197	0.0	0.0	0.0	0.0	0.0	0.0425	1.4884	2e-06	0.0	1.3e-05	0.342623	0.48006276	500.0	9e-06	
1557.0	0.9343	0.0443	0.0213	0.0	0.0	0.0	0.0	0.0	0.0443	1.4884	2e-06	0.0	1.3e-05	0.341514	0.47969882	500.0	1e-05	
1559.0	0.9382	0.0426	0.0192	0.0	0.0	0.0	0.0	0.0	0.0426	1.488391	2e-06	0.0	1.3e-05	0.340408	0.47930906	500.0	1e-05	
1561.0	0.9366	0.0402	0.0232	0.0	0.0	0.0	0.0	0.0	0.0402	1.488367	3e-06	0.0	1.3e-05	0.339304	0.4788907	500.0	1e-05	
1563.0	0.9356	0.0461	0.0184	0.0	0.0	0.0	0.0	0.0	0.0461	1.488343	3e-06	0.0	1.3e-05	0.33818	0.47842612	500.0	1e-05	
1565.0	0.9314	0.046	0.0226	0.0	0.0	0.0	0.0	0.0	0.046	1.488323	3e-06	0.0	1.3e-05	0.33702	0.47791434	500.0	1e-05	
1567.0	0.9344	0.045	0.0206	0.0	0.0	0.0	0.0	0.0	0.045	1.488315	3e-06	0.0	1.3e-05	0.335815	0.47735247	500.0	1e-05	
1569.0	0.9345	0.0454	0.0201	0.0	0.0	0.0	0.0	0.0	0.0454	1.488307	3e-06	0.0	1.4e-05	0.33458	0.47675345	500.0	1e-05	
1571.0	0.9342	0.0464	0.0193	0.0	0.0	0.0	0.0	0.0	0.0464	1.4883	3e-06	2e-06	1.4e-05	0.333312	0.4761271	500.0	1e-05	
1573.0	0.9338	0.0456	0.0206	0.0	0.0	0.0	0.0	0.0	0.0456	1.4883	3e-06	0.0	1.4e-05	0.33202	0.4754762	500.0	1e-05	
1575.0	0.9311	0.0483	0.0207	0.0	0.0	0.0	0.0	0.0	0.0483	1.4883	3e-06	0.0	1.4e-05	0.330711	0.47482267	500.0	1e-05	
1577.0	0.9308	0.0456	0.0237	0.0	0.0	0.0	0.0	0.0	0.0456	1.4883	3e-06	0.0	1.4e-05	0.329396	0.47417979	500.0	1e-05	
1579.0	0.9341	0.0441	0.0217	0.0	0.0	0.0	0.0	0.0	0.0441	1.4883	3e-06	0.0	1.4e-05	0.328084	0.47356046	500.0	1e-05	
1581.0	0.9345	0.045	0.0205	0.0	0.0	0.0	0.0	0.0	0.045	1.4883	3e-06	3e-06	1.4e-05	0.326782	0.47297953	500.0	1e-05	
1583.0	0.9379	0.0413	0.0208	0.0	0.0	0.0	0.0	0.0	0.0413	1.4883	3e-06	0.0	1.4e-05	0.325512	0.47243837	500.0	9e-06	
1585.0	0.9328	0.044	0.0232	0.0	0.0	0.0	0.0	0.0	0.044	1.4883	3e-06	0.0	1.4e-05	0.324267	0.47195183	500.0	9e-06	
1587.0	0.9344	0.0458	0.0198	0.0	0.0	0.0	0.0	0.0	0.0458	1.4883	3e-06	0.0	1.4e-05	0.323058	0.47152073	500.0	9e-06	
1589.0	0.9343	0.0439	0.0217	0.0	0.0	0.0	0.0	0.0	0.0439	1.4883	3e-06	0.0	1.4e-05	0.321885	0.47114666	500.0	9e-06	
1591.0	0.938	0.0396	0.0224	0.0	0.0	0.0	0.0	0.0	0.0396	1.4883	3e-06	0.0	1.4e-05	0.320755	0.47082377	500.0	9e-06	
1593.0	0.933	0.0438	0.0232	0.0	0.0	0.0	0.0	0.0	0.0438	1.4883	3e-06	0.0	1.4e-05	0.319665	0.47054736	500.0	9e-06	
1595.0	0.9324	0.0447	0.0229	0.0	0.0	0.0	0.0	0.0	0.0447	1.4883	3e-06	0.0	1.4e-05	0.318609	0.47031231	500.0	1e-05	
1597.0	0.933	0.0442	0.0228	0.0	0.0	0.0	0.0	0.0	0.0442	1.4883	3e-06	0.0	1.4e-05	0.317584	0.470109	500.0	1e-05	
1599.0	0.9306	0.0458	0.0237	0.0	0.0	0.0	0.0	0.0	0.0458	1.4883	3e-06	0.0	1.4e-05	0.316586	0.4699266	500.0	1e-05	
1601.0	0.9304	0.048	0.0216	0.0	0.0	0.0	0.0	0.0	0.048	1.4883	3e-06	0.0	1.5e-05	0.315609	0.46975366	500.0	1e-05	
1603.0	0.931	0.048	0.0211	0.0	0.0	0.0	0.0	0.0	0.048	1.4883	3e-06	0.0	1.5e-05	0.314644	0.46958211	500.0	1e-05	
1605.0	0.9317	0.0454	0.0229	0.0	0.0	0.0	0.0	0.0	0.0454	1.4883	3e-06	0.0	1.5e-05	0.313684	0.46940106	500.0	1e-05	
1607.0	0.9274	0.0493	0.0233	0.0	0.0	0.0	0.0	0.0	0.0493	1.4883	3e-06	0.0	1.6e-05	0.312722	0.46920159	500.0	1.1e-05	
1609.0	0.9261	0.0504	0.0236	0.0	0.0	0.0	0.0	0.0	0.0504	1.4883	3e-06	0.0	1.6e-05	0.311751	0.4689763	500.0	1.1e-05	
1611.0	0.9294	0.0491	0.0214	0.0	0.0	0.0	0.0	0.0	0.0491	1.4883	3e-06	0.0	1.6e-05	0.310766	0.46871922	500.0	1.1e-05	
1613.0	0.9223	0.0558	0.0219	0.0	0.0	0.0	0.0	0.0	0.0558	1.4883	3e-06	1e-06	1.7e-05	0.309761	0.46842753	500.0	1.1e-05	
1615.0	0.9308	0.0499	0.0193	0.0	0.0	0.0	0.0	0.0	0.0499	1.4883	3e-06	0.0	1.7e-05	0.308738	0.46809575	500.0	1.1e-05	
1617.0	0.9285	0.0504	0.0212	0.0	0.0	0.0	0.0	0.0	0.0504	1.4883	3e-06	0.0	1.7e-05	0.307689	0.46773095	500.0	1.2e-05	
1619.0	0.9293	0.0513	0.0193	0.0	0.0	0.0	0.0	0.0	0.0513	1.4883	4e-06	0.0	1.8e-05	0.306616	0.46733441	500.0	1.2e-05	
1621.0	0.9262	0.0532	0.0207	0.0	0.0	0.0	0.0	0.0	0.0532	1.4883	4e-06	0.0	1.8e-05	0.305518	0.46691536	500.0	1.2e-05	
1623.0	0.9214	0.0576	0.0211	0.0	0.0	0.0	0.0	0.0	0.0576	1.4883	4e-06	0.0	1.8e-05	0.304406	0.46647778	500.0	1.2e-05	
1625.0	0.9271	0.0551	0.0178	0.0	0.0	0.0	0.0	0.0	0.0551	1.4883	4e-06	0.0	1.9e-05	0.303282	0.46603484	500.0	1.2e-05	
1627.0	0.9201	0.0583	0.0216	0.0	0.0	0.0	0.0	0.0	0.0583	1.4883	4e-06	0.0	1.9e-05	0.302151	0.46559766	500.0	1.3e-05	
1629.0	0.918	0.0622	0.0198	0.0	0.0	0.0	0.0	0.0	0.0622	1.4883	4e-06	0.0	2e-05	0.301021	0.46517707	500.0	1.3e-05	
1631.0	0.9166	0.064	0.0193	0.0	0.0	0.0	0.0	0.0	0.064	1.4883	4e-06	0.0	2e-05	0.299902	0.46478271	500.0	1.3e-05	
1633.0	0.9212	0.0601	0.0187	0.0	0.0	0.0	0.0	0.0	0.0601	1.4883	4e-06	0.0	2.1e-05	0.298797	0.4644257	500.0	1.4e-05	
1635.0	0.9189	0.0624	0.0187	0.0	0.0	0.0	0.0	0.0	0.0624	1.4883	4e-06	0.0	2.2e-05	0.297715	0.46411003	500.0	1.4e-05	
1637.0	0.9146	0.0654	0.02	0.0	0.0	0.0	0.0	0.0	0.0654	1.4883	5e-06	0.0	2.3e-05	0.296661	0.46384079	500.0	1.5e-05	
1639.0	0.9194	0.0623	0.0183	0.0	0.0	0.0	0.0	0.0	0.0623	1.4883	5e-06	0.0	2.4e-05	0.295636	0.46362177	500.0	1.5e-05	
1641.0	0.9123	0.0706	0.0171	0.0	0.0	0.0	0.0	0.0	0.0706	1.4883	5e-06	0.0	2.6e-05	0.294643	0.46345022	500.0	1.7e-05	
1643.0	0.9075	0.0763	0.0162	0.0	0.0	0.0	0.0	0.0	0.0763	1.4883	6e-06	0.0	2.8e-05	0.293685	0.46332403	500.0	1.8e-05	
1645.0	0.9088	0.076	0.0153	0.0	0.0	0.0	0.0	0.0	0.076	1.4883	6e-06	0.0	3e-05	0.292758	0.46323875	500.0	1.9e-05	
1647.0	0.9012	0.0854	0.0135	0.0	0.0	0.0	0.0	0.0	0.0854	1.4883	7e-06	0.0	3.5e-05	0.291859	0.46318609	500.0	2.2e-05	
1649.0	0.895	0.0904	0.0146	0.0	0.0	0.0	0.0	0.0	0.0904	1.4883	8e-06	0.0	3.9e-05	0.290986	0.46316027	500.0	2.5e-05	
1651.0	0.8912	0.0999	0.0089	0.0	0.0	0.0	0.0	0.0	0.0999	1.4883	9e-06	0.0	4.3e-05	0.290136	0.46315356	500.0	2.7e-05	
1653.0	0.8814	0.1106	0.008	0.0	0.0	0.0	0.0	0.0	0.1106	1.4883	1e-05	0.0	5.1e-05	0.2893	0.46315357	500.0	3.2e-05	
1655.0	0.8704	0.1193	0.0103	0.0	0.0	0.0	0.0	0.0	0.1193	1.4883	1.2e-05	0.0	5.9e-05	0.288475	0.46315506	500.0	3.7e-05	
1657.0	0.8632	0.1309	0.006	0.0	0.0	0.0	0.0	0.0	0.1309	1.4883	1.4e-05	0.0	6.8e-05	0.287657	0.46315012	500.0	4.3e-05	
1659.0	0.8569	0.1373	0.0058	0.0	0.0	0.0	0.0	0.0	0.1373	1.4883	1.6e-05	0.0	8.1e-05	0.286835	0.46312569	500.0	5.1e-05	
1661.0	0.8453	0.1508	0.0039	0.0	0.0	0.0	0.0	0.0	0.1508	1.4883	1.9e-05	0.0	9.5e-05	0.286008	0.46307965	500.0	6e-05	
1663.0	0.8333	0.1625	0.0042	0.0	0.0	0.0	0.0	0.0	0.1625	1.4883	2.2e-05	0.0	0.00011	0.285171	0.46300814	500.0	6.9e-05	
1665.0	0.817	0.1804	0.0026	0.0	0.0	0.0	0.0	0.0	0.1804	1.4883	2.7e-05	0.0	0.00013	0.284316	0.46290098	500.0	8.2e-05	
1667.0	0.8035	0.1949	0.0016	0.0	0.0	0.0	0.0	0.0	0.1949	1.4883	3.1e-05	0.0	0.000153	0.283443	0.46276031	500.0	9.6e-05	
1669.0	0.7921	0.2063	0.0015	0.0	0.0	0.0	0.0	0.0	0.2064	1.4883	3.6e-05	0.0	0.000176	0.282552	0.46258947	500.0	0.000111	
1671.0	0.7807	0.2184	0.001	0.0	0.0	0.0	0.0	0.0	0.2184	1.4883	4.1e-05	0.0	0.000202	0.28164	0.46238751	500.0	0.000127	
1673.0	0.7643	0.2349	0.0008	0.0	0.0	0.0	0.0	0.0	0.2349	1.4883	4.7e-05	0.0	0.00023	0.280708	0.46215998	500.0	0.000144	
1675.0	0.7565	0.2433	0.0003	0.0	0.0	0.0	0.0	0.0	0.2433	1.4883	5.3e-05	0.0	0.000258	0.279761	0.46191554	500.0	0.000161	
1677.0	0.7472	0.2526	0.0002	0.0	0.0	0.0	0.0	0.0	0.2526	1.4883	5.8e-05	0.0	0.000284	0.278802	0.4616634	500.0	0.000176	
1679.0	0.7393	0.2602	0.0005	0.0	0.0	0.0	0.0	0.0	0.2602	1.4883	6.4e-05	0.0	0.000309	0.277837	0.46141247	500.0	0.000191	
1681.0	0.742	0.2577	0.0003	0.0	0.0	0.0	0.0	0.0	0.2577	1.4883	6.9e-05	0.0	0.000334	0.276869	0.46117075	500.0	0.000206	
1683.0	0.7229	0.2769	0.0002	0.0	0.0	0.0	0.0	0.0	0.2769	1.4883	7.3e-05	0.0	0.000355	0.275907	0.46095162	500.0	0.000219	
1685.0	0.7216	0.2782	0.0003	0.0	0.0	0.0	0.0	0.0	0.2782	1.4883	7.7e-05	0.0	0.000371	0.274957	0.4607659	500.0	0.000228	
1687.0	0.7145	0.2855	0.0	0.0	0.0	0.0	0.0	0.0	0.2855	1.4883	8e-05	0.0	0.000387	0.274021	0.46061489	500.0	0.000237	
1689.0	0.7111	0.2889	0.0	0.0	0.0	0.0	0.0	0.0	0.289	1.4883	8.3e-05	0.0	0.0004	0.273106	0.46050812	500.0	0.000244	
1691.0	0.7164	0.2835	0.0001	0.0	0.0	0.0	0.0	0.0	0.2836	1.4883	8.4e-05	0.0	0.000405	0.27222	0.4604547	500.0	0.000246	
1693.0	0.7087	0.2911	0.0002	0.0	0.0	0.0	0.0	0.0	0.2912	1.4883	8.5e-05	0.0	0.00041	0.271359	0.46044807	500.0	0.000249	
1695.0	0.7046	0.2954	0.0	0.0	0.0	0.0	0.0	0.0	0.2954	1.4883	8.6e-05	0.0	0.000414	0.270525	0.46048994	500.0	0.00025	
1697.0	0.6978	0.3021	0.0001	0.0	0.0	0.0	0.0	0.0	0.3021	1.4883	8.6e-05	0.0	0.000412	0.269725	0.46058355	500.0	0.000249	
1699.0	0.7066	0.2934	0.0	0.0	0.0	0.0	0.0	0.0	0.2935	1.4883	8.5e-05	0.0	0.00041	0.268951	0.46071878	500.0	0.000247	
1701.0	0.7058	0.2942	0.0	0.0	0.0	0.0	0.0	0.0	0.2942	1.4883	8.5e-05	0.0	0.000408	0.268203	0.46089101	500.0	0.000246	
1703.0	0.7065	0.2935	0.0	0.0	0.0	0.0	0.0	0.0	0.2936	1.4883	8.4e-05	0.0	0.000404	0.267482	0.46109663	500.0	0.000243	
1705.0	0.7024	0.2976	0.0	0.0	0.0	0.0	0.0	0.0	0.2976	1.4883	8.3e-05	0.0	0.000399	0.266781	0.46132606	500.0	0.000241	
1707.0	0.7024	0.2973	0.0003	0.0	0.0	0.0	0.0	0.0	0.2973	1.4883	8.2e-05	0.0	0.000395	0.266097	0.46157195	500.0	0.000238	
1709.0	0.7097	0.2903	0.0	0.0	0.0	0.0	0.0	0.0	0.2903	1.4883	8.2e-05	0.0	0.000392	0.265426	0.46182477	500.0	0.000237	
1711.0	0.7083	0.2915	0.0002	0.0	0.0	0.0	0.0	0.0	0.2916	1.4883	8.1e-05	0.0	0.000389	0.264764	0.46207892	500.0	0.000235	
1713.0	0.7152	0.2845	0.0003	0.0	0.0	0.0	0.0	0.0	0.2845	1.4883	8.1e-05	0.0	0.000386	0.264107	0.46232723	500.0	0.000234	
1715.0	0.7114	0.2885	0.0001	0.0	0.0	0.0	0.0	0.0	0.2886	1.4883	8.1e-05	0.0	0.000385	0.263449	0.46256064	500.0	0.000233	
1717.0	0.7064	0.2936	0.0	0.0	0.0	0.0	0.0	0.0	0.2937	1.4883	8.1e-05	0.0	0.000384	0.262788	0.4627757	500.0	0.000233	
1719.0	0.7108	0.2891	0.0001	0.0	0.0	0.0	0.0	0.0	0.2892	1.4883	8.1e-05	0.0	0.000384	0.262121	0.46296815	500.0	0.000233	
1721.0	0.7032	0.2967	0.0001	0.0	0.0	0.0	0.0	0.0	0.2967	1.4883	8.1e-05	0.0	0.000383	0.261445	0.46313519	500.0	0.000233	
1723.0	0.7115	0.2884	0.0001	0.0	0.0	0.0	0.0	0.0	0.2885	1.4883	8e-05	0.0	0.000382	0.260757	0.46327468	500.0	0.000232	
1725.0	0.7071	0.2927	0.0002	0.0	0.0	0.0	0.0	0.0	0.2927	1.4883	8e-05	0.0	0.00038	0.260056	0.46338621	500.0	0.000231	
1727.0	0.7131	0.2866	0.0003	0.0	0.0	0.0	0.0	0.0	0.2867	1.4883	8e-05	0.0	0.000377	0.259343	0.46347375	500.0	0.000229	
1729.0	0.7137	0.2859	0.0004	0.0	0.0	0.0	0.0	0.0	0.286	1.4883	7.9e-05	0.0	0.000373	0.258616	0.46353888	500.0	0.000227	
1731.0	0.7135	0.286	0.0005	0.0	0.0	0.0	0.0	0.0	0.2861	1.4883	7.8e-05	0.0	0.000369	0.257876	0.46358504	500.0	0.000224	
1733.0	0.7083	0.2915	0.0002	0.0	0.0	0.0	0.0	0.0	0.2916	1.4883	7.7e-05	0.0	0.000363	0.257128	0.46362043	500.0	0.00022	
1735.0	0.713	0.2869	0.0001	0.0	0.0	0.0	0.0	0.0	0.2869	1.4883	7.6e-05	0.0	0.000356	0.256372	0.46365118	500.0	0.000216	
1737.0	0.7239	0.2758	0.0004	0.0	0.0	0.0	0.0	0.0	0.2758	1.4883	7.4e-05	0.0	0.000348	0.255611	0.46368331	500.0	0.000211	
1739.0	0.7267	0.2731	0.0002	0.0	0.0	0.0	0.0	0.0	0.2731	1.4883	7.2e-05	0.0	0.00034	0.25485	0.46372554	500.0	0.000206	
1741.0	0.7195	0.2801	0.0004	0.0	0.0	0.0	0.0	0.0	0.2801	1.4883	7.1e-05	0.0	0.000332	0.254093	0.46378566	500.0	0.000201	
1743.0	0.7236	0.2761	0.0003	0.0	0.0	0.0	0.0	0.0	0.2762	1.4883	6.9e-05	0.0	0.000323	0.253343	0.46387012	500.0	0.000195	
1745.0	0.729	0.2709	0.0002	0.0	0.0	0.0	0.0	0.0	0.2709	1.4883	6.7e-05	0.0	0.000315	0.252605	0.46398536	500.0	0.00019	
1747.0	0.7266	0.2733	0.0001	0.0	0.0	0.0	0.0	0.0	0.2733	1.4883	6.5e-05	0.0	0.000306	0.251881	0.46413661	500.0	0.000184	
1749.0	0.7253	0.2744	0.0003	0.0	0.0	0.0	0.0	0.0	0.2744	1.4883	6.4e-05	0.0	0.000298	0.251175	0.46432767	500.0	0.000179	
1751.0	0.7367	0.2628	0.0005	0.0	0.0	0.0	0.0	0.0	0.2628	1.4883	6.2e-05	0.0	0.000289	0.25049	0.46456084	500.0	0.000174	
1753.0	0.7484	0.2506	0.0011	0.0	0.0	0.0	0.0	0.0	0.2506	1.4883	6e-05	0.0	0.000281	0.249826	0.46483688	500.0	0.000169	
1755.0	0.7499	0.2499	0.0002	0.0	0.0	0.0	0.0	0.0	0.2499	1.4883	5.8e-05	0.0	0.000272	0.249185	0.46515516	500.0	0.000163	
1757.0	0.7467	0.253	0.0003	0.0	0.0	0.0	0.0	0.0	0.253	1.488296	5.7e-05	0.0	0.000263	0.248568	0.46551029	500.0	0.000158	
1759.0	0.7504	0.2486	0.001	0.0	0.0	0.0	0.0	0.0	0.2487	1.488277	5.5e-05	0.0	0.000254	0.247976	0.46588847	500.0	0.000153	
1761.0	0.75	0.249	0.001	0.0	0.0	0.0	0.0	0.0	0.2491	1.488258	5.3e-05	0.0	0.000245	0.247404	0.46629859	500.0	0.000147	
1763.0	0.7556	0.2437	0.0007	0.0	0.0	0.0	0.0	0.0	0.2438	1.488239	5.1e-05	0.0	0.000236	0.246852	0.46673617	500.0	0.000142	
1765.0	0.7517	0.2468	0.0014	0.0	0.0	0.0	0.0	0.0	0.2468	1.488226	4.9e-05	0.0	0.000226	0.246315	0.46720108	500.0	0.000136	
1767.0	0.761	0.2373	0.0017	0.0	0.0	0.0	0.0	0.0	0.2373	1.488213	4.7e-05	0.0	0.000216	0.245792	0.4676811	500.0	0.000131	
1769.0	0.7577	0.2414	0.0009	0.0	0.0	0.0	0.0	0.0	0.2415	1.4882	4.5e-05	0.0	0.000206	0.24528	0.46816999	500.0	0.000125	
1771.0	0.7708	0.2281	0.0012	0.0	0.0	0.0	0.0	0.0	0.2281	1.4882	4.3e-05	0.0	0.000197	0.244773	0.46867331	500.0	0.00012	
1773.0	0.7772	0.221	0.0017	0.0	0.0	0.0	0.0	0.0	0.2211	1.4882	4.1e-05	0.0	0.000189	0.24427	0.46917392	500.0	0.000115	
1775.0	0.7763	0.2212	0.0025	0.0	0.0	0.0	0.0	0.0	0.2213	1.4882	3.9e-05	0.0	0.00018	0.243768	0.46966638	500.0	0.00011	
1777.0	0.7749	0.2225	0.0026	0.0	0.0	0.0	0.0	0.0	0.2225	1.4882	3.8e-05	0.0	0.000174	0.243263	0.47014282	500.0	0.000106	
1779.0	0.785	0.2122	0.0028	0.0	0.0	0.0	0.0	0.0	0.2122	1.4882	3.6e-05	0.0	0.000167	0.242753	0.47060207	500.0	0.000103	
1781.0	0.7841	0.2128	0.0031	0.0	0.0	0.0	0.0	0.0	0.2128	1.4882	3.5e-05	0.0	0.000161	0.242236	0.47104157	500.0	9.9e-05	
1783.0	0.7843	0.2138	0.0018	0.0	0.0	0.0	0.0	0.0	0.2139	1.4882	3.4e-05	0.0	0.000158	0.241708	0.4714561	500.0	9.7e-05	
1785.0	0.794	0.2043	0.0016	0.0	0.0	0.0	0.0	0.0	0.2043	1.4882	3.4e-05	0.0	0.000155	0.24117	0.47184742	500.0	9.6e-05	
1787.0	0.7886	0.2095	0.0019	0.0	0.0	0.0	0.0	0.0	0.2095	1.4882	3.3e-05	0.0	0.000152	0.24062	0.47221686	500.0	9.4e-05	
1789.0	0.7898	0.2079	0.0023	0.0	0.0	0.0	0.0	0.0	0.2079	1.4882	3.3e-05	0.0	0.00015	0.240058	0.47256426	500.0	9.3e-05	
1791.0	0.7865	0.211	0.0025	0.0	0.0	0.0	0.0	0.0	0.211	1.4882	3.3e-05	0.0	0.000149	0.239484	0.47289359	500.0	9.2e-05	
1793.0	0.7904	0.2073	0.0023	0.0	0.0	0.0	0.0	0.0	0.2073	1.4882	3.2e-05	0.0	0.000148	0.2389	0.47320959	500.0	9.2e-05	
1795.0	0.7962	0.2002	0.0037	0.0	0.0	0.0	0.0	0.0	0.2002	1.4882	3.2e-05	0.0	0.000147	0.238309	0.47351663	500.0	9.1e-05	
1797.0	0.7983	0.1988	0.0029	0.0	0.0	0.0	0.0	0.0	0.1989	1.4882	3.2e-05	0.0	0.000146	0.237711	0.47382037	500.0	9.1e-05	
1799.0	0.7998	0.1977	0.0025	0.0	0.0	0.0	0.0	0.0	0.1977	1.4882	3.2e-05	0.0	0.000145	0.23711	0.47412701	500.0	9e-05	
1801.0	0.7894	0.2076	0.003	0.0	0.0	0.0	0.0	0.0	0.2076	1.4882	3.2e-05	0.0	0.000145	0.236509	0.47444271	500.0	9e-05	
1803.0	0.793	0.2036	0.0034	0.0	0.0	0.0	0.0	0.0	0.2037	1.4882	3.2e-05	0.0	0.000144	0.23591	0.47477343	500.0	8.9e-05	
1805.0	0.7992	0.1978	0.003	0.0	0.0	0.0	0.0	0.0	0.1978	1.4882	3.2e-05	0.0	0.000143	0.235317	0.47512469	500.0	8.9e-05	
1807.0	0.7863	0.2099	0.0038	0.0	0.0	0.0	0.0	0.0	0.2099	1.4882	3.1e-05	0.0	0.000142	0.234734	0.47550177	500.0	8.8e-05	
1809.0	0.7965	0.2003	0.0032	0.0	0.0	0.0	0.0	0.0	0.2003	1.4882	3.1e-05	0.0	0.000141	0.234162	0.47590891	500.0	8.8e-05	
1811.0	0.799	0.1959	0.0051	0.0	0.0	0.0	0.0	0.0	0.1959	1.4882	3.1e-05	0.0	0.000139	0.233604	0.47634872	500.0	8.7e-05	
1813.0	0.7919	0.2043	0.0037	0.0	0.0	0.0	0.0	0.0	0.2043	1.4882	3.1e-05	0.0	0.000138	0.233062	0.4768232	500.0	8.6e-05	
1815.0	0.7979	0.1985	0.0037	0.0	0.0	0.0	0.0	0.0	0.1985	1.4882	3e-05	0.0	0.000136	0.232538	0.47733328	500.0	8.5e-05	
1817.0	0.7986	0.1976	0.0038	0.0	0.0	0.0	0.0	0.0	0.1976	1.4882	3e-05	0.0	0.000135	0.232031	0.47787862	500.0	8.4e-05	
1819.0	0.7981	0.1986	0.0034	0.0	0.0	0.0	0.0	0.0	0.1986	1.4882	3e-05	0.0	0.000133	0.231543	0.47845793	500.0	8.3e-05	
1821.0	0.7973	0.1987	0.0039	0.0	0.0	0.0	0.0	0.0	0.1988	1.4882	2.9e-05	0.0	0.000131	0.231074	0.47906922	500.0	8.2e-05	
1823.0	0.7896	0.2056	0.0048	0.0	0.0	0.0	0.0	0.0	0.2056	1.4882	2.9e-05	0.0	0.00013	0.230623	0.47970916	500.0	8.1e-05	
1825.0	0.807	0.189	0.0039	0.0	0.0	0.0	0.0	0.0	0.1891	1.4882	2.9e-05	0.0	0.000128	0.230188	0.48037407	500.0	8.1e-05	
1827.0	0.8093	0.1865	0.0041	0.0	0.0	0.0	0.0	0.0	0.1866	1.4882	2.8e-05	0.0	0.000125	0.229769	0.48106064	500.0	7.9e-05	
1829.0	0.7995	0.1947	0.0058	0.0	0.0	0.0	0.0	0.0	0.1947	1.4882	2.7e-05	0.0	0.000123	0.229364	0.48176317	500.0	7.8e-05	
1831.0	0.8075	0.1873	0.0052	0.0	0.0	0.0	0.0	0.0	0.1873	1.4882	2.7e-05	0.0	0.00012	0.22897	0.48247681	500.0	7.6e-05	
1833.0	0.8122	0.1832	0.0046	0.0	0.0	0.0	0.0	0.0	0.1832	1.4882	2.6e-05	0.0	0.000117	0.228586	0.48319711	500.0	7.5e-05	
1835.0	0.8071	0.1863	0.0065	0.0	0.0	0.0	0.0	0.0	0.1864	1.4882	2.6e-05	0.0	0.000114	0.228209	0.48391885	500.0	7.3e-05	
1837.0	0.8115	0.1817	0.0067	0.0	0.0	0.0	0.0	0.0	0.1817	1.4882	2.5e-05	0.0	0.000111	0.227836	0.48463739	500.0	7.1e-05	
1839.0	0.8128	0.1812	0.006	0.0	0.0	0.0	0.0	0.0	0.1813	1.4882	2.4e-05	0.0	0.000108	0.227466	0.48534893	500.0	6.9e-05	
1841.0	0.8167	0.1759	0.0074	0.0	0.0	0.0	0.0	0.0	0.1759	1.4882	2.4e-05	0.0	0.000105	0.227095	0.4860495	500.0	6.8e-05	
1843.0	0.8136	0.1803	0.0062	0.0	0.0	0.0	0.0	0.0	0.1803	1.4882	2.3e-05	0.0	0.000101	0.226722	0.48673612	500.0	6.6e-05	
1845.0	0.8201	0.174	0.0059	0.0	0.0	0.0	0.0	0.0	0.174	1.4882	2.2e-05	0.0	9.9e-05	0.226345	0.48740553	500.0	6.4e-05	
1847.0	0.8179	0.1753	0.0068	0.0	0.0	0.0	0.0	0.0	0.1753	1.4882	2.2e-05	0.0	9.6e-05	0.225961	0.48805672	500.0	6.3e-05	
1849.0	0.8164	0.1745	0.009	0.0	0.0	0.0	0.0	0.0	0.1745	1.4882	2.1e-05	0.0	9.4e-05	0.225571	0.48868929	500.0	6.1e-05	
1851.0	0.8295	0.1611	0.0094	0.0	0.0	0.0	0.0	0.0	0.1611	1.4882	2.1e-05	0.0	9.2e-05	0.225172	0.48930243	500.0	6e-05	
1853.0	0.8222	0.1688	0.0089	0.0	0.0	0.0	0.0	0.0	0.1689	1.4882	2e-05	0.0	9e-05	0.224764	0.48989758	500.0	5.9e-05	
1855.0	0.8334	0.1585	0.0082	0.0	0.0	0.0	0.0	0.0	0.1585	1.4882	2e-05	0.0	8.9e-05	0.224348	0.49047736	500.0	5.8e-05	
1857.0	0.8257	0.1642	0.0101	0.0	0.0	0.0	0.0	0.0	0.1642	1.4882	2e-05	0.0	8.7e-05	0.223924	0.49104378	500.0	5.8e-05	
1859.0	0.8216	0.1697	0.0087	0.0	0.0	0.0	0.0	0.0	0.1697	1.4882	2e-05	0.0	8.6e-05	0.223493	0.49160045	500.0	5.7e-05	
1861.0	0.8226	0.1668	0.0106	0.0	0.0	0.0	0.0	0.0	0.1668	1.4882	1.9e-05	0.0	8.5e-05	0.223055	0.49215179	500.0	5.7e-05	
1863.0	0.8291	0.1611	0.0097	0.0	0.0	0.0	0.0	0.0	0.1612	1.4882	1.9e-05	0.0	8.5e-05	0.222613	0.49270126	500.0	5.6e-05	
1865.0	0.8256	0.1635	0.011	0.0	0.0	0.0	0.0	0.0	0.1635	1.4882	1.9e-05	0.0	8.5e-05	0.222168	0.4932535	500.0	5.7e-05	
1867.0	0.828	0.1634	0.0087	0.0	0.0	0.0	0.0	0.0	0.1634	1.4882	2e-05	0.0	8.5e-05	0.221722	0.49381435	500.0	5.7e-05	
1869.0	0.825	0.1663	0.0087	0.0	0.0	0.0	0.0	0.0	0.1664	1.4882	2e-05	0.0	8.6e-05	0.221277	0.49438777	500.0	5.8e-05	
1871.0	0.8293	0.1605	0.0102	0.0	0.0	0.0	0.0	0.0	0.1605	1.4882	2e-05	0.0	8.8e-05	0.220836	0.49497769	500.0	5.9e-05	
1873.0	0.8204	0.17	0.0096	0.0	0.0	0.0	0.0	0.0	0.17	1.4882	2e-05	0.0	8.9e-05	0.2204	0.49558936	500.0	6e-05	
1875.0	0.8156	0.175	0.0094	0.0	0.0	0.0	0.0	0.0	0.175	1.4882	2.1e-05	0.0	9.1e-05	0.219973	0.49622585	500.0	6.1e-05	
1877.0	0.8157	0.1753	0.009	0.0	0.0	0.0	0.0	0.0	0.1753	1.4882	2.1e-05	0.0	9.3e-05	0.219554	0.49688934	500.0	6.3e-05	
1879.0	0.813	0.1805	0.0065	0.0	0.0	0.0	0.0	0.0	0.1805	1.4882	2.2e-05	0.0	9.5e-05	0.219148	0.49758242	500.0	6.4e-05	
1881.0	0.8103	0.1808	0.0089	0.0	0.0	0.0	0.0	0.0	0.1808	1.4882	2.2e-05	0.0	9.8e-05	0.218753	0.49830599	500.0	6.6e-05	
1883.0	0.8113	0.1799	0.0088	0.0	0.0	0.0	0.0	0.0	0.1799	1.4882	2.3e-05	0.0	0.000101	0.218372	0.49905918	500.0	6.8e-05	
1885.0	0.8068	0.1849	0.0083	0.0	0.0	0.0	0.0	0.0	0.1849	1.4882	2.4e-05	0.0	0.000104	0.218005	0.49984275	500.0	7.1e-05	
1887.0	0.8089	0.1839	0.0072	0.0	0.0	0.0	0.0	0.0	0.184	1.4882	2.5e-05	0.0	0.000108	0.217651	0.50065518	500.0	7.3e-05	
1889.0	0.7963	0.1974	0.0063	0.0	0.0	0.0	0.0	0.0	0.1974	1.4882	2.6e-05	0.0	0.000112	0.217312	0.50149285	500.0	7.6e-05	
1891.0	0.7901	0.2046	0.0053	0.0	0.0	0.0	0.0	0.0	0.2046	1.4882	2.7e-05	0.0	0.000117	0.216985	0.50235488	500.0	8e-05	
1893.0	0.7937	0.2006	0.0058	0.0	0.0	0.0	0.0	0.0	0.2006	1.4882	2.8e-05	0.0	0.000121	0.216672	0.50323799	500.0	8.3e-05	
1895.0	0.7876	0.2064	0.006	0.0	0.0	0.0	0.0	0.0	0.2065	1.4882	2.9e-05	0.0	0.000126	0.216371	0.50413804	500.0	8.7e-05	
1897.0	0.7849	0.2094	0.0057	0.0	0.0	0.0	0.0	0.0	0.2094	1.4882	3e-05	0.0	0.000131	0.21608	0.50505177	500.0	9.1e-05	
1899.0	0.7748	0.2198	0.0054	0.0	0.0	0.0	0.0	0.0	0.2198	1.4882	3.2e-05	0.0	0.000136	0.215798	0.50597528	500.0	9.4e-05	
1901.0	0.7829	0.2129	0.0042	0.0	0.0	0.0	0.0	0.0	0.2129	1.4882	3.3e-05	0.0	0.00014	0.215526	0.50690565	500.0	9.8e-05	
1903.0	0.7765	0.2202	0.0034	0.0	0.0	0.0	0.0	0.0	0.2202	1.4882	3.4e-05	0.0	0.000144	0.215259	0.50783781	500.0	0.000101	
1905.0	0.7742	0.22	0.0058	0.0	0.0	0.0	0.0	0.0	0.22	1.4882	3.5e-05	0.0	0.000148	0.214997	0.50876775	500.0	0.000104	
1907.0	0.7737	0.2226	0.0037	0.0	0.0	0.0	0.0	0.0	0.2226	1.4882	3.5e-05	0.0	0.000151	0.214738	0.50969372	500.0	0.000106	
1909.0	0.7691	0.2268	0.004	0.0	0.0	0.0	0.0	0.0	0.2268	1.4882	3.6e-05	0.0	0.000153	0.214481	0.51061109	500.0	0.000108	
1911.0	0.7684	0.2274	0.0042	0.0	0.0	0.0	0.0	0.0	0.2274	1.4882	3.6e-05	0.0	0.000156	0.214224	0.51151649	500.0	0.000111	
1913.0	0.7601	0.2366	0.0033	0.0	0.0	0.0	0.0	0.0	0.2366	1.4882	3.7e-05	0.0	0.000157	0.213966	0.51241022	500.0	0.000111	
1915.0	0.7715	0.2245	0.004	0.0	0.0	0.0	0.0	0.0	0.2245	1.4882	3.7e-05	0.0	0.000156	0.213706	0.51328897	500.0	0.000112	
1917.0	0.7692	0.2268	0.0039	0.0	0.0	0.0	0.0	0.0	0.2268	1.4882	3.7e-05	0.0	0.000156	0.213441	0.51415039	500.0	0.000112	
1919.0	0.7648	0.2317	0.0035	0.0	0.0	0.0	0.0	0.0	0.2317	1.4882	3.6e-05	0.0	0.000155	0.213173	0.51499556	500.0	0.000112	
1921.0	0.7574	0.238	0.0046	0.0	0.0	0.0	0.0	0.0	0.238	1.4882	3.6e-05	0.0	0.000153	0.212899	0.51582402	500.0	0.000111	
1923.0	0.7593	0.2364	0.0042	0.0	0.0	0.0	0.0	0.0	0.2365	1.4882	3.6e-05	0.0	0.000151	0.212619	0.51663528	500.0	0.00011	
1925.0	0.763	0.2329	0.0041	0.0	0.0	0.0	0.0	0.0	0.2329	1.4882	3.5e-05	0.0	0.000149	0.212333	0.51743029	500.0	0.000109	
1927.0	0.7681	0.2269	0.005	0.0	0.0	0.0	0.0	0.0	0.2269	1.4882	3.5e-05	0.0	0.000148	0.21204	0.518211	500.0	0.000108	
1929.0	0.7627	0.2325	0.0048	0.0	0.0	0.0	0.0	0.0	0.2325	1.4882	3.5e-05	0.0	0.000147	0.211742	0.51898023	500.0	0.000107	
1931.0	0.759	0.2355	0.0056	0.0	0.0	0.0	0.0	0.0	0.2355	1.4882	3.4e-05	0.0	0.000146	0.211439	0.51974036	500.0	0.000107	
1933.0	0.7713	0.2238	0.0049	0.0	0.0	0.0	0.0	0.0	0.2239	1.4882	3.4e-05	0.0	0.000145	0.211132	0.52049432	500.0	0.000107	
1935.0	0.7689	0.2251	0.0061	0.0	0.0	0.0	0.0	0.0	0.2251	1.4882	3.4e-05	0.0	0.000144	0.210822	0.52124659	500.0	0.000106	
1937.0	0.7654	0.2301	0.0045	0.0	0.0	0.0	0.0	0.0	0.2301	1.4882	3.4e-05	0.0	0.000144	0.210512	0.52200046	500.0	0.000106	
1939.0	0.7706	0.2245	0.0049	0.0	0.0	0.0	0.0	0.0	0.2245	1.4882	3.4e-05	0.0	0.000144	0.210201	0.52275931	500.0	0.000107	
1941.0	0.769	0.226	0.0051	0.0	0.0	0.0	0.0	0.0	0.226	1.4882	3.4e-05	0.0	0.000144	0.209892	0.52352737	500.0	0.000107	
1943.0	0.7669	0.2276	0.0055	0.0	0.0	0.0	0.0	0.0	0.2276	1.4882	3.4e-05	0.0	0.000144	0.209587	0.52430804	500.0	0.000107	
1945.0	0.7705	0.2256	0.0039	0.0	0.0	0.0	0.0	0.0	0.2256	1.4882	3.4e-05	0.0	0.000145	0.209287	0.52510425	500.0	0.000108	
1947.0	0.7577	0.237	0.0053	0.0	0.0	0.0	0.0	0.0	0.237	1.4882	3.5e-05	0.0	0.000145	0.208993	0.52591887	500.0	0.000108	
1949.0	0.7555	0.2391	0.0054	0.0	0.0	0.0	0.0	0.0	0.2391	1.4882	3.5e-05	0.0	0.000145	0.208708	0.5267544	500.0	0.000109	
1951.0	0.7672	0.2287	0.004	0.0	0.0	0.0	0.0	0.0	0.2288	1.4882	3.4e-05	0.0	0.000144	0.208432	0.52761424	500.0	0.000108	
1953.0	0.7603	0.2334	0.0063	0.0	0.0	0.0	0.0	0.0	0.2334	1.4882	3.4e-05	0.0	0.000143	0.208166	0.52849754	500.0	0.000108	
1955.0	0.7699	0.2249	0.0052	0.0	0.0	0.0	0.0	0.0	0.2249	1.4882	3.4e-05	0.0	0.000142	0.207911	0.52940486	500.0	0.000107	
1957.0	0.7679	0.2266	0.0055	0.0	0.0	0.0	0.0	0.0	0.2266	1.4882	3.3e-05	0.0	0.000139	0.207667	0.53033796	500.0	0.000106	
1959.0	0.7641	0.2293	0.0065	0.0	0.0	0.0	0.0	0.0	0.2293	1.4882	3.3e-05	0.0	0.000137	0.207435	0.53129457	500.0	0.000104	
1961.0	0.7697	0.2245	0.0058	0.0	0.0	0.0	0.0	0.0	0.2245	1.4882	3.2e-05	0.0	0.000135	0.207214	0.53227352	500.0	0.000103	
1963.0	0.7721	0.221	0.0069	0.0	0.0	0.0	0.0	0.0	0.221	1.4882	3.2e-05	0.0	0.000132	0.207005	0.53327379	500.0	0.000101	
1965.0	0.7762	0.2181	0.0058	0.0	0.0	0.0	0.0	0.0	0.2181	1.4882	3.1e-05	0.0	0.00013	0.206805	0.53429306	500.0	0.0001	
1967.0	0.7757	0.2173	0.007	0.0	0.0	0.0	0.0	0.0	0.2173	1.4882	3.1e-05	0.0	0.000127	0.206616	0.535329	500.0	9.8e-05	
1969.0	0.7798	0.2128	0.0074	0.0	0.0	0.0	0.0	0.0	0.2128	1.4882	3e-05	0.0	0.000125	0.206435	0.53637878	500.0	9.6e-05	
1971.0	0.7758	0.216	0.0083	0.0	0.0	0.0	0.0	0.0	0.216	1.4882	3e-05	0.0	0.000122	0.206263	0.53743982	500.0	9.5e-05	
1973.0	0.7844	0.2095	0.0061	0.0	0.0	0.0	0.0	0.0	0.2095	1.4882	2.9e-05	0.0	0.00012	0.206097	0.53850935	500.0	9.3e-05	
1975.0	0.7691	0.2225	0.0084	0.0	0.0	0.0	0.0	0.0	0.2225	1.4882	2.9e-05	0.0	0.000119	0.205937	0.5395824	500.0	9.3e-05	
1977.0	0.7822	0.2096	0.0082	0.0	0.0	0.0	0.0	0.0	0.2096	1.4882	2.9e-05	0.0	0.000118	0.20578	0.54065712	500.0	9.3e-05	
1979.0	0.7821	0.2113	0.0065	0.0	0.0	0.0	0.0	0.0	0.2114	1.4882	2.8e-05	0.0	0.000118	0.205627	0.54173165	500.0	9.3e-05	
1981.0	0.7757	0.216	0.0083	0.0	0.0	0.0	0.0	0.0	0.2161	1.4882	2.9e-05	0.0	0.000118	0.205475	0.54280197	500.0	9.3e-05	
1983.0	0.774	0.2187	0.0072	0.0	0.0	0.0	0.0	0.0	0.2188	1.4882	2.9e-05	0.0	0.000118	0.205324	0.54386605	500.0	9.4e-05	
1985.0	0.774	0.2179	0.0082	0.0	0.0	0.0	0.0	0.0	0.2179	1.4882	2.9e-05	0.0	0.000119	0.205173	0.5449223	500.0	9.5e-05	
1987.0	0.7736	0.2194	0.007	0.0	0.0	0.0	0.0	0.0	0.2194	1.4882	2.9e-05	0.0	0.00012	0.20502	0.54596849	500.0	9.6e-05	
1989.0	0.7789	0.2134	0.0078	0.0	0.0	0.0	0.0	0.0	0.2134	1.4882	2.9e-05	0.0	0.00012	0.204865	0.54700305	500.0	9.7e-05	
1991.0	0.7724	0.2199	0.0077	0.0	0.0	0.0	0.0	0.0	0.2199	1.4882	3e-05	0.0	0.000121	0.204706	0.54802479	500.0	9.8e-05	
1993.0	0.781	0.2111	0.0079	0.0	0.0	0.0	0.0	0.0	0.2112	1.4882	3e-05	0.0	0.000122	0.204544	0.54903268	500.0	9.9e-05	
1995.0	0.771	0.2226	0.0064	0.0	0.0	0.0	0.0	0.0	0.2226	1.4882	3e-05	0.0	0.000124	0.204377	0.55002601	500.0	0.000101	
1997.0	0.7657	0.2267	0.0076	0.0	0.0	0.0	0.0	0.0	0.2267	1.4882	3.1e-05	0.0	0.000125	0.204205	0.55100519	500.0	0.000102	
1999.0	0.7672	0.2231	0.0097	0.0	0.0	0.0	0.0	0.0	0.2231	1.4882	3.1e-05	0.0	0.000126	0.204028	0.55197047	500.0	0.000103	
2001.0	0.7592	0.2335	0.0073	0.0	0.0	0.0	0.0	0.0	0.2335	1.4882	3.1e-05	0.0	0.000128	0.203846	0.55292223	500.0	0.000105	
2003.0	0.7691	0.2241	0.0067	0.0	0.0	0.0	0.0	0.0	0.2241	1.4882	3.2e-05	0.0	0.00013	0.203659	0.5538621	500.0	0.000107	
2005.0	0.7671	0.226	0.0068	0.0	0.0	0.0	0.0	0.0	0.2261	1.4882	3.2e-05	0.0	0.000132	0.203468	0.55479155	500.0	0.000109	
2007.0	0.763	0.2303	0.0067	0.0	0.0	0.0	0.0	0.0	0.2303	1.4882	3.3e-05	0.0	0.000134	0.203272	0.55571178	500.0	0.000111	
2009.0	0.7495	0.2437	0.0067	0.0	0.0	0.0	0.0	0.0	0.2438	1.4882	3.4e-05	0.0	0.000136	0.203073	0.55662557	500.0	0.000113	
2011.0	0.7616	0.2307	0.0077	0.0	0.0	0.0	0.0	0.0	0.2307	1.4882	3.4e-05	0.0	0.000139	0.202872	0.55753496	500.0	0.000116	
2013.0	0.7503	0.243	0.0067	0.0	0.0	0.0	0.0	0.0	0.243	1.4882	3.5e-05	0.0	0.000142	0.202668	0.55844081	500.0	0.000119	
2015.0	0.7528	0.2423	0.0049	0.0	0.0	0.0	0.0	0.0	0.2423	1.4882	3.6e-05	0.0	0.000145	0.202464	0.55934732	500.0	0.000122	
2017.0	0.7476	0.2482	0.0042	0.0	0.0	0.0	0.0	0.0	0.2482	1.4882	3.7e-05	0.0	0.000149	0.202261	0.56025679	500.0	0.000125	
2019.0	0.7471	0.2478	0.0051	0.0	0.0	0.0	0.0	0.0	0.2478	1.4882	3.8e-05	0.0	0.000152	0.20206	0.56117151	500.0	0.000128	
2021.0	0.7415	0.2526	0.0059	0.0	0.0	0.0	0.0	0.0	0.2526	1.4882	3.9e-05	0.0	0.000156	0.201862	0.56209377	500.0	0.000132	
2023.0	0.7451	0.2499	0.005	0.0	0.0	0.0	0.0	0.0	0.2499	1.4882	3.9e-05	0.0	0.000159	0.201668	0.56302556	500.0	0.000135	
2025.0	0.7374	0.259	0.0036	0.0	0.0	0.0	0.0	0.0	0.2591	1.4882	4e-05	0.0	0.000162	0.201479	0.56396929	500.0	0.000138	
2027.0	0.7339	0.2615	0.0046	0.0	0.0	0.0	0.0	0.0	0.2616	1.4882	4.1e-05	0.0	0.000165	0.201297	0.56492582	500.0	0.000141	
2029.0	0.7318	0.2635	0.0047	0.0	0.0	0.0	0.0	0.0	0.2635	1.4882	4.2e-05	0.0	0.000168	0.201121	0.56589621	500.0	0.000144	
2031.0	0.7336	0.2614	0.005	0.0	0.0	0.0	0.0	0.0	0.2615	1.4882	4.2e-05	0.0	0.000171	0.200954	0.56688175	500.0	0.000146	
2033.0	0.7223	0.2728	0.0049	0.0	0.0	0.0	0.0	0.0	0.2728	1.4882	4.3e-05	0.0	0.000173	0.200794	0.56788248	500.0	0.000149	
2035.0	0.7235	0.2729	0.0037	0.0	0.0	0.0	0.0	0.0	0.2729	1.4882	4.4e-05	0.0	0.000176	0.200643	0.5688984	500.0	0.000151	
2037.0	0.7221	0.2736	0.0042	0.0	0.0	0.0	0.0	0.0	0.2737	1.4882	4.4e-05	0.0	0.000178	0.2005	0.56992996	500.0	0.000154	
2039.0	0.7247	0.2712	0.004	0.0	0.0	0.0	0.0	0.0	0.2713	1.4882	4.5e-05	0.0	0.000179	0.200367	0.57097621	500.0	0.000156	
2041.0	0.7201	0.2744	0.0055	0.0	0.0	0.0	0.0	0.0	0.2744	1.4882	4.5e-05	0.0	0.000181	0.200242	0.57203594	500.0	0.000158	
2043.0	0.718	0.2783	0.0037	0.0	0.0	0.0	0.0	0.0	0.2783	1.4882	4.6e-05	0.0	0.000183	0.200126	0.57310774	500.0	0.00016	
2045.0	0.7218	0.2743	0.0038	0.0	0.0	0.0	0.0	0.0	0.2743	1.4882	4.6e-05	0.0	0.000185	0.200017	0.57419032	500.0	0.000162	
2047.0	0.7196	0.2767	0.0037	0.0	0.0	0.0	0.0	0.0	0.2767	1.4882	4.7e-05	0.0	0.000187	0.199916	0.57528231	500.0	0.000164	
2049.0	0.7132	0.2835	0.0034	0.0	0.0	0.0	0.0	0.0	0.2835	1.4882	4.7e-05	0.0	0.000189	0.199822	0.57638215	500.0	0.000167	
2051.0	0.7034	0.2926	0.004	0.0	0.0	0.0	0.0	0.0	0.2926	1.4882	4.8e-05	0.0	0.000191	0.199734	0.57748801	500.0	0.000169	
2053.0	0.7162	0.2791	0.0047	0.0	0.0	0.0	0.0	0.0	0.2792	1.4882	4.8e-05	0.0	0.000192	0.199651	0.57859783	500.0	0.000171	
2055.0	0.7174	0.2798	0.0028	0.0	0.0	0.0	0.0	0.0	0.2798	1.4882	4.9e-05	0.0	0.000195	0.199572	0.57970885	500.0	0.000174	
2057.0	0.6975	0.2985	0.004	0.0	0.0	0.0	0.0	0.0	0.2985	1.4882	5e-05	0.0	0.000198	0.199497	0.58081873	500.0	0.000177	
2059.0	0.6961	0.2996	0.0043	0.0	0.0	0.0	0.0	0.0	0.2996	1.4882	5.1e-05	0.0	0.000201	0.199424	0.58192689	500.0	0.00018	
2061.0	0.7067	0.2897	0.0036	0.0	0.0	0.0	0.0	0.0	0.2897	1.4882	5.1e-05	0.0	0.000204	0.199353	0.58303141	500.0	0.000184	
2063.0	0.6984	0.2976	0.004	0.0	0.0	0.0	0.0	0.0	0.2976	1.4882	5.2e-05	0.0	0.000207	0.199282	0.5841305	500.0	0.000188	
2065.0	0.7009	0.2957	0.0035	0.0	0.0	0.0	0.0	0.0	0.2957	1.4882	5.3e-05	0.0	0.00021	0.199212	0.58522291	500.0	0.000191	
2067.0	0.6932	0.3038	0.003	0.0	0.0	0.0	0.0	0.0	0.3039	1.4882	5.4e-05	0.0	0.000213	0.199142	0.58630772	500.0	0.000195	
2069.0	0.6877	0.3097	0.0026	0.0	0.0	0.0	0.0	0.0	0.3097	1.4882	5.5e-05	0.0	0.000215	0.199071	0.58738504	500.0	0.000197	
2071.0	0.6928	0.303	0.0042	0.0	0.0	0.0	0.0	0.0	0.303	1.4882	5.5e-05	0.0	0.000217	0.198999	0.5884523	500.0	0.0002	
2073.0	0.6905	0.3077	0.0018	0.0	0.0	0.0	0.0	0.0	0.3077	1.4882	5.6e-05	0.0	0.000219	0.198923	0.58950892	500.0	0.000202	
2075.0	0.6985	0.2992	0.0023	0.0	0.0	0.0	0.0	0.0	0.2992	1.4882	5.6e-05	0.0	0.00022	0.198846	0.59055552	500.0	0.000204	
2077.0	0.6962	0.3013	0.0025	0.0	0.0	0.0	0.0	0.0	0.3014	1.4882	5.6e-05	0.0	0.000221	0.198765	0.59159075	500.0	0.000206	
2079.0	0.6854	0.3129	0.0017	0.0	0.0	0.0	0.0	0.0	0.3129	1.4882	5.7e-05	0.0	0.000222	0.19868	0.59261474	500.0	0.000207	
2081.0	0.682	0.3151	0.0029	0.0	0.0	0.0	0.0	0.0	0.3151	1.4882	5.7e-05	0.0	0.000223	0.198592	0.59362899	500.0	0.000208	
2083.0	0.6934	0.3041	0.0025	0.0	0.0	0.0	0.0	0.0	0.3042	1.4882	5.7e-05	0.0	0.000223	0.1985	0.5946329	500.0	0.000209	
2085.0	0.6764	0.3211	0.0025	0.0	0.0	0.0	0.0	0.0	0.3212	1.4882	5.7e-05	0.0	0.000224	0.198404	0.59562725	500.0	0.00021	
2087.0	0.6841	0.313	0.0029	0.0	0.0	0.0	0.0	0.0	0.313	1.4882	5.7e-05	0.0	0.000224	0.198305	0.59661348	500.0	0.000211	
2089.0	0.6804	0.3164	0.0032	0.0	0.0	0.0	0.0	0.0	0.3165	1.4882	5.7e-05	0.0	0.000224	0.198203	0.59759243	500.0	0.000212	
2091.0	0.6846	0.3125	0.0029	0.0	0.0	0.0	0.0	0.0	0.3125	1.4882	5.7e-05	0.0	0.000224	0.198098	0.5985654	500.0	0.000213	
2093.0	0.6835	0.3147	0.0018	0.0	0.0	0.0	0.0	0.0	0.3147	1.4882	5.8e-05	0.0	0.000225	0.197988	0.59953129	500.0	0.000215	
2095.0	0.6764	0.3218	0.0018	0.0	0.0	0.0	0.0	0.0	0.3218	1.4882	5.8e-05	0.0	0.000228	0.197877	0.60049357	500.0	0.000217	
2097.0	0.6765	0.3209	0.0027	0.0	0.0	0.0	0.0	0.0	0.3209	1.4882	5.9e-05	0.0	0.00023	0.197765	0.60145452	500.0	0.00022	
2099.0	0.6758	0.3222	0.002	0.0	0.0	0.0	0.0	0.0	0.3222	1.4882	6e-05	0.0	0.000234	0.19765	0.60241235	500.0	0.000225	
2101.0	0.6834	0.3151	0.0015	0.0	0.0	0.0	0.0	0.0	0.3151	1.4882	6.2e-05	0.0	0.00024	0.197534	0.60337055	500.0	0.000231	
2103.0	0.6708	0.3269	0.0023	0.0	0.0	0.0	0.0	0.0	0.3269	1.4882	6.3e-05	0.0	0.000245	0.19742	0.60433217	500.0	0.000237	
2105.0	0.6632	0.3344	0.0024	0.0	0.0	0.0	0.0	0.0	0.3344	1.4882	6.5e-05	0.0	0.000253	0.197305	0.60529501	500.0	0.000245	
2107.0	0.6592	0.338	0.0028	0.0	0.0	0.0	0.0	0.0	0.338	1.4882	6.8e-05	0.0	0.000262	0.197191	0.60626156	500.0	0.000254	
2109.0	0.6583	0.3398	0.0019	0.0	0.0	0.0	0.0	0.0	0.3398	1.4882	7e-05	0.0	0.000271	0.197081	0.60723538	500.0	0.000264	
2111.0	0.6552	0.3429	0.0019	0.0	0.0	0.0	0.0	0.0	0.3429	1.488194	7.3e-05	0.0	0.000281	0.196969	0.60819986	500.0	0.000274	
2113.0	0.6418	0.357	0.0012	0.0	0.0	0.0	0.0	0.0	0.357	1.488183	7.5e-05	0.0	0.00029	0.196856	0.60915547	500.0	0.000284	
2115.0	0.635	0.3633	0.0017	0.0	0.0	0.0	0.0	0.0	0.3633	1.488171	7.8e-05	0.0	0.000299	0.196748	0.61012065	500.0	0.000294	
2117.0	0.6361	0.3617	0.0022	0.0	0.0	0.0	0.0	0.0	0.3618	1.488156	8e-05	0.0	0.000308	0.196642	0.61108546	500.0	0.000303	
2119.0	0.637	0.3625	0.0005	0.0	0.0	0.0	0.0	0.0	0.3625	1.488135	8.2e-05	0.0	0.000316	0.196537	0.61204462	500.0	0.000312	
2121.0	0.6254	0.3729	0.0017	0.0	0.0	0.0	0.0	0.0	0.3729	1.488115	8.4e-05	0.0	0.000324	0.196438	0.61301379	500.0	0.00032	
2123.0	0.6142	0.3845	0.0012	0.0	0.0	0.0	0.0	0.0	0.3845	1.4881	8.6e-05	0.0	0.000331	0.196354	0.6140133	500.0	0.000328	
2125.0	0.6186	0.3798	0.0016	0.0	0.0	0.0	0.0	0.0	0.3798	1.4881	8.7e-05	0.0	0.000334	0.196294	0.61507094	500.0	0.000332	
2127.0	0.6167	0.3823	0.001	0.0	0.0	0.0	0.0	0.0	0.3823	1.4881	8.8e-05	0.0	0.000338	0.19624	0.61613695	500.0	0.000337	
2129.0	0.6111	0.3869	0.002	0.0	0.0	0.0	0.0	0.0	0.387	1.4881	8.9e-05	0.0	0.000341	0.196193	0.61721109	500.0	0.000341	
2131.0	0.6211	0.3772	0.0017	0.0	0.0	0.0	0.0	0.0	0.3772	1.4881	8.9e-05	0.0	0.000342	0.196154	0.61829437	500.0	0.000343	
2133.0	0.6137	0.3851	0.0012	0.0	0.0	0.0	0.0	0.0	0.3851	1.4881	9e-05	0.0	0.000344	0.19612	0.61938305	500.0	0.000346	
2135.0	0.6093	0.3891	0.0015	0.0	0.0	0.0	0.0	0.0	0.3892	1.4881	9e-05	0.0	0.000344	0.196092	0.62047649	500.0	0.000348	
2137.0	0.6142	0.3848	0.001	0.0	0.0	0.0	0.0	0.0	0.3848	1.4881	8.9e-05	0.0	0.000342	0.196072	0.62157803	500.0	0.000347	
2139.0	0.6182	0.3804	0.0014	0.0	0.0	0.0	0.0	0.0	0.3804	1.4881	8.9e-05	0.0	0.00034	0.196056	0.62268118	500.0	0.000345	
2141.0	0.6135	0.3847	0.0018	0.0	0.0	0.0	0.0	0.0	0.3847	1.4881	8.8e-05	0.0	0.000337	0.196043	0.62378462	500.0	0.000344	
2143.0	0.6162	0.3828	0.0011	0.0	0.0	0.0	0.0	0.0	0.3828	1.4881	8.7e-05	0.0	0.000333	0.196035	0.624889	500.0	0.000341	
2145.0	0.6135	0.3854	0.0012	0.0	0.0	0.0	0.0	0.0	0.3854	1.4881	8.7e-05	0.0	0.000329	0.19603	0.62599104	500.0	0.000338	
2147.0	0.6188	0.38	0.0012	0.0	0.0	0.0	0.0	0.0	0.38	1.4881	8.6e-05	0.0	0.000326	0.196026	0.62708947	500.0	0.000336	
2149.0	0.617	0.3817	0.0012	0.0	0.0	0.0	0.0	0.0	0.3818	1.4881	8.5e-05	0.0	0.000323	0.196021	0.62818104	500.0	0.000334	
2151.0	0.6126	0.3861	0.0012	0.0	0.0	0.0	0.0	0.0	0.3862	1.4881	8.5e-05	0.0	0.000321	0.196017	0.62926648	500.0	0.000333	
2153.0	0.6238	0.3745	0.0017	0.0	0.0	0.0	0.0	0.0	0.3745	1.4881	8.4e-05	0.0	0.000319	0.196013	0.63034497	500.0	0.000332	
2155.0	0.6205	0.3785	0.001	0.0	0.0	0.0	0.0	0.0	0.3786	1.4881	8.3e-05	0.0	0.000315	0.196009	0.63141729	500.0	0.000329	
2157.0	0.6241	0.374	0.0018	0.0	0.0	0.0	0.0	0.0	0.3741	1.4881	8.2e-05	0.0	0.000312	0.196005	0.63248141	500.0	0.000327	
2159.0	0.6115	0.3868	0.0016	0.0	0.0	0.0	0.0	0.0	0.3869	1.4881	8.1e-05	0.0	0.000308	0.195998	0.63353625	500.0	0.000324	
2161.0	0.6283	0.3703	0.0014	0.0	0.0	0.0	0.0	0.0	0.3703	1.4881	8e-05	0.0	0.000304	0.195992	0.6345829	500.0	0.00032	
2163.0	0.6167	0.3818	0.0014	0.0	0.0	0.0	0.0	0.0	0.3819	1.4881	7.9e-05	0.0	0.000298	0.195983	0.63562009	500.0	0.000316	
2165.0	0.6237	0.3744	0.0019	0.0	0.0	0.0	0.0	0.0	0.3744	1.4881	7.8e-05	0.0	0.000293	0.195971	0.63664698	500.0	0.000311	
2167.0	0.6308	0.3672	0.002	0.0	0.0	0.0	0.0	0.0	0.3672	1.4881	7.7e-05	0.0	0.000289	0.195956	0.63766259	500.0	0.000307	
2169.0	0.6389	0.3593	0.0018	0.0	0.0	0.0	0.0	0.0	0.3594	1.4881	7.6e-05	0.0	0.000285	0.195938	0.63866735	500.0	0.000304	
2171.0	0.6314	0.3665	0.0021	0.0	0.0	0.0	0.0	0.0	0.3666	1.4881	7.5e-05	0.0	0.000281	0.195916	0.63966215	500.0	0.0003	
2173.0	0.6361	0.362	0.0019	0.0	0.0	0.0	0.0	0.0	0.362	1.4881	7.4e-05	0.0	0.000278	0.19589	0.64064555	500.0	0.000298	
2175.0	0.6286	0.3691	0.0023	0.0	0.0	0.0	0.0	0.0	0.3692	1.4881	7.4e-05	0.0	0.000277	0.19586	0.64161807	500.0	0.000298	
2177.0	0.6312	0.3667	0.0021	0.0	0.0	0.0	0.0	0.0	0.3668	1.4881	7.3e-05	0.0	0.000275	0.195827	0.64258229	500.0	0.000297	
2179.0	0.6406	0.3577	0.0017	0.0	0.0	0.0	0.0	0.0	0.3577	1.4881	7.3e-05	0.0	0.000274	0.195791	0.64353831	500.0	0.000297	
2181.0	0.6349	0.3623	0.0028	0.0	0.0	0.0	0.0	0.0	0.3623	1.4881	7.3e-05	0.0	0.000274	0.195752	0.64448667	500.0	0.000297	
2183.0	0.6262	0.3703	0.0036	0.0	0.0	0.0	0.0	0.0	0.3703	1.4881	7.3e-05	0.0	0.000274	0.195711	0.6454293	500.0	0.000298	
2185.0	0.6365	0.361	0.0026	0.0	0.0	0.0	0.0	0.0	0.361	1.4881	7.3e-05	0.0	0.000274	0.195668	0.64636611	500.0	0.000299	
2187.0	0.6284	0.3697	0.0019	0.0	0.0	0.0	0.0	0.0	0.3697	1.4881	7.4e-05	0.0	0.000277	0.195622	0.6472966	500.0	0.000303	
2189.0	0.6242	0.3738	0.0019	0.0	0.0	0.0	0.0	0.0	0.3739	1.4881	7.5e-05	0.0	0.000279	0.195576	0.64822448	500.0	0.000306	
2191.0	0.6315	0.367	0.0015	0.0	0.0	0.0	0.0	0.0	0.367	1.4881	7.6e-05	0.0	0.000282	0.195529	0.64914972	500.0	0.00031	
2193.0	0.6274	0.3707	0.0019	0.0	0.0	0.0	0.0	0.0	0.3707	1.4881	7.7e-05	0.0	0.000288	0.195479	0.65006997	500.0	0.000318	
2195.0	0.6209	0.3769	0.0022	0.0	0.0	0.0	0.0	0.0	0.377	1.4881	7.9e-05	0.0	0.000294	0.19543	0.65099069	500.0	0.000325	
2197.0	0.6189	0.3794	0.0017	0.0	0.0	0.0	0.0	0.0	0.3795	1.4881	8.1e-05	0.0	0.000301	0.195383	0.65191203	500.0	0.000334	
2199.0	0.6098	0.3888	0.0013	0.0	0.0	0.0	0.0	0.0	0.3889	1.4881	8.4e-05	0.0	0.000313	0.195331	0.65282848	500.0	0.000347	
2201.0	0.5998	0.3987	0.0014	0.0	0.0	0.0	0.0	0.0	0.3988	1.4881	8.7e-05	0.0	0.000325	0.195282	0.65374794	500.0	0.000361	
2203.0	0.5966	0.4024	0.001	0.0	0.0	0.0	0.0	0.0	0.4024	1.4881	9.1e-05	0.0	0.000336	0.195237	0.65467106	500.0	0.000375	
2205.0	0.5992	0.3995	0.0012	0.0	0.0	0.0	0.0	0.0	0.3995	1.4881	9.6e-05	0.0	0.000355	0.195187	0.65558907	500.0	0.000397	
2207.0	0.5761	0.4228	0.0012	0.0	0.0	0.0	0.0	0.0	0.4228	1.4881	0.000101	0.0	0.000373	0.195141	0.65651172	500.0	0.000418	
2209.0	0.5728	0.4262	0.001	0.0	0.0	0.0	0.0	0.0	0.4263	1.4881	0.000106	0.0	0.000391	0.195099	0.65743935	500.0	0.00044	
2211.0	0.5677	0.4317	0.0006	0.0	0.0	0.0	0.0	0.0	0.4318	1.4881	0.000114	0.0	0.00042	0.195048	0.65835669	500.0	0.000474	
2213.0	0.5502	0.4493	0.0005	0.0	0.0	0.0	0.0	0.0	0.4494	1.4881	0.000122	0.0	0.000451	0.195001	0.65927754	500.0	0.000509	
2215.0	0.5474	0.4522	0.0004	0.0	0.0	0.0	0.0	0.0	0.4522	1.4881	0.000131	0.0	0.000481	0.194958	0.66020365	500.0	0.000545	
2217.0	0.5292	0.4703	0.0005	0.0	0.0	0.0	0.0	0.0	0.4703	1.4881	0.000142	0.0	0.000524	0.194904	0.66111719	500.0	0.000595	
2219.0	0.5173	0.4823	0.0004	0.0	0.0	0.0	0.0	0.0	0.4823	1.4881	0.000155	0.0	0.000571	0.194851	0.66203114	500.0	0.000649	
2221.0	0.5079	0.492	0.0001	0.0	0.0	0.0	0.0	0.0	0.4921	1.4881	0.000168	0.0	0.000617	0.194803	0.66294965	500.0	0.000703	
2223.0	0.4905	0.5095	0.0	0.0	0.0	0.0	0.0	0.0	0.5096	1.4881	0.000183	0.0	0.000674	0.194746	0.66385699	500.0	0.00077	
2225.0	0.4791	0.5207	0.0002	0.0	0.0	0.0	0.0	0.0	0.5207	1.4881	0.0002	0.0	0.000736	0.194687	0.66476132	500.0	0.000843	
2227.0	0.4637	0.5363	0.0	0.0	0.0	0.0	0.0	0.0	0.5364	1.4881	0.000218	0.0	0.000798	0.194632	0.66566874	500.0	0.000916	
2229.0	0.4546	0.5454	0.0	0.0	0.0	0.0	0.0	0.0	0.5454	1.4881	0.000237	0.0	0.000868	0.194571	0.66656671	500.0	0.000999	
2231.0	0.4346	0.5654	0.0	0.0	0.0	0.0	0.0	0.0	0.5654	1.4881	0.000258	0.0	0.000944	0.194505	0.66745843	500.0	0.001089	
2233.0	0.4233	0.5767	0.0	0.0	0.0	0.0	0.0	0.0	0.5768	1.4881	0.000279	0.0	0.00102	0.194442	0.66835125	500.0	0.00118	
2235.0	0.4101	0.5899	0.0	0.0	0.0	0.0	0.0	0.0	0.5899	1.4881	0.000302	0.0	0.001102	0.194375	0.66923622	500.0	0.001277	
2237.0	0.4033	0.5967	0.0	0.0	0.0	0.0	0.0	0.0	0.5968	1.4881	0.000326	0.0	0.00119	0.194302	0.67011249	500.0	0.001382	
2239.0	0.3859	0.6141	0.0	0.0	0.0	0.0	0.0	0.0	0.6142	1.4881	0.00035	0.0	0.001277	0.194231	0.67098769	500.0	0.001488	
2241.0	0.3731	0.6269	0.0	0.0	0.0	0.0	0.0	0.0	0.627	1.4881	0.000376	0.0	0.00137	0.194155	0.671854	500.0	0.001599	
2243.0	0.3687	0.6313	0.0	0.0	0.0	0.0	0.0	0.0	0.6314	1.4881	0.000404	0.0	0.001471	0.19407	0.67270704	500.0	0.00172	
2245.0	0.3576	0.6424	0.0	0.0	0.0	0.0	0.0	0.0	0.6425	1.4881	0.000432	0.0	0.001571	0.193985	0.67355699	500.0	0.001842	
2247.0	0.3389	0.6611	0.0	0.0	0.0	0.0	0.0	0.0	0.6612	1.4881	0.00046	0.0	0.001674	0.193897	0.67439931	500.0	0.001967	
2249.0	0.3307	0.6693	0.0	0.0	0.0	0.0	0.0	0.0	0.6694	1.4881	0.000491	0.0	0.001784	0.193799	0.67522809	500.0	0.0021	
2251.0	0.3219	0.6781	0.0	0.0	0.0	0.0	0.0	0.0	0.6781	1.4881	0.000522	0.0	0.001893	0.193701	0.67605214	500.0	0.002234	
2253.0	0.3147	0.6853	0.0	0.0	0.0	0.0	0.0	0.0	0.6853	1.4881	0.000552	0.0	0.002001	0.193604	0.67687352	500.0	0.002366	
2255.0	0.3072	0.6928	0.0	0.0	0.0	0.0	0.0	0.0	0.6928	1.4881	0.00058	0.0	0.0021	0.193514	0.67769962	500.0	0.002489	
2257.0	0.2956	0.7044	0.0	0.0	0.0	0.0	0.0	0.0	0.7045	1.4881	0.000608	0.0	0.0022	0.193422	0.67851982	500.0	0.002612	
2259.0	0.2981	0.7019	0.0	0.0	0.0	0.0	0.0	0.0	0.702	1.4881	0.000635	0.0	0.002296	0.193332	0.67933853	500.0	0.002732	
2261.0	0.2887	0.7113	0.0	0.0	0.0	0.0	0.0	0.0	0.7114	1.4881	0.000653	0.0	0.002358	0.193278	0.68019464	500.0	0.002813	
2263.0	0.2809	0.7191	0.0	0.0	0.0	0.0	0.0	0.0	0.7192	1.4881	0.000671	0.0	0.002421	0.193222	0.68104417	500.0	0.002894	
2265.0	0.2788	0.7212	0.0	0.0	0.0	0.0	0.0	0.0	0.7213	1.4881	0.000689	0.0	0.002484	0.193163	0.68188713	500.0	0.002976	
2267.0	0.2802	0.7198	0.0	0.0	0.0	0.0	0.0	0.0	0.7199	1.4881	0.000696	0.0	0.002506	0.19315	0.68277701	500.0	0.00301	
2269.0	0.2705	0.7295	0.0	0.0	0.0	0.0	0.0	0.0	0.7296	1.4881	0.000702	0.0	0.002528	0.193134	0.68366051	500.0	0.003043	
2271.0	0.2792	0.7208	0.0	0.0	0.0	0.0	0.0	0.0	0.7208	1.4881	0.000709	0.0	0.00255	0.193115	0.68453762	500.0	0.003077	
2273.0	0.2732	0.7268	0.0	0.0	0.0	0.0	0.0	0.0	0.7269	1.4881	0.000712	0.0	0.002557	0.193112	0.68542819	500.0	0.003093	
2275.0	0.2718	0.7282	0.0	0.0	0.0	0.0	0.0	0.0	0.7282	1.4881	0.000714	0.0	0.002563	0.193109	0.68631516	500.0	0.003107	
2277.0	0.2728	0.7272	0.0	0.0	0.0	0.0	0.0	0.0	0.7273	1.4881	0.000716	0.0	0.002568	0.193104	0.68719665	500.0	0.00312	
2279.0	0.2714	0.7286	0.0	0.0	0.0	0.0	0.0	0.0	0.7287	1.4881	0.000721	0.0	0.002584	0.193085	0.68805996	500.0	0.003146	
2281.0	0.2692	0.7308	0.0	0.0	0.0	0.0	0.0	0.0	0.7309	1.4881	0.000727	0.0	0.002602	0.193062	0.68891543	500.0	0.003175	
2283.0	0.2691	0.7309	0.0	0.0	0.0	0.0	0.0	0.0	0.731	1.4881	0.000732	0.0	0.00262	0.193038	0.68976694	500.0	0.003204	
2285.0	0.2642	0.7358	0.0	0.0	0.0	0.0	0.0	0.0	0.7359	1.4881	0.000741	0.0	0.002649	0.192999	0.69060036	500.0	0.003246	
2287.0	0.2638	0.7362	0.0	0.0	0.0	0.0	0.0	0.0	0.7363	1.4881	0.000751	0.0	0.002683	0.192954	0.69142457	500.0	0.003295	
2289.0	0.2647	0.7353	0.0	0.0	0.0	0.0	0.0	0.0	0.7353	1.4881	0.000761	0.0	0.002717	0.192909	0.69224653	500.0	0.003343	
2291.0	0.2596	0.7404	0.0	0.0	0.0	0.0	0.0	0.0	0.7404	1.4881	0.000771	0.0	0.002748	0.192868	0.69307052	500.0	0.003388	
2293.0	0.2547	0.7453	0.0	0.0	0.0	0.0	0.0	0.0	0.7453	1.4881	0.00078	0.0	0.002777	0.19283	0.69389579	500.0	0.003431	
2295.0	0.2618	0.7382	0.0	0.0	0.0	0.0	0.0	0.0	0.7382	1.4881	0.000788	0.0	0.002806	0.192793	0.69472021	500.0	0.003474	
2297.0	0.2567	0.7433	0.0	0.0	0.0	0.0	0.0	0.0	0.7433	1.4881	0.000793	0.0	0.00282	0.192776	0.69556419	500.0	0.003498	
2299.0	0.2487	0.7513	0.0	0.0	0.0	0.0	0.0	0.0	0.7514	1.4881	0.000793	0.0	0.002817	0.19278	0.69642823	500.0	0.003502	
2301.0	0.2571	0.7429	0.0	0.0	0.0	0.0	0.0	0.0	0.7429	1.4881	0.000793	0.0	0.002815	0.192786	0.69729227	500.0	0.003506	
2303.0	0.246	0.754	0.0	0.0	0.0	0.0	0.0	0.0	0.7541	1.4881	0.000787	0.0	0.002791	0.192819	0.69818348	500.0	0.003485	
2305.0	0.2565	0.7435	0.0	0.0	0.0	0.0	0.0	0.0	0.7436	1.4881	0.000772	0.0	0.002735	0.192893	0.69911589	500.0	0.003423	
2307.0	0.2613	0.7387	0.0	0.0	0.0	0.0	0.0	0.0	0.7388	1.4881	0.000757	0.0	0.002679	0.192971	0.70004849	500.0	0.003362	
2309.0	0.2642	0.7358	0.0	0.0	0.0	0.0	0.0	0.0	0.7358	1.4881	0.000738	0.0	0.002612	0.193064	0.7009955	500.0	0.003286	
2311.0	0.2648	0.7352	0.0	0.0	0.0	0.0	0.0	0.0	0.7352	1.4881	0.000713	0.0	0.002518	0.193193	0.70197622	500.0	0.003177	
2313.0	0.2742	0.7258	0.0	0.0	0.0	0.0	0.0	0.0	0.7258	1.4881	0.000687	0.0	0.002425	0.193325	0.70295696	500.0	0.003067	
2315.0	0.2701	0.7299	0.0	0.0	0.0	0.0	0.0	0.0	0.73	1.4881	0.000661	0.0	0.002332	0.19346	0.70393713	500.0	0.002958	
2317.0	0.2781	0.7219	0.0	0.0	0.0	0.0	0.0	0.0	0.722	1.4881	0.000636	0.0	0.002241	0.193596	0.704915	500.0	0.00285	
2319.0	0.2908	0.7092	0.0	0.0	0.0	0.0	0.0	0.0	0.7093	1.4881	0.000611	0.0	0.002151	0.193735	0.70589259	500.0	0.002742	
2321.0	0.2917	0.7083	0.0	0.0	0.0	0.0	0.0	0.0	0.7084	1.4881	0.000586	0.0	0.002063	0.193875	0.70686669	500.0	0.002637	
2323.0	0.3042	0.6958	0.0	0.0	0.0	0.0	0.0	0.0	0.6959	1.4881	0.000568	0.0	0.001998	0.193991	0.70781163	500.0	0.002561	
2325.0	0.3007	0.6993	0.0	0.0	0.0	0.0	0.0	0.0	0.6994	1.4881	0.00055	0.0	0.001933	0.194109	0.70875579	500.0	0.002484	
2327.0	0.3038	0.6962	0.0	0.0	0.0	0.0	0.0	0.0	0.6963	1.4881	0.000532	0.0	0.001868	0.19423	0.70969888	500.0	0.002408	
2329.0	0.2971	0.7029	0.0	0.0	0.0	0.0	0.0	0.0	0.7029	1.4881	0.000524	0.0	0.001838	0.194312	0.71059818	500.0	0.002375	
2331.0	0.3065	0.6935	0.0	0.0	0.0	0.0	0.0	0.0	0.6936	1.4881	0.000516	0.0	0.001808	0.194396	0.71149581	500.0	0.002342	
2333.0	0.2994	0.7006	0.0	0.0	0.0	0.0	0.0	0.0	0.7006	1.4881	0.000508	0.0	0.001779	0.194482	0.71239158	500.0	0.002309	
2335.0	0.3073	0.6927	0.0	0.0	0.0	0.0	0.0	0.0	0.6927	1.4881	0.000506	0.0	0.001768	0.194547	0.7132617	500.0	0.002301	
2337.0	0.3143	0.6857	0.0	0.0	0.0	0.0	0.0	0.0	0.6857	1.4881	0.000504	0.0	0.00176	0.194611	0.71412663	500.0	0.002296	
2339.0	0.3096	0.6904	0.0	0.0	0.0	0.0	0.0	0.0	0.6904	1.4881	0.000502	0.0	0.001752	0.194676	0.71498872	500.0	0.002291	
2341.0	0.3042	0.6958	0.0	0.0	0.0	0.0	0.0	0.0	0.6959	1.4881	0.000501	0.0	0.001748	0.194737	0.7158424	500.0	0.002292	
2343.0	0.3069	0.6931	0.0	0.0	0.0	0.0	0.0	0.0	0.6931	1.4881	0.000501	0.0	0.001746	0.194798	0.71669121	500.0	0.002293	
2345.0	0.3138	0.6862	0.0	0.0	0.0	0.0	0.0	0.0	0.6863	1.4881	0.0005	0.0	0.001743	0.194859	0.71753611	500.0	0.002295	
2347.0	0.314	0.686	0.0	0.0	0.0	0.0	0.0	0.0	0.6861	1.4881	0.000499	0.0	0.001736	0.194926	0.71838213	500.0	0.002291	
2349.0	0.2979	0.7021	0.0	0.0	0.0	0.0	0.0	0.0	0.7022	1.4881	0.000497	0.0	0.001727	0.194995	0.71922591	500.0	0.002285	
2351.0	0.3096	0.6904	0.0	0.0	0.0	0.0	0.0	0.0	0.6904	1.4881	0.000494	0.0	0.001718	0.195064	0.72006486	500.0	0.002278	
2353.0	0.3027	0.6973	0.0	0.0	0.0	0.0	0.0	0.0	0.6974	1.4881	0.00049	0.0	0.0017	0.195143	0.72090956	500.0	0.002259	
2355.0	0.3152	0.6848	0.0	0.0	0.0	0.0	0.0	0.0	0.6849	1.4881	0.000483	0.0	0.001676	0.195229	0.72175625	500.0	0.002233	
2357.0	0.3112	0.6888	0.0	0.0	0.0	0.0	0.0	0.0	0.6889	1.4881	0.000477	0.0	0.001651	0.195313	0.7225974	500.0	0.002206	
2359.0	0.3121	0.6879	0.0	0.0	0.0	0.0	0.0	0.0	0.6879	1.4881	0.00047	0.0	0.001628	0.195396	0.72343244	500.0	0.002179	
2361.0	0.3106	0.6894	0.0	0.0	0.0	0.0	0.0	0.0	0.6895	1.4881	0.000464	0.0	0.001604	0.195477	0.72426127	500.0	0.002153	
2363.0	0.3218	0.6782	0.0	0.0	0.0	0.0	0.0	0.0	0.6782	1.4881	0.000457	0.0	0.001581	0.195556	0.72508434	500.0	0.002126	
2365.0	0.3112	0.6888	0.0	0.0	0.0	0.0	0.0	0.0	0.6889	1.4881	0.000452	0.0	0.001563	0.195627	0.72589614	500.0	0.002106	
2367.0	0.3164	0.6836	0.0	0.0	0.0	0.0	0.0	0.0	0.6837	1.4881	0.000449	0.0	0.001551	0.195687	0.7266939	500.0	0.002095	
2369.0	0.314	0.686	0.0	0.0	0.0	0.0	0.0	0.0	0.6861	1.4881	0.000447	0.0	0.00154	0.195745	0.72748612	500.0	0.002084	
2371.0	0.3211	0.6789	0.0	0.0	0.0	0.0	0.0	0.0	0.679	1.4881	0.000445	0.0	0.001532	0.195796	0.72826848	500.0	0.002079	
2373.0	0.3253	0.6747	0.0	0.0	0.0	0.0	0.0	0.0	0.6748	1.4881	0.000446	0.0	0.001534	0.195833	0.7290351	500.0	0.002085	
2375.0	0.3163	0.6837	0.0	0.0	0.0	0.0	0.0	0.0	0.6838	1.4881	0.000446	0.0	0.001535	0.195868	0.72979677	500.0	0.002091	
2377.0	0.3156	0.6844	0.0	0.0	0.0	0.0	0.0	0.0	0.6845	1.4881	0.000448	0.0	0.001538	0.195899	0.73055269	500.0	0.002099	
2379.0	0.3194	0.6806	0.0	0.0	0.0	0.0	0.0	0.0	0.6806	1.4881	0.00045	0.0	0.001544	0.195924	0.73129992	500.0	0.002111	
2381.0	0.3123	0.6877	0.0	0.0	0.0	0.0	0.0	0.0	0.6877	1.4881	0.000452	0.0	0.00155	0.195946	0.73204304	500.0	0.002123	
2383.0	0.3164	0.6836	0.0	0.0	0.0	0.0	0.0	0.0	0.6837	1.4881	0.000454	0.0	0.001557	0.195965	0.73278102	500.0	0.002137	
2385.0	0.3172	0.6828	0.0	0.0	0.0	0.0	0.0	0.0	0.6828	1.4881	0.00046	0.0	0.001576	0.195969	0.7335029	500.0	0.002166	
2387.0	0.3075	0.6925	0.0	0.0	0.0	0.0	0.0	0.0	0.6926	1.4881	0.000466	0.0	0.001594	0.19597	0.73422176	500.0	0.002195	
2389.0	0.3054	0.6946	0.0	0.0	0.0	0.0	0.0	0.0	0.6947	1.4881	0.000472	0.0	0.001612	0.195971	0.73493798	500.0	0.002224	
2391.0	0.3176	0.6824	0.0	0.0	0.0	0.0	0.0	0.0	0.6825	1.4881	0.000475	0.0	0.001624	0.195978	0.73565962	500.0	0.002244	
2393.0	0.3019	0.6981	0.0	0.0	0.0	0.0	0.0	0.0	0.6981	1.4881	0.000479	0.0	0.001635	0.195985	0.73637931	500.0	0.002264	
2395.0	0.303	0.697	0.0	0.0	0.0	0.0	0.0	0.0	0.6971	1.4881	0.000483	0.0	0.001647	0.19599	0.73709739	500.0	0.002284	
2397.0	0.2986	0.7013	0.0001	0.0	0.0	0.0	0.0	0.0	0.7014	1.4881	0.000487	0.0	0.00166	0.195994	0.73781236	500.0	0.002306	
2399.0	0.303	0.697	0.0	0.0	0.0	0.0	0.0	0.0	0.6971	1.4881	0.000491	0.0	0.001673	0.195996	0.73852619	500.0	0.002328	
2401.0	0.3009	0.6991	0.0	0.0	0.0	0.0	0.0	0.0	0.6992	1.4881	0.000496	0.0	0.001686	0.195999	0.73923941	500.0	0.00235	
2403.0	0.2929	0.7071	0.0	0.0	0.0	0.0	0.0	0.0	0.7072	1.4881	0.0005	0.0	0.001699	0.196003	0.73995328	500.0	0.002371	
2405.0	0.2898	0.7102	0.0	0.0	0.0	0.0	0.0	0.0	0.7102	1.4881	0.000504	0.0	0.001711	0.196008	0.74066733	500.0	0.002392	
2407.0	0.2966	0.7034	0.0	0.0	0.0	0.0	0.0	0.0	0.7035	1.4881	0.000508	0.0	0.001723	0.196014	0.74138155	500.0	0.002413	
2409.0	0.2896	0.7104	0.0	0.0	0.0	0.0	0.0	0.0	0.7104	1.4881	0.000512	0.0	0.001735	0.196021	0.74209559	500.0	0.002434	
2411.0	0.2893	0.7107	0.0	0.0	0.0	0.0	0.0	0.0	0.7107	1.4881	0.000516	0.0	0.001748	0.196028	0.74280993	500.0	0.002456	
2413.0	0.2926	0.7074	0.0	0.0	0.0	0.0	0.0	0.0	0.7075	1.4881	0.00052	0.0	0.001761	0.196036	0.74352494	500.0	0.002478	
2415.0	0.2803	0.7197	0.0	0.0	0.0	0.0	0.0	0.0	0.7198	1.4881	0.000524	0.0	0.001772	0.196049	0.7442427	500.0	0.002498	
2417.0	0.2851	0.7149	0.0	0.0	0.0	0.0	0.0	0.0	0.715	1.4881	0.000527	0.0	0.001781	0.196065	0.74496262	500.0	0.002516	
2419.0	0.2884	0.7116	0.0	0.0	0.0	0.0	0.0	0.0	0.7117	1.4881	0.00053	0.0	0.001791	0.196083	0.74568333	500.0	0.002533	
2421.0	0.2887	0.7113	0.0	0.0	0.0	0.0	0.0	0.0	0.7114	1.4881	0.000534	0.0	0.001803	0.1961	0.74640234	500.0	0.002555	
2423.0	0.2725	0.7275	0.0	0.0	0.0	0.0	0.0	0.0	0.7276	1.4881	0.000539	0.0	0.001817	0.196117	0.74711955	500.0	0.002579	
2425.0	0.2705	0.7295	0.0	0.0	0.0	0.0	0.0	0.0	0.7296	1.4881	0.000544	0.0	0.001832	0.196135	0.74783742	500.0	0.002604	
2427.0	0.2818	0.7182	0.0	0.0	0.0	0.0	0.0	0.0	0.7182	1.4881	0.00055	0.0	0.001851	0.19615	0.74855045	500.0	0.002635	
2429.0	0.2686	0.7314	0.0	0.0	0.0	0.0	0.0	0.0	0.7315	1.4881	0.000558	0.0	0.001878	0.196157	0.7492557	500.0	0.002678	
2431.0	0.273	0.727	0.0	0.0	0.0	0.0	0.0	0.0	0.7271	1.4881	0.000567	0.0	0.001905	0.196167	0.74996123	500.0	0.002721	
2433.0	0.2706	0.7294	0.0	0.0	0.0	0.0	0.0	0.0	0.7295	1.4881	0.000575	0.0	0.00193	0.19618	0.75066822	500.0	0.002762	
2435.0	0.2645	0.7355	0.0	0.0	0.0	0.0	0.0	0.0	0.7355	1.4881	0.000582	0.0	0.001952	0.1962	0.75137834	500.0	0.002798	
2437.0	0.2643	0.7357	0.0	0.0	0.0	0.0	0.0	0.0	0.7357	1.4881	0.000589	0.0	0.001975	0.196222	0.75208797	500.0	0.002835	
2439.0	0.2651	0.7349	0.0	0.0	0.0	0.0	0.0	0.0	0.735	1.4881	0.000596	0.0	0.001995	0.196248	0.75279827	500.0	0.00287	
2441.0	0.2556	0.7444	0.0	0.0	0.0	0.0	0.0	0.0	0.7445	1.4881	0.000601	0.0	0.002011	0.196284	0.75351346	500.0	0.002897	
2443.0	0.2586	0.7414	0.0	0.0	0.0	0.0	0.0	0.0	0.7415	1.4881	0.000606	0.0	0.002026	0.196321	0.75422719	500.0	0.002924	
2445.0	0.2567	0.7433	0.0	0.0	0.0	0.0	0.0	0.0	0.7433	1.4881	0.00061	0.0	0.002037	0.196364	0.75494283	500.0	0.002946	
2447.0	0.2625	0.7375	0.0	0.0	0.0	0.0	0.0	0.0	0.7376	1.4881	0.000604	0.0	0.002016	0.196451	0.75569094	500.0	0.00292	
2449.0	0.2587	0.7413	0.0	0.0	0.0	0.0	0.0	0.0	0.7414	1.4881	0.000598	0.0	0.001994	0.196539	0.75643634	500.0	0.002895	
2451.0	0.2677	0.7323	0.0	0.0	0.0	0.0	0.0	0.0	0.7324	1.4881	0.000592	0.0	0.001973	0.196628	0.75717875	500.0	0.002869	
2453.0	0.2637	0.7363	0.0	0.0	0.0	0.0	0.0	0.0	0.7364	1.4881	0.000581	0.0	0.001936	0.196739	0.75793443	500.0	0.00282	
2455.0	0.2715	0.7285	0.0	0.0	0.0	0.0	0.0	0.0	0.7286	1.4881	0.000571	0.0	0.001898	0.196851	0.75868645	500.0	0.002771	
2457.0	0.2675	0.7325	0.0	0.0	0.0	0.0	0.0	0.0	0.7326	1.4881	0.00056	0.0	0.001861	0.196964	0.75943446	500.0	0.002722	
2459.0	0.2695	0.7305	0.0	0.0	0.0	0.0	0.0	0.0	0.7305	1.4881	0.000551	0.0	0.001831	0.197067	0.76017061	500.0	0.002684	
2461.0	0.2737	0.7263	0.0	0.0	0.0	0.0	0.0	0.0	0.7264	1.4881	0.000543	0.0	0.001802	0.197169	0.76090139	500.0	0.002647	
2463.0	0.2747	0.7253	0.0	0.0	0.0	0.0	0.0	0.0	0.7253	1.4881	0.000535	0.0	0.001773	0.197271	0.76162747	500.0	0.002609	
2465.0	0.2817	0.7183	0.0	0.0	0.0	0.0	0.0	0.0	0.7184	1.4881	0.000524	0.0	0.001736	0.197384	0.76235729	500.0	0.002559	
2467.0	0.2797	0.7203	0.0	0.0	0.0	0.0	0.0	0.0	0.7203	1.4881	0.000512	0.0	0.001697	0.197499	0.76308415	500.0	0.002506	
2469.0	0.2869	0.7131	0.0	0.0	0.0	0.0	0.0	0.0	0.7131	1.4881	0.000501	0.0	0.001657	0.197613	0.76380567	500.0	0.002453	
2471.0	0.2853	0.7147	0.0	0.0	0.0	0.0	0.0	0.0	0.7148	1.4881	0.00049	0.0	0.001621	0.197723	0.76451898	500.0	0.002403	
2473.0	0.2813	0.7187	0.0	0.0	0.0	0.0	0.0	0.0	0.7188	1.4881	0.00048	0.0	0.001585	0.19783	0.76522552	500.0	0.002355	
2475.0	0.2947	0.7053	0.0	0.0	0.0	0.0	0.0	0.0	0.7053	1.4881	0.00047	0.0	0.00155	0.197936	0.76592642	500.0	0.002307	
2477.0	0.2927	0.7073	0.0	0.0	0.0	0.0	0.0	0.0	0.7074	1.4881	0.00046	0.0	0.001516	0.198039	0.76661997	500.0	0.002261	
2479.0	0.2883	0.7117	0.0	0.0	0.0	0.0	0.0	0.0	0.7118	1.4881	0.00045	0.0	0.001484	0.198139	0.7673067	500.0	0.002217	
2481.0	0.2955	0.7045	0.0	0.0	0.0	0.0	0.0	0.0	0.7046	1.4881	0.000441	0.0	0.001452	0.198237	0.76798772	500.0	0.002173	
2483.0	0.3063	0.6937	0.0	0.0	0.0	0.0	0.0	0.0	0.6938	1.4881	0.00043	0.0	0.001413	0.198341	0.76866902	500.0	0.002119	
2485.0	0.3016	0.6984	0.0	0.0	0.0	0.0	0.0	0.0	0.6985	1.4881	0.000417	0.0	0.001369	0.198452	0.76935072	500.0	0.002056	
2487.0	0.3025	0.6975	0.0	0.0	0.0	0.0	0.0	0.0	0.6976	1.4881	0.000403	0.0	0.001325	0.198561	0.77002681	500.0	0.001994	
2489.0	0.3139	0.6861	0.0	0.0	0.0	0.0	0.0	0.0	0.6862	1.4881	0.000391	0.0	0.001282	0.198667	0.77069652	500.0	0.001932	

Input file:
mc
output:single_layer_example
particle1:green.txt
particle2:tio2.txt
matrix1:acrylic.txt
mesh:1
light:am15.txt
emit1:green_emis.txt
excit_start_end1:302,900
qy1:green_qy.txt
photons:10000
start:301
end:2490
interval:2

sim:3
upper:1
lower:1
layer1
matrix1
t:500
particle1
fluor:1
d:10
vf:25
dist:0
particle2
fluor:0
d:0.4
vf:10
dist:0
