Sim 2

Light Normalized Radiosity: 91.86454%
Light Absorptance (heat generated by Stokes shift, Quantum Yield, non-fluorescent particles, and medium ): 6.93569%
Light Transmittance: 1.19977%
Stokes Shift Absorptance (converted to heat): 0.58305%
Quantum Yield Absorptance (converted to heat): 0.89127%
Total Fluorescent Absorptance (absorptance of photons by fluorescent particles): 4.45568%
Fluorescent Absorptance (converted to fluorescent emission): 2.98163%
Reflectance by Fluorescent Emission: 2.89266%
Non-Fluorescent Particles and Medium Absorptance (converted to heat): 5.46199%

Note: In the column headers below, the number in parentheses indicates the layer number for each attenuation coefficient (e.g., mu_s(1), mu_med(1), mu_a(1), mu_af(1) for layer 1)
Note: The units are based on micrometer
Wavelength	Normalized Radiosity	Absorptance	Transmittance	Stokes Shift Absorptance	Quantum Yield Absorptance	Total Fluorescent Absorptance	Reflectance (via fluorescent emission)	Fluorescent Absorptance	Non-Fluorescent Particles/Medium Absorptance	n_medium(1)	k_medium(1)	mu_a(non-fluorescent)(1)	mu_a(medium)(1)	mu_s(1)	g(1)	Thickness(1)	mu_a(fluorescent)1(1)
301.0	0.0468	0.9417	0.0	0.0081	0.0051	0.0249	0.0	0.0117	0.9286	1.527336	1e-06	0.574028	3.2e-05	0.653802	0.82749343	500.0	0.015453	
303.0	0.0477	0.9389	0.0	0.0092	0.0072	0.0298	0.0	0.0134	0.9226	1.526609	1e-06	0.576022	2.9e-05	0.648823	0.82755799	500.0	0.018619	
305.0	0.0464	0.9394	0.0	0.0099	0.0067	0.031	0.0	0.0144	0.9229	1.525881	1e-06	0.578011	2.6e-05	0.647368	0.82816922	500.0	0.018801	
307.0	0.0461	0.9402	0.0	0.0094	0.0055	0.0285	0.0	0.0137	0.9255	1.525152	1e-06	0.580003	2.4e-05	0.646056	0.82876085	500.0	0.018858	
309.0	0.0475	0.938	0.0	0.0096	0.0067	0.031	0.0	0.0147	0.9218	1.524458	1e-06	0.581999	2.1e-05	0.644661	0.82930003	500.0	0.018944	
311.0	0.0467	0.9388	0.0	0.0096	0.0063	0.0307	0.0	0.0148	0.923	1.523788	1e-06	0.583989	1.8e-05	0.643198	0.82977511	500.0	0.019023	
313.0	0.0472	0.9377	0.0	0.0095	0.0062	0.0308	0.0	0.0151	0.9221	1.523144	0.0	0.585982	1.6e-05	0.641605	0.83016527	500.0	0.019102	
315.0	0.0467	0.9384	0.0	0.0094	0.0069	0.0313	0.0	0.015	0.9222	1.522519	0.0	0.587986	1.3e-05	0.639823	0.83043743	500.0	0.019173	
317.0	0.0463	0.9382	0.0	0.0095	0.0058	0.0309	0.0	0.0155	0.923	1.521895	0.0	0.58999	1e-05	0.637797	0.83053606	500.0	0.019239	
319.0	0.0452	0.9406	0.0	0.0087	0.0068	0.0299	0.0	0.0143	0.9252	1.521272	0.0	0.591974	8e-06	0.635498	0.83038686	500.0	0.019293	
321.0	0.0459	0.9379	0.0	0.0097	0.0054	0.0314	0.0	0.0163	0.923	1.520694	0.0	0.593897	6e-06	0.632944	0.82990596	500.0	0.019334	
323.0	0.0455	0.9401	0.0	0.0086	0.0065	0.0298	0.0	0.0146	0.9251	1.520123	0.0	0.595646	4e-06	0.630293	0.82895926	500.0	0.019363	
325.0	0.0465	0.9393	0.0	0.0083	0.0061	0.0287	0.0	0.0143	0.925	1.51955	0.0	0.597057	3e-06	0.62791	0.82749673	500.0	0.019385	
327.0	0.0462	0.9388	0.0	0.0084	0.0053	0.0288	0.0	0.0151	0.9252	1.518986	0.0	0.597783	2e-06	0.626444	0.82546343	500.0	0.019403	
329.0	0.0442	0.9407	0.0	0.0084	0.0047	0.0283	0.0	0.0153	0.9277	1.51846	0.0	0.597301	1e-06	0.626979	0.82297691	500.0	0.019411	
331.0	0.0464	0.9374	0.0	0.0089	0.0054	0.0305	0.0	0.0162	0.9233	1.51794	0.0	0.594747	1e-06	0.631112	0.82014608	500.0	0.019416	
333.0	0.0456	0.9392	0.0	0.0082	0.005	0.0285	0.0	0.0153	0.9261	1.517421	0.0	0.589273	0.0	0.641359	0.81751455	500.0	0.019419	
335.0	0.0466	0.9358	0.0	0.0094	0.0063	0.0335	0.0	0.0178	0.9201	1.516911	0.0	0.579974	0.0	0.660706	0.81493593	500.0	0.01942	
337.0	0.0463	0.9385	0.0	0.008	0.0052	0.0285	0.0	0.0153	0.9253	1.516442	0.0	0.56746	0.0	0.691879	0.81258641	500.0	0.019419	
339.0	0.0476	0.9353	0.0	0.0088	0.0062	0.0323	0.0	0.0172	0.9203	1.515974	0.0	0.553944	0.0	0.734681	0.81031548	500.0	0.019418	
341.0	0.0481	0.9339	0.0	0.0092	0.0068	0.0341	0.0	0.0181	0.9181	1.515506	0.0	0.541418	0.0	0.785215	0.80756324	500.0	0.019416	
343.0	0.0485	0.9344	0.0	0.0086	0.007	0.0331	0.0	0.0175	0.9189	1.515038	0.0	0.530215	0.0	0.836135	0.80405063	500.0	0.019413	
345.0	0.0492	0.9323	0.0	0.0089	0.0071	0.0347	0.0	0.0187	0.9164	1.51457	0.0	0.516372	0.0	0.882681	0.79958011	500.0	0.019409	
347.0	0.0502	0.9305	0.0	0.0094	0.0057	0.0348	0.0	0.0197	0.9156	1.514123	0.0	0.495619	0.0	0.927893	0.79516296	500.0	0.019405	
349.0	0.0534	0.9249	0.0	0.0101	0.0053	0.0373	0.0	0.0219	0.9097	1.513708	0.0	0.458902	0.0	0.977438	0.79332417	500.0	0.019402	
351.0	0.0548	0.9196	0.0	0.0122	0.0071	0.0453	0.0	0.0261	0.9005	1.513292	0.0	0.399661	0.0	1.028295	0.79660095	500.0	0.019399	
353.0	0.0576	0.9161	0.0	0.0119	0.01	0.0485	0.0	0.0266	0.8943	1.512878	0.0	0.343835	0.0	1.077924	0.80057387	500.0	0.019397	
355.0	0.0615	0.9086	0.0	0.0134	0.0123	0.0561	0.0	0.0304	0.883	1.51249	0.0	0.306209	0.0	1.118467	0.79781075	500.0	0.019395	
357.0	0.062	0.9058	0.0	0.0139	0.0126	0.059	0.0	0.0326	0.8794	1.512126	0.0	0.286728	0.0	1.142971	0.78401148	500.0	0.019394	
359.0	0.0689	0.8969	0.0	0.0148	0.0127	0.062	0.0	0.0345	0.8694	1.511727	0.0	0.296097	0.0	1.152278	0.75334764	500.0	0.019392	
361.0	0.0725	0.8947	0.0	0.0138	0.0101	0.0571	0.0	0.0332	0.8709	1.511312	0.0	0.307486	0.0	1.140926	0.69794163	500.0	0.019391	
363.0	0.0874	0.8745	0.0	0.0157	0.0148	0.0688	0.0	0.0383	0.8441	1.510934	0.0	0.223026	0.0	1.074405	0.6596778	500.0	0.019389	
365.0	0.1052	0.8429	0.0	0.0213	0.0184	0.0924	0.0	0.0527	0.8032	1.510574	0.0	0.176198	0.0	1.049992	0.61553405	500.0	0.019388	
367.0	0.1303	0.813	0.0	0.0225	0.0211	0.1009	0.0	0.0573	0.7694	1.510248	0.0	0.155102	0.0	1.09584	0.55675143	500.0	0.019387	
369.0	0.1554	0.7899	0.0	0.0216	0.0202	0.0971	0.0	0.0552	0.7481	1.509935	0.0	0.139312	0.0	1.172539	0.50061036	500.0	0.019387	
371.0	0.1733	0.7523	0.0	0.0285	0.0243	0.1285	0.0	0.0757	0.6996	1.509578	0.0	0.110492	0.0	1.157076	0.47826097	500.0	0.019388	
373.0	0.1913	0.7177	0.0	0.0343	0.0322	0.159	0.0	0.0924	0.6513	1.509217	0.0	0.07985	0.0	1.053622	0.49264039	500.0	0.019388	
375.0	0.1945	0.6938	0.0	0.041	0.0389	0.1931	0.0	0.1131	0.6139	1.5089	0.0	0.059841	0.0	0.959713	0.51396984	500.0	0.019388	
377.0	0.2019	0.6663	0.0	0.0477	0.0486	0.2298	0.0	0.1334	0.5701	1.508588	0.0	0.048333	0.0	0.896781	0.52439929	500.0	0.019391	
379.0	0.2246	0.6306	0.0	0.0513	0.0443	0.2428	0.0	0.1472	0.5351	1.508276	0.0	0.042046	0.0	0.861942	0.51848972	500.0	0.019395	
381.0	0.2274	0.6219	0.0	0.0523	0.048	0.2533	0.0	0.1528	0.5216	1.507981	0.0	0.039904	0.0	0.863719	0.49212946	500.0	0.019399	
383.0	0.2452	0.6227	0.0	0.0451	0.0456	0.2253	0.0	0.1346	0.5321	1.50771	0.0	0.042733	0.0	0.93356	0.43441317	500.0	0.019404	
385.0	0.2755	0.5986	0.0	0.0419	0.0402	0.2094	0.0	0.1272	0.5166	1.507433	0.0	0.048591	0.0	1.071862	0.33272638	500.0	0.01941	
387.0	0.3041	0.5608	0.0	0.0443	0.0489	0.2304	0.0	0.1372	0.4677	1.507128	0.0	0.03895	0.0	0.996494	0.24083387	500.0	0.019417	
389.0	0.3223	0.5024	0.0	0.056	0.061	0.295	0.0	0.178	0.3854	1.506836	0.0	0.023862	0.0	0.808707	0.2221427	500.0	0.019424	
391.0	0.3328	0.4482	0.0	0.0684	0.0724	0.3629	0.0	0.222	0.3074	1.50657	0.0	0.016162	0.0	0.735683	0.23455951	500.0	0.01943	
393.0	0.3431	0.4172	0.0	0.0738	0.0804	0.3985	0.0	0.2442	0.263	1.50631	0.0	0.012178	0.0	0.736563	0.25111229	500.0	0.019436	
395.0	0.3597	0.3826	0.0	0.0777	0.0875	0.4284	0.0	0.2632	0.2174	1.50605	0.0	0.009695	0.0	0.775208	0.26674185	500.0	0.019443	
397.0	0.3783	0.3512	0.0	0.0796	0.0873	0.4421	0.0	0.2752	0.1844	1.50579	0.0	0.00797	0.0	0.832099	0.27975657	500.0	0.01945	
399.0	0.3979	0.3218	0.0	0.0801	0.089	0.453	0.0	0.2838	0.1527	1.50553	0.0	0.00664	0.0	0.893351	0.28936719	500.0	0.019458	
401.0	0.4118	0.3006	0.0	0.0807	0.0878	0.4604	0.0	0.2919	0.1321	1.50528	0.0	0.005557	0.0	0.94756	0.29582557	500.0	0.019465	
403.0	0.4225	0.29	0.0	0.0792	0.0934	0.4651	0.0	0.2924	0.1174	1.50504	0.0	0.004665	0.0	0.986908	0.30025661	500.0	0.019474	
405.0	0.4248	0.2769	0.0	0.08	0.0951	0.4787	0.0	0.3035	0.1018	1.5048	0.0	0.003888	0.0	1.009372	0.30431046	500.0	0.019483	
407.0	0.4283	0.265	0.0	0.0795	0.0981	0.489	0.0	0.3114	0.0875	1.504562	0.0	0.003274	0.0	1.018376	0.30954767	500.0	0.019492	
409.0	0.4336	0.2521	0.0	0.0799	0.0954	0.4953	0.0	0.32	0.0768	1.504324	0.0	0.00276	0.0	1.021435	0.31722662	500.0	0.019501	
411.0	0.4314	0.2467	0.0	0.0802	0.1019	0.5102	0.0	0.328	0.0646	1.504086	0.0	0.002363	0.0	1.026687	0.32766891	500.0	0.019509	
413.0	0.4385	0.238	0.0	0.0787	0.099	0.5062	0.0	0.3285	0.0602	1.503848	0.0	0.002059	0.0	1.041414	0.34026734	500.0	0.019517	
415.0	0.4318	0.236	0.0	0.0787	0.1009	0.5174	0.0	0.3377	0.0564	1.503611	0.0	0.001834	0.0	1.071259	0.35331099	500.0	0.019524	
417.0	0.4415	0.2271	0.0	0.0767	0.0992	0.5139	0.0	0.338	0.0512	1.503394	0.0	0.001668	0.0	1.120004	0.36414158	500.0	0.01953	
419.0	0.4493	0.2219	0.0	0.0734	0.1006	0.5097	0.0	0.3357	0.048	1.503191	0.0	0.001551	0.0	1.187246	0.36936661	500.0	0.019538	
421.0	0.4623	0.213	0.0	0.0718	0.1011	0.504	0.0	0.331	0.0401	1.50299	0.0	0.001448	0.0	1.263757	0.36608301	500.0	0.019548	
423.0	0.4663	0.2067	0.0	0.0695	0.0994	0.5003	0.0	0.3313	0.0378	1.502788	0.0	0.001333	0.0	1.325148	0.35407437	500.0	0.019558	
425.0	0.4863	0.1971	0.0	0.0654	0.0971	0.4847	0.0	0.3222	0.0346	1.502587	0.0	0.001168	0.0	1.340962	0.33833568	500.0	0.019565	
427.0	0.4848	0.1901	0.0	0.0654	0.0963	0.4921	0.0	0.3305	0.0285	1.502387	0.0	0.000963	0.0	1.304643	0.32819829	500.0	0.019568	
429.0	0.4727	0.1911	0.0	0.0659	0.1001	0.5077	0.0	0.3416	0.0251	1.502204	0.0	0.000763	0.0	1.244964	0.33138573	500.0	0.019567	
431.0	0.4666	0.1935	0.0	0.0646	0.1045	0.5157	0.0	0.3465	0.0244	1.502022	0.0	0.000597	0.0	1.194554	0.34870718	500.0	0.019561	
433.0	0.4536	0.1902	0.0	0.0659	0.1046	0.5317	0.0	0.3612	0.0197	1.501839	0.0	0.00047	0.0	1.167604	0.37544548	500.0	0.019547	
435.0	0.4458	0.1921	0.0	0.0651	0.1099	0.5425	0.0	0.3675	0.0171	1.501656	0.0	0.000376	0.0	1.164026	0.40576025	500.0	0.019523	
437.0	0.4354	0.1944	0.0	0.0644	0.1132	0.5551	0.0	0.3776	0.0169	1.501473	0.0	0.000307	0.0	1.178778	0.43547056	500.0	0.019487	
439.0	0.448	0.1848	0.0	0.0619	0.1097	0.5446	0.0	0.373	0.0132	1.501301	0.0	0.000253	0.0	1.206524	0.46235679	500.0	0.019436	
441.0	0.437	0.183	0.0	0.0618	0.1096	0.5583	0.0	0.3868	0.0116	1.501137	0.0	0.000212	0.0	1.242929	0.48562693	500.0	0.019368	
443.0	0.4391	0.1883	0.0	0.0588	0.1164	0.556	0.0	0.3807	0.013	1.500972	0.0	0.000179	0.0	1.284576	0.50518879	500.0	0.019306	
445.0	0.4483	0.1794	0.0	0.0571	0.1113	0.5479	0.0	0.3796	0.011	1.500807	0.0	0.000153	0.0	1.329182	0.52144032	500.0	0.019225	
447.0	0.4378	0.1763	0.0	0.0565	0.1098	0.558	0.0	0.3916	0.01	1.500642	0.0	0.000131	0.0	1.375121	0.53487896	500.0	0.019114	
449.0	0.4453	0.1772	0.0	0.0536	0.1139	0.5513	0.0	0.3837	0.0096	1.500481	0.0	0.000113	0.0	1.42119	0.54597462	500.0	0.018932	
451.0	0.4475	0.1701	0.0	0.0525	0.1073	0.5496	0.0	0.3898	0.0103	1.500334	0.0	9.8e-05	0.0	1.46677	0.55520668	500.0	0.018608	
453.0	0.4506	0.1754	0.0	0.0493	0.1163	0.5473	0.0	0.3816	0.0098	1.500187	0.0	8.5e-05	0.0	1.511407	0.56292368	500.0	0.018097	
455.0	0.4612	0.1647	0.0	0.0475	0.1087	0.5362	0.0	0.3801	0.0085	1.500041	0.0	7.4e-05	0.0	1.555057	0.56944305	500.0	0.017348	
457.0	0.4738	0.1652	0.0	0.0446	0.1106	0.524	0.0	0.3688	0.01	1.499895	0.0	6.5e-05	0.0	1.59767	0.57496505	500.0	0.016471	
459.0	0.4922	0.152	0.0	0.042	0.0998	0.5056	0.0	0.3638	0.0102	1.499748	0.0	5.8e-05	0.0	1.640021	0.57975499	500.0	0.014815	
461.0	0.5313	0.1412	0.0	0.0368	0.094	0.467	0.0	0.3362	0.0104	1.499602	0.0	5.1e-05	0.0	1.683236	0.58405917	500.0	0.011421	
463.0	0.6258	0.1132	0.0	0.0296	0.0733	0.3786	0.0059	0.2769	0.0103	1.499456	0.0	4.6e-05	0.0	1.728128	0.58792013	500.0	0.006114	
465.0	0.9605	0.045	0.0	0.0054	0.0138	0.0656	0.0467	0.047	0.0257	1.499309	0.0	4.1e-05	0.0	1.773263	0.59115739	500.0	0.000114	
467.0	1.0334	0.0392	0.0008	0.0	0.0	0.0	0.0732	0.0	0.0392	1.499163	0.0	3.7e-05	0.0	1.813994	0.59258827	500.0	0.0	
469.0	1.0495	0.0361	0.0012	0.0	0.0	0.0	0.0866	0.0	0.0361	1.499016	0.0	3.3e-05	0.0	1.853413	0.59361726	500.0	0.0	
471.0	1.0713	0.0307	0.0009	0.0	0.0	0.0	0.1028	0.0	0.0307	1.498875	0.0	3e-05	0.0	1.893208	0.593619	500.0	0.0	
473.0	1.0835	0.0329	0.0012	0.0	0.0	0.0	0.1175	0.0	0.0329	1.498746	0.0	2.7e-05	0.0	1.930919	0.59278858	500.0	0.0	
475.0	1.1086	0.0286	0.0012	0.0	0.0	0.0	0.1379	0.0	0.0286	1.498618	0.0	2.5e-05	0.0	1.965572	0.59117137	500.0	0.0	
477.0	1.1267	0.0286	0.0017	0.0	0.0	0.0	0.1567	0.0	0.0286	1.49849	0.0	2.3e-05	0.0	1.995298	0.58845931	500.0	0.0	
479.0	1.1428	0.027	0.0022	0.0	0.0	0.0	0.1714	0.0	0.027	1.498362	0.0	2.1e-05	0.0	2.016437	0.58562396	500.0	0.0	
481.0	1.1596	0.0234	0.0027	0.0	0.0	0.0	0.1849	0.0	0.0234	1.498234	0.0	1.8e-05	0.0	2.028407	0.58217351	500.0	0.0	
483.0	1.1814	0.023	0.0029	0.0	0.0	0.0	0.2064	0.0	0.023	1.49812	0.0	1.6e-05	0.0	2.029731	0.57904503	500.0	0.0	
485.0	1.2369	0.0219	0.0034	0.0	0.0	0.0	0.2612	0.0	0.0219	1.49801	0.0	1.5e-05	0.0	2.020829	0.57638652	500.0	0.0	
487.0	1.2735	0.0185	0.0037	0.0	0.0	0.0	0.2944	0.0	0.0185	1.4979	0.0	1.3e-05	0.0	2.002844	0.57505075	500.0	0.0	
489.0	1.269	0.0153	0.0035	0.0	0.0	0.0	0.2866	0.0	0.0153	1.49779	0.0	1.1e-05	0.0	1.979997	0.57495259	500.0	0.0	
491.0	1.2772	0.0155	0.0042	0.0	0.0	0.0	0.295	0.0	0.0155	1.49768	0.0	1e-05	0.0	1.953193	0.57681573	500.0	0.0	
493.0	1.2765	0.0149	0.0064	0.0	0.0	0.0	0.2953	0.0	0.0149	1.49757	0.0	8e-06	0.0	1.927555	0.58037463	500.0	0.0	
495.0	1.2714	0.0132	0.0071	0.0	0.0	0.0	0.2894	0.0	0.0132	1.497461	0.0	7e-06	0.0	1.904674	0.58529392	500.0	0.0	
497.0	1.2846	0.0121	0.008	0.0	0.0	0.0	0.3012	0.0	0.0121	1.497351	0.0	6e-06	0.0	1.885579	0.59176842	500.0	0.0	
499.0	1.302	0.0108	0.0082	0.0	0.0	0.0	0.3179	0.0	0.0108	1.497241	0.0	5e-06	0.0	1.871946	0.59894133	500.0	0.0	
501.0	1.3148	0.0087	0.0104	0.0	0.0	0.0	0.3303	0.0	0.0087	1.497131	0.0	5e-06	0.0	1.862822	0.60697503	500.0	0.0	
503.0	1.3281	0.0087	0.0106	0.0	0.0	0.0	0.3422	0.0	0.0087	1.497021	0.0	4e-06	0.0	1.859349	0.61514477	500.0	0.0	
505.0	1.3227	0.0058	0.0105	0.0	0.0	0.0	0.3354	0.0	0.0058	1.496912	0.0	4e-06	0.0	1.860102	0.62324642	500.0	0.0	
507.0	1.3052	0.0058	0.0122	0.0	0.0	0.0	0.3188	0.0	0.0058	1.496802	0.0	3e-06	0.0	1.863925	0.63170378	500.0	0.0	
509.0	1.2986	0.0057	0.0104	0.0	0.0	0.0	0.3101	0.0	0.0057	1.496692	0.0	3e-06	0.0	1.871815	0.63945271	500.0	0.0	
511.0	1.2891	0.0057	0.0127	0.0	0.0	0.0	0.3031	0.0	0.0057	1.496582	0.0	2e-06	0.0	1.882114	0.6469722	500.0	0.0	
513.0	1.2862	0.0042	0.0126	0.0	0.0	0.0	0.2988	0.0	0.0042	1.496474	0.0	2e-06	0.0	1.895552	0.65384145	500.0	0.0	
515.0	1.2699	0.0039	0.0132	0.0	0.0	0.0	0.2825	0.0	0.0039	1.496372	0.0	2e-06	0.0	1.910606	0.66007766	500.0	0.0	
517.0	1.2673	0.0047	0.0137	0.0	0.0	0.0	0.2808	0.0	0.0047	1.496277	0.0	2e-06	0.0	1.926219	0.66629289	500.0	0.0	
519.0	1.2782	0.0034	0.0125	0.0	0.0	0.0	0.2897	0.0	0.0034	1.496186	0.0	2e-06	0.0	1.944096	0.67150921	500.0	0.0	
521.0	1.2427	0.0021	0.0132	0.0	0.0	0.0	0.2543	0.0	0.0021	1.496094	0.0	1e-06	0.0	1.962113	0.67643679	500.0	0.0	
523.0	1.2203	0.0032	0.0118	0.0	0.0	0.0	0.2321	0.0	0.0032	1.496003	0.0	1e-06	0.0	1.981497	0.6807552	500.0	0.0	
525.0	1.1948	0.0038	0.0142	0.0	0.0	0.0	0.2089	0.0	0.0038	1.495915	0.0	1e-06	0.0	2.001268	0.68447482	500.0	0.0	
527.0	1.1951	0.0031	0.0123	0.0	0.0	0.0	0.2073	0.0	0.0031	1.495837	0.0	1e-06	0.0	2.020766	0.68800387	500.0	0.0	
529.0	1.1763	0.002	0.0119	0.0	0.0	0.0	0.188	0.0	0.002	1.495763	0.0	1e-06	0.0	2.041775	0.69071939	500.0	0.0	
531.0	1.1585	0.0032	0.0118	0.0	0.0	0.0	0.1705	0.0	0.0032	1.49569	0.0	1e-06	0.0	2.061575	0.69329413	500.0	0.0	
533.0	1.1548	0.0023	0.0123	0.0	0.0	0.0	0.1665	0.0	0.0023	1.495617	0.0	1e-06	0.0	2.081154	0.69572086	500.0	0.0	
535.0	1.1455	0.002	0.0137	0.0	0.0	0.0	0.1585	0.0	0.002	1.495544	0.0	1e-06	0.0	2.101587	0.6973826	500.0	0.0	
537.0	1.1362	0.0015	0.0129	0.0	0.0	0.0	0.1486	0.0	0.0015	1.49547	0.0	1e-06	0.0	2.120681	0.6990261	500.0	0.0	
539.0	1.1219	0.0023	0.014	0.0	0.0	0.0	0.1353	0.0	0.0023	1.495397	0.0	1e-06	0.0	2.139968	0.70031715	500.0	0.0	
541.0	1.1089	0.0011	0.0118	0.0	0.0	0.0	0.1196	0.0	0.0011	1.495324	0.0	1e-06	0.0	2.158901	0.70116729	500.0	0.0	
543.0	1.1004	0.0011	0.0124	0.0	0.0	0.0	0.1124	0.0	0.0011	1.495251	0.0	0.0	0.0	2.176616	0.70193869	500.0	0.0	
545.0	1.0871	0.001	0.012	0.0	0.0	0.0	0.0988	0.0	0.001	1.495178	0.0	0.0	0.0	2.194214	0.70237792	500.0	0.0	
547.0	1.0794	0.0008	0.0107	0.0	0.0	0.0	0.0895	0.0	0.0008	1.495104	0.0	0.0	0.0	2.210781	0.70249488	500.0	0.0	
549.0	1.074	0.0007	0.0114	0.0	0.0	0.0	0.0848	0.0	0.0007	1.495031	0.0	0.0	0.0	2.225674	0.70258122	500.0	0.0	
551.0	1.0611	0.0006	0.0114	0.0	0.0	0.0	0.0719	0.0	0.0006	1.494958	0.0	0.0	0.0	2.240165	0.70230816	500.0	0.0	
553.0	1.0579	0.0011	0.0094	0.0	0.0	0.0	0.0675	0.0	0.0011	1.494885	0.0	0.0	0.0	2.252948	0.70177659	500.0	0.0	
555.0	1.0481	0.0004	0.0108	0.0	0.0	0.0	0.0581	0.0	0.0004	1.494812	0.0	0.0	0.0	2.263372	0.70127784	500.0	0.0	
557.0	1.0396	0.0011	0.0113	0.0	0.0	0.0	0.0512	0.0	0.0011	1.494738	0.0	0.0	0.0	2.272954	0.70039691	500.0	0.0	
559.0	1.0378	0.0007	0.0097	0.0	0.0	0.0	0.0474	0.0	0.0007	1.494665	0.0	0.0	0.0	2.280148	0.69930847	500.0	0.0	
561.0	1.0335	0.0006	0.0086	0.0	0.0	0.0	0.042	0.0	0.0006	1.494592	0.0	0.0	0.0	2.284338	0.6982821	500.0	0.0	
563.0	1.028	0.0009	0.0089	0.0	0.0	0.0	0.0371	0.0	0.0009	1.494519	0.0	0.0	0.0	2.287137	0.69691051	500.0	0.0	
565.0	1.0243	0.0008	0.0099	0.0	0.0	0.0	0.0344	0.0	0.0008	1.494446	0.0	0.0	0.0	2.287086	0.69536599	500.0	0.0	
567.0	1.0232	0.0006	0.0097	0.0	0.0	0.0	0.0327	0.0	0.0006	1.494372	0.0	0.0	0.0	2.283708	0.69389771	500.0	0.0	
569.0	1.0206	0.0005	0.0093	0.0	0.0	0.0	0.03	0.0	0.0005	1.494307	0.0	0.0	0.0	2.278529	0.6922001	500.0	0.0	
571.0	1.018	0.0001	0.0091	0.0	0.0	0.0	0.0267	0.0	0.0001	1.494245	0.0	0.0	0.0	2.270612	0.69034657	500.0	0.0	
573.0	1.0112	0.0002	0.0094	0.0	0.0	0.0	0.0201	0.0	0.0002	1.49419	0.0	0.0	0.0	2.259509	0.68861326	500.0	0.0	
575.0	1.0113	0.0	0.0088	0.0	0.0	0.0	0.0197	0.0	0.0	1.494135	0.0	0.0	0.0	2.24668	0.686802	500.0	0.0	
577.0	1.0082	0.0	0.0109	0.0	0.0	0.0	0.0187	0.0	0.0	1.49408	0.0	0.0	0.0	2.232114	0.68480549	500.0	0.0	
579.0	1.0077	0.0	0.0079	0.0	0.0	0.0	0.0154	0.0	0.0	1.494025	0.0	0.0	0.0	2.214873	0.68304381	500.0	0.0	
581.0	1.0056	0.0	0.008	0.0	0.0	0.0	0.0132	0.0	0.0	1.49397	0.0	0.0	0.0	2.196406	0.68138429	500.0	0.0	
583.0	1.0014	0.0	0.0106	0.0	0.0	0.0	0.0115	0.0	0.0	1.493915	0.0	0.0	0.0	2.177982	0.67944103	500.0	0.0	
585.0	1.0004	0.0	0.0098	0.0	0.0	0.0	0.0101	0.0	0.0	1.493861	0.0	0.0	0.0	2.157655	0.67783489	500.0	0.0	
587.0	1.0029	0.0	0.008	0.0	0.0	0.0	0.0108	0.0	0.0	1.493806	0.0	0.0	0.0	2.136281	0.67664343	500.0	0.0	
589.0	0.9982	0.0	0.0099	0.0	0.0	0.0	0.008	0.0	0.0	1.493751	0.0	0.0	0.0	2.116388	0.67519053	500.0	0.0	
591.0	0.9983	0.0	0.0104	0.0	0.0	0.0	0.0086	0.0	0.0	1.493696	0.0	0.0	0.0	2.096063	0.6739558	500.0	0.0	
593.0	0.998	0.0	0.0101	0.0	0.0	0.0	0.0078	0.0	0.0	1.493641	0.0	0.0	0.0	2.075413	0.67312465	500.0	0.0	
595.0	0.9966	0.0	0.0092	0.0	0.0	0.0	0.0056	0.0	0.0	1.493586	0.0	0.0	0.0	2.056406	0.67231099	500.0	0.0	
597.0	0.996	0.0	0.0101	0.0	0.0	0.0	0.0061	0.0	0.0	1.493531	0.0	0.0	0.0	2.038589	0.67148736	500.0	0.0	
599.0	0.9951	0.0	0.0101	0.0	0.0	0.0	0.0051	0.0	0.0	1.493476	0.0	0.0	0.0	2.020893	0.67105105	500.0	0.0	
601.0	0.9936	0.0	0.0108	0.0	0.0	0.0	0.0044	0.0	0.0	1.493421	0.0	0.0	0.0	2.004238	0.67092571	500.0	0.0	
603.0	0.9918	0.0	0.0122	0.0	0.0	0.0	0.0039	0.0	0.0	1.493367	0.0	0.0	0.0	1.990018	0.67059958	500.0	0.0	
605.0	0.9952	0.0	0.0085	0.0	0.0	0.0	0.0036	0.0	0.0	1.493312	0.0	0.0	0.0	1.976121	0.67058491	500.0	0.0	
607.0	0.9941	0.0	0.009	0.0	0.0	0.0	0.0032	0.0	0.0	1.493257	0.0	0.0	0.0	1.962516	0.67101296	500.0	0.0	
609.0	0.9926	0.0	0.0104	0.0	0.0	0.0	0.003	0.0	0.0	1.493202	0.0	0.0	0.0	1.951187	0.67137292	500.0	0.0	
611.0	0.9925	0.0	0.0098	0.0	0.0	0.0	0.0023	0.0	0.0	1.493147	0.0	0.0	0.0	1.941478	0.67164034	500.0	0.0	
613.0	0.9943	0.0	0.0082	0.0	0.0	0.0	0.0025	0.0	0.0	1.493101	0.0	0.0	0.0	1.932004	0.67225229	500.0	0.0	
615.0	0.992	0.0	0.0099	0.0	0.0	0.0	0.0019	0.0	0.0	1.493058	0.0	0.0	0.0	1.923141	0.67324007	500.0	0.0	
617.0	0.9904	0.0	0.0111	0.0	0.0	0.0	0.0015	0.0	0.0	1.493022	0.0	0.0	0.0	1.916578	0.6739757	500.0	0.0	
619.0	0.9905	0.0	0.0109	0.0	0.0	0.0	0.0013	0.0	0.0	1.492985	0.0	0.0	0.0	1.910538	0.67482567	500.0	0.0	
621.0	0.9921	0.0	0.0096	0.0	0.0	0.0	0.0017	0.0	0.0	1.492948	0.0	0.0	0.0	1.904693	0.67595501	500.0	0.0	
623.0	0.9907	0.0	0.0109	0.0	0.0	0.0	0.0016	0.0	0.0	1.492907	0.0	0.0	0.0	1.900082	0.67716551	500.0	0.0	
625.0	0.9906	0.0	0.0107	0.0	0.0	0.0	0.0012	0.0	0.0	1.49286	0.0	0.0	0.0	1.897323	0.67809665	500.0	0.0	
627.0	0.9906	0.0	0.0107	0.0	0.0	0.0	0.0013	0.0	0.0	1.492808	0.0	0.0	0.0	1.894412	0.67925488	500.0	0.0	
629.0	0.9905	0.0	0.0108	0.0	0.0	0.0	0.0013	0.0	0.0	1.492753	0.0	0.0	0.0	1.891287	0.68073983	500.0	0.0	
631.0	0.9905	0.0	0.0111	0.0	0.0	0.0	0.0016	0.0	0.0	1.492698	0.0	0.0	0.0	1.889704	0.68208653	500.0	0.0	
633.0	0.99	0.0	0.0107	0.0	0.0	0.0	0.0007	0.0	0.0	1.492644	0.0	0.0	0.0	1.889546	0.68314178	500.0	0.0	
635.0	0.9894	0.0	0.0112	0.0	0.0	0.0	0.0007	0.0	0.0	1.492599	0.0	0.0	0.0	1.888945	0.68443286	500.0	0.0	
637.0	0.9906	0.0	0.0102	0.0	0.0	0.0	0.0008	0.0	0.0	1.492556	0.0	0.0	0.0	1.887769	0.6860947	500.0	0.0	
639.0	0.9874	0.0	0.0134	0.0	0.0	0.0	0.0008	0.0	0.0	1.492519	0.0	0.0	0.0	1.888143	0.68749748	500.0	0.0	
641.0	0.9896	0.0	0.0108	0.0	0.0	0.0	0.0004	0.0	0.0	1.492483	0.0	0.0	0.0	1.889614	0.68860588	500.0	0.0	
643.0	0.9879	0.0	0.0122	0.0	0.0	0.0	0.0001	0.0	0.0	1.492446	0.0	0.0	0.0	1.890496	0.68991961	500.0	0.0	
645.0	0.987	0.0	0.013	0.0	0.0	0.0	0.0	0.0	0.0	1.492409	0.0	0.0	0.0	1.890604	0.69158924	500.0	0.0	
647.0	0.9893	0.0	0.0107	0.0	0.0	0.0	0.0	0.0	0.0	1.492373	0.0	0.0	0.0	1.892091	0.69296576	500.0	0.0	
649.0	0.989	0.0	0.011	0.0	0.0	0.0	0.0	0.0	0.0	1.492336	0.0	0.0	0.0	1.894514	0.69402854	500.0	0.0	
651.0	0.9894	0.0	0.0106	0.0	0.0	0.0	0.0	0.0	0.0	1.4923	0.0	0.0	0.0	1.896179	0.69527564	500.0	0.0	
653.0	0.989	0.0	0.011	0.0	0.0	0.0	0.0	0.0	0.0	1.492263	0.0	0.0	0.0	1.896936	0.69683383	500.0	0.0	
655.0	0.9896	0.0	0.0104	0.0	0.0	0.0	0.0	0.0	0.0	1.492226	0.0	0.0	0.0	1.898777	0.69813886	500.0	0.0	
657.0	0.9896	0.0	0.0104	0.0	0.0	0.0	0.0	0.0	0.0	1.49219	0.0	0.0	0.0	1.901482	0.69911628	500.0	0.0	
659.0	0.9888	0.0	0.0112	0.0	0.0	0.0	0.0	0.0	0.0	1.492153	0.0	0.0	0.0	1.903309	0.70023423	500.0	0.0	
661.0	0.9865	0.0	0.0135	0.0	0.0	0.0	0.0	0.0	0.0	1.492117	0.0	0.0	0.0	1.904246	0.70156679	500.0	0.0	
663.0	0.989	0.0	0.011	0.0	0.0	0.0	0.0	0.0	0.0	1.49208	0.0	0.0	0.0	1.90575	0.70277646	500.0	0.0	
665.0	0.9898	0.0	0.0102	0.0	0.0	0.0	0.0	0.0	0.0	1.492043	0.0	0.0	0.0	1.908007	0.70367207	500.0	0.0	
667.0	0.9902	0.0	0.0098	0.0	0.0	0.0	0.0	0.0	0.0	1.492007	0.0	0.0	0.0	1.9096	0.70456935	500.0	0.0	
669.0	0.9873	0.0	0.0127	0.0	0.0	0.0	0.0	0.0	0.0	1.49197	0.0	0.0	0.0	1.910377	0.70558837	500.0	0.0	
671.0	0.9883	0.0	0.0117	0.0	0.0	0.0	0.0	0.0	0.0	1.491934	0.0	0.0	0.0	1.910825	0.70672459	500.0	0.0	
673.0	0.9892	0.0	0.0108	0.0	0.0	0.0	0.0	0.0	0.0	1.491897	0.0	0.0	0.0	1.911976	0.70753362	500.0	0.0	
675.0	0.9887	0.0	0.0113	0.0	0.0	0.0	0.0	0.0	0.0	1.491861	0.0	0.0	0.0	1.913091	0.70812387	500.0	0.0	
677.0	0.9904	0.0	0.0096	0.0	0.0	0.0	0.0	0.0	0.0	1.491824	0.0	0.0	0.0	1.91323	0.70883187	500.0	0.0	
679.0	0.9889	0.0	0.0111	0.0	0.0	0.0	0.0	0.0	0.0	1.491787	0.0	0.0	0.0	1.91207	0.70985447	500.0	0.0	
681.0	0.9899	0.0	0.0101	0.0	0.0	0.0	0.0	0.0	0.0	1.491751	0.0	0.0	0.0	1.911595	0.7105673	500.0	0.0	
683.0	0.9883	0.0	0.0117	0.0	0.0	0.0	0.0	0.0	0.0	1.491714	0.0	0.0	0.0	1.911467	0.71097338	500.0	0.0	
685.0	0.9877	0.0	0.0123	0.0	0.0	0.0	0.0	0.0	0.0	1.491678	0.0	0.0	0.0	1.91024	0.71144049	500.0	0.0	
687.0	0.9888	0.0	0.0112	0.0	0.0	0.0	0.0	0.0	0.0	1.491642	0.0	0.0	0.0	1.907908	0.71204354	500.0	0.0	
689.0	0.991	0.0	0.009	0.0	0.0	0.0	0.0	0.0	0.0	1.491607	0.0	0.0	0.0	1.905221	0.71269634	500.0	0.0	
691.0	0.9893	0.0	0.0107	0.0	0.0	0.0	0.0	0.0	0.0	1.491584	0.0	0.0	0.0	1.902892	0.71304324	500.0	0.0	
693.0	0.9881	0.0	0.0119	0.0	0.0	0.0	0.0	0.0	0.0	1.491566	0.0	0.0	0.0	1.900368	0.71315251	500.0	0.0	
695.0	0.9886	0.0	0.0114	0.0	0.0	0.0	0.0	0.0	0.0	1.491547	0.0	0.0	0.0	1.896657	0.7133684	500.0	0.0	
697.0	0.9899	0.0	0.0101	0.0	0.0	0.0	0.0	0.0	0.0	1.491529	0.0	0.0	0.0	1.891473	0.71385826	500.0	0.0	
699.0	0.9861	0.0	0.0139	0.0	0.0	0.0	0.0	0.0	0.0	1.491506	0.0	0.0	0.0	1.886606	0.71413437	500.0	0.0	
701.0	0.9872	0.0	0.0128	0.0	0.0	0.0	0.0	0.0	0.0	1.491481	0.0	0.0	0.0	1.881926	0.71412042	500.0	0.0	
703.0	0.9875	0.0	0.0125	0.0	0.0	0.0	0.0	0.0	0.0	1.491448	0.0	0.0	0.0	1.876592	0.7139753	500.0	0.0	
705.0	0.9877	0.0	0.0123	0.0	0.0	0.0	0.0	0.0	0.0	1.491412	0.0	0.0	0.0	1.87018	0.71390428	500.0	0.0	
707.0	0.988	0.0	0.012	0.0	0.0	0.0	0.0	0.0	0.0	1.491375	0.0	0.0	0.0	1.862447	0.71411527	500.0	0.0	
709.0	0.9871	0.0	0.0129	0.0	0.0	0.0	0.0	0.0	0.0	1.491338	0.0	0.0	0.0	1.855122	0.71403833	500.0	0.0	
711.0	0.9867	0.0	0.0133	0.0	0.0	0.0	0.0	0.0	0.0	1.49131	0.0	0.0	0.0	1.847914	0.7136797	500.0	0.0	
713.0	0.9886	0.0	0.0114	0.0	0.0	0.0	0.0	0.0	0.0	1.491285	0.0	0.0	0.0	1.839827	0.71325489	500.0	0.0	
715.0	0.9874	0.0	0.0126	0.0	0.0	0.0	0.0	0.0	0.0	1.491264	0.0	0.0	0.0	1.83072	0.71289824	500.0	0.0	
717.0	0.9898	0.0	0.0102	0.0	0.0	0.0	0.0	0.0	0.0	1.491246	0.0	0.0	0.0	1.820518	0.71278766	500.0	0.0	
719.0	0.9872	0.0	0.0128	0.0	0.0	0.0	0.0	0.0	0.0	1.491228	0.0	0.0	0.0	1.810773	0.71238535	500.0	0.0	
721.0	0.9873	0.0	0.0127	0.0	0.0	0.0	0.0	0.0	0.0	1.491209	0.0	0.0	0.0	1.801205	0.71170716	500.0	0.0	
723.0	0.9893	0.0	0.0107	0.0	0.0	0.0	0.0	0.0	0.0	1.491191	0.0	0.0	0.0	1.790901	0.71095493	500.0	0.0	
725.0	0.9901	0.0	0.0099	0.0	0.0	0.0	0.0	0.0	0.0	1.491173	0.0	0.0	0.0	1.779711	0.71026485	500.0	0.0	
727.0	0.9866	0.0	0.0134	0.0	0.0	0.0	0.0	0.0	0.0	1.491155	0.0	0.0	0.0	1.767522	0.70982809	500.0	0.0	
729.0	0.9865	0.0	0.0135	0.0	0.0	0.0	0.0	0.0	0.0	1.491136	0.0	0.0	0.0	1.755887	0.70912181	500.0	0.0	
731.0	0.9888	0.0	0.0112	0.0	0.0	0.0	0.0	0.0	0.0	1.491116	0.0	0.0	0.0	1.744574	0.70814733	500.0	0.0	
733.0	0.9882	0.0	0.0118	0.0	0.0	0.0	0.0	0.0	0.0	1.491091	0.0	0.0	0.0	1.732895	0.70703896	500.0	0.0	
735.0	0.9885	0.0	0.0115	0.0	0.0	0.0	0.0	0.0	0.0	1.491063	0.0	0.0	0.0	1.720485	0.70598964	500.0	0.0	
737.0	0.9858	0.0	0.0142	0.0	0.0	0.0	0.0	0.0	0.0	1.491026	0.0	0.0	0.0	1.707117	0.70520764	500.0	0.0	
739.0	0.9865	0.0	0.0135	0.0	0.0	0.0	0.0	0.0	0.0	1.49099	0.0	0.0	0.0	1.69432	0.70423922	500.0	0.0	
741.0	0.9885	0.0	0.0115	0.0	0.0	0.0	0.0	0.0	0.0	1.490953	0.0	0.0	0.0	1.682045	0.70301322	500.0	0.0	
743.0	0.9892	0.0	0.0108	0.0	0.0	0.0	0.0	0.0	0.0	1.490917	0.0	0.0	0.0	1.669862	0.70158235	500.0	0.0	
745.0	0.9861	0.0	0.0139	0.0	0.0	0.0	0.0	0.0	0.0	1.490895	0.0	0.0	0.0	1.657043	0.70021645	500.0	0.0	
747.0	0.9885	0.0	0.0115	0.0	0.0	0.0	0.0	0.0	0.0	1.490872	0.0	0.0	0.0	1.643443	0.699046	500.0	0.0	
749.0	0.9872	0.0	0.0128	0.0	0.0	0.0	0.0	0.0	0.0	1.490853	0.0	0.0	0.0	1.630093	0.69790294	500.0	0.0	
751.0	0.9863	0.0	0.0137	0.0	0.0	0.0	0.0	0.0	0.0	1.490835	0.0	0.0	0.0	1.617466	0.69650661	500.0	0.0	
753.0	0.9854	0.0	0.0146	0.0	0.0	0.0	0.0	0.0	0.0	1.490817	0.0	0.0	0.0	1.605356	0.69487921	500.0	0.0	
755.0	0.9851	0.0	0.0149	0.0	0.0	0.0	0.0	0.0	0.0	1.490798	0.0	0.0	0.0	1.592961	0.6932203	500.0	0.0	
757.0	0.9875	0.0	0.0125	0.0	0.0	0.0	0.0	0.0	0.0	1.49078	0.0	0.0	0.0	1.580186	0.69164973	500.0	0.0	
759.0	0.9866	0.0	0.0134	0.0	0.0	0.0	0.0	0.0	0.0	1.490762	0.0	0.0	0.0	1.566955	0.69035171	500.0	0.0	
761.0	0.9866	0.0	0.0134	0.0	0.0	0.0	0.0	0.0	0.0	1.490744	0.0	0.0	0.0	1.554582	0.688876	500.0	0.0	
763.0	0.9864	0.0	0.0136	0.0	0.0	0.0	0.0	0.0	0.0	1.490725	0.0	0.0	0.0	1.542928	0.68718142	500.0	0.0	
765.0	0.9864	0.0	0.0136	0.0	0.0	0.0	0.0	0.0	0.0	1.490707	0.0	0.0	0.0	1.531635	0.68531061	500.0	0.0	
767.0	0.9872	0.0	0.0128	0.0	0.0	0.0	0.0	0.0	0.0	1.490689	0.0	0.0	0.0	1.520045	0.68349596	500.0	0.0	
769.0	0.9886	0.0	0.0114	0.0	0.0	0.0	0.0	0.0	0.0	1.49067	0.0	0.0	0.0	1.508021	0.68186048	500.0	0.0	
771.0	0.9889	0.0	0.0111	0.0	0.0	0.0	0.0	0.0	0.0	1.490652	0.0	0.0	0.0	1.496145	0.68039597	500.0	0.0	
773.0	0.9886	0.0	0.0114	0.0	0.0	0.0	0.0	0.0	0.0	1.490634	0.0	0.0	0.0	1.485165	0.67873855	500.0	0.0	
775.0	0.9878	0.0	0.0122	0.0	0.0	0.0	0.0	0.0	0.0	1.490615	0.0	0.0	0.0	1.474894	0.67689076	500.0	0.0	
777.0	0.987	0.0	0.013	0.0	0.0	0.0	0.0	0.0	0.0	1.490597	0.0	0.0	0.0	1.46485	0.67492561	500.0	0.0	
779.0	0.9868	0.0	0.0132	0.0	0.0	0.0	0.0	0.0	0.0	1.490579	0.0	0.0	0.0	1.454579	0.67303839	500.0	0.0	
781.0	0.9879	0.0	0.0121	0.0	0.0	0.0	0.0	0.0	0.0	1.490561	0.0	0.0	0.0	1.443874	0.67138796	500.0	0.0	
783.0	0.986	0.0	0.014	0.0	0.0	0.0	0.0	0.0	0.0	1.490542	0.0	0.0	0.0	1.433554	0.66985343	500.0	0.0	
785.0	0.9857	0.0	0.0143	0.0	0.0	0.0	0.0	0.0	0.0	1.490524	0.0	0.0	0.0	1.424107	0.66815042	500.0	0.0	
787.0	0.9876	0.0	0.0124	0.0	0.0	0.0	0.0	0.0	0.0	1.490506	0.0	0.0	0.0	1.415317	0.66628293	500.0	0.0	
789.0	0.9862	0.0	0.0138	0.0	0.0	0.0	0.0	0.0	0.0	1.490487	0.0	0.0	0.0	1.406744	0.664323	500.0	0.0	
791.0	0.9867	0.0	0.0133	0.0	0.0	0.0	0.0	0.0	0.0	1.490469	0.0	0.0	0.0	1.397957	0.66244558	500.0	0.0	
793.0	0.9872	0.0	0.0128	0.0	0.0	0.0	0.0	0.0	0.0	1.490451	0.0	0.0	0.0	1.38878	0.66080692	500.0	0.0	
795.0	0.9866	0.0	0.0134	0.0	0.0	0.0	0.0	0.0	0.0	1.490433	0.0	0.0	0.0	1.379923	0.65931652	500.0	0.0	
797.0	0.9864	0.0	0.0136	0.0	0.0	0.0	0.0	0.0	0.0	1.490414	0.0	0.0	0.0	1.371901	0.65768946	500.0	0.0	
799.0	0.9864	0.0	0.0136	0.0	0.0	0.0	0.0	0.0	0.0	1.490396	0.0	0.0	0.0	1.364516	0.65591866	500.0	0.0	
801.0	0.9869	0.0	0.0131	0.0	0.0	0.0	0.0	0.0	0.0	1.490378	0.0	0.0	0.0	1.357405	0.65404648	500.0	0.0	
803.0	0.9865	0.0	0.0135	0.0	0.0	0.0	0.0	0.0	0.0	1.490359	0.0	0.0	0.0	1.350104	0.65223683	500.0	0.0	
805.0	0.9891	0.0	0.0109	0.0	0.0	0.0	0.0	0.0	0.0	1.490341	0.0	0.0	0.0	1.342451	0.65061899	500.0	0.0	
807.0	0.9864	0.0	0.0136	0.0	0.0	0.0	0.0	0.0	0.0	1.490323	0.0	0.0	0.0	1.334841	0.64923788	500.0	0.0	
809.0	0.9862	0.0	0.0138	0.0	0.0	0.0	0.0	0.0	0.0	1.490304	0.0	0.0	0.0	1.327997	0.64777822	500.0	0.0	
811.0	0.9869	0.0	0.0131	0.0	0.0	0.0	0.0	0.0	0.0	1.490286	0.0	0.0	0.0	1.321794	0.64619601	500.0	0.0	
813.0	0.9855	0.0	0.0145	0.0	0.0	0.0	0.0	0.0	0.0	1.490268	0.0	0.0	0.0	1.315977	0.64450149	500.0	0.0	
815.0	0.9851	0.0	0.0149	0.0	0.0	0.0	0.0	0.0	0.0	1.49025	0.0	0.0	0.0	1.310054	0.64281379	500.0	0.0	
817.0	0.9866	0.0	0.0134	0.0	0.0	0.0	0.0	0.0	0.0	1.490231	0.0	0.0	0.0	1.303867	0.64124573	500.0	0.0	
819.0	0.9872	0.0	0.0128	0.0	0.0	0.0	0.0	0.0	0.0	1.490213	0.0	0.0	0.0	1.297347	0.63995818	500.0	0.0	
821.0	0.9865	0.0	0.0135	0.0	0.0	0.0	0.0	0.0	0.0	1.490195	0.0	0.0	0.0	1.291373	0.63871992	500.0	0.0	
823.0	0.986	0.0	0.014	0.0	0.0	0.0	0.0	0.0	0.0	1.490176	0.0	0.0	0.0	1.286048	0.63738179	500.0	0.0	
825.0	0.9861	0.0	0.0139	0.0	0.0	0.0	0.0	0.0	0.0	1.490158	0.0	0.0	0.0	1.281207	0.63593877	500.0	0.0	
827.0	0.986	0.0	0.014	0.0	0.0	0.0	0.0	0.0	0.0	1.49014	0.0	0.0	0.0	1.276496	0.63443164	500.0	0.0	
829.0	0.986	0.0	0.014	0.0	0.0	0.0	0.0	0.0	0.0	1.490122	0.0	0.0	0.0	1.27156	0.63298355	500.0	0.0	
831.0	0.9875	0.0	0.0125	0.0	0.0	0.0	0.0	0.0	0.0	1.490103	0.0	0.0	0.0	1.266251	0.63171694	500.0	0.0	
833.0	0.9857	0.0	0.0143	0.0	0.0	0.0	0.0	0.0	0.0	1.490085	0.0	0.0	0.0	1.260878	0.63068628	500.0	0.0	
835.0	0.9839	0.0	0.0161	0.0	0.0	0.0	0.0	0.0	0.0	1.490067	0.0	0.0	0.0	1.256114	0.6296354	500.0	0.0	
837.0	0.9862	0.0	0.0138	0.0	0.0	0.0	0.0	0.0	0.0	1.490048	0.0	0.0	0.0	1.251882	0.62849392	500.0	0.0	
839.0	0.9881	0.0	0.0119	0.0	0.0	0.0	0.0	0.0	0.0	1.490031	0.0	0.0	0.0	1.248007	0.62726004	500.0	0.0	
841.0	0.985	0.0	0.015	0.0	0.0	0.0	0.0	0.0	0.0	1.490013	0.0	0.0	0.0	1.244124	0.62598922	500.0	0.0	
843.0	0.9853	0.0	0.0147	0.0	0.0	0.0	0.0	0.0	0.0	1.49	0.0	0.0	0.0	1.239965	0.62479045	500.0	0.0	
845.0	0.9854	0.0	0.0146	0.0	0.0	0.0	0.0	0.0	0.0	1.49	0.0	0.0	0.0	1.235369	0.62379872	500.0	0.0	
847.0	0.9868	0.0	0.0132	0.0	0.0	0.0	0.0	0.0	0.0	1.49	0.0	0.0	0.0	1.230809	0.62300681	500.0	0.0	
849.0	0.9893	0.0	0.0107	0.0	0.0	0.0	0.0	0.0	0.0	1.49	0.0	0.0	0.0	1.226797	0.62219468	500.0	0.0	
851.0	0.9848	0.0	0.0152	0.0	0.0	0.0	0.0	0.0	0.0	1.49	0.0	0.0	0.0	1.223247	0.62130547	500.0	0.0	
853.0	0.9862	0.0	0.0138	0.0	0.0	0.0	0.0	0.0	0.0	1.489995	0.0	0.0	0.0	1.220003	0.6203326	500.0	0.0	
855.0	0.984	0.0	0.016	0.0	0.0	0.0	0.0	0.0	0.0	1.48998	0.0	0.0	0.0	1.216754	0.61931851	500.0	0.0	
857.0	0.9854	0.0	0.0146	0.0	0.0	0.0	0.0	0.0	0.0	1.489965	0.0	0.0	0.0	1.213227	0.61836161	500.0	0.0	
859.0	0.985	0.0	0.015	0.0	0.0	0.0	0.0	0.0	0.0	1.489947	0.0	0.0	0.0	1.209306	0.61758049	500.0	0.0	
861.0	0.9873	0.0	0.0127	0.0	0.0	0.0	0.0	0.0	0.0	1.489929	0.0	0.0	0.0	1.20533	0.61700406	500.0	0.0	
863.0	0.984	0.0	0.016	0.0	0.0	0.0	0.0	0.0	0.0	1.489911	0.0	0.0	0.0	1.201811	0.61643834	500.0	0.0	
865.0	0.9852	0.0	0.0148	0.0	0.0	0.0	0.0	0.0	0.0	1.489892	0.0	0.0	0.0	1.198722	0.61580951	500.0	0.0	
867.0	0.986	0.0	0.014	0.0	0.0	0.0	0.0	0.0	0.0	1.489874	0.0	0.0	0.0	1.195912	0.61510786	500.0	0.0	
869.0	0.986	0.0	0.014	0.0	0.0	0.0	0.0	0.0	0.0	1.489856	0.0	0.0	0.0	1.193132	0.61435429	500.0	0.0	
871.0	0.9879	0.0	0.0121	0.0	0.0	0.0	0.0	0.0	0.0	1.489837	0.0	0.0	0.0	1.190105	0.61362721	500.0	0.0	
873.0	0.9849	0.0	0.0151	0.0	0.0	0.0	0.0	0.0	0.0	1.489823	0.0	0.0	0.0	1.186689	0.6130257	500.0	0.0	
875.0	0.9872	0.0	0.0128	0.0	0.0	0.0	0.0	0.0	0.0	1.489811	0.0	0.0	0.0	1.183008	0.61264068	500.0	0.0	
877.0	0.9856	0.0	0.0144	0.0	0.0	0.0	0.0	0.0	0.0	1.4898	0.0	0.0	0.0	1.179617	0.61233422	500.0	0.0	
879.0	0.9821	0.0	0.0179	0.0	0.0	0.0	0.0	0.0	0.0	1.4898	0.0	0.0	0.0	1.17661	0.6119917	500.0	0.0	
881.0	0.9863	0.0	0.0137	0.0	0.0	0.0	0.0	0.0	0.0	1.4898	0.0	0.0	0.0	1.173897	0.61158525	500.0	0.0	
883.0	0.9874	0.0	0.0126	0.0	0.0	0.0	0.0	0.0	0.0	1.489798	0.0	0.0	0.0	1.171314	0.61111308	500.0	0.0	
885.0	0.9853	0.0	0.0147	0.0	0.0	0.0	0.0	0.0	0.0	1.489794	0.0	0.0	0.0	1.168594	0.61061873	500.0	0.0	
887.0	0.9854	0.0	0.0146	0.0	0.0	0.0	0.0	0.0	0.0	1.48979	0.0	0.0	0.0	1.165556	0.61018075	500.0	0.0	
889.0	0.986	0.0	0.014	0.0	0.0	0.0	0.0	0.0	0.0	1.489773	0.0	0.0	0.0	1.162164	0.60990199	500.0	0.0	
891.0	0.9853	0.0	0.0147	0.0	0.0	0.0	0.0	0.0	0.0	1.489754	0.0	0.0	0.0	1.158725	0.60979443	500.0	0.0	
893.0	0.9866	0.0	0.0134	0.0	0.0	0.0	0.0	0.0	0.0	1.489737	0.0	0.0	0.0	1.155621	0.60971428	500.0	0.0	
895.0	0.9884	0.0	0.0116	0.0	0.0	0.0	0.0	0.0	0.0	1.48972	0.0	0.0	0.0	1.152844	0.60959129	500.0	0.0	
897.0	0.9856	0.0	0.0144	0.0	0.0	0.0	0.0	0.0	0.0	1.489703	0.0	0.0	0.0	1.150274	0.60940833	500.0	0.0	
899.0	0.985	0.0	0.015	0.0	0.0	0.0	0.0	0.0	0.0	1.4897	0.0	0.0	0.0	1.147698	0.6091732	500.0	0.0	
901.0	0.9873	0.0	0.0127	0.0	0.0	0.0	0.0	0.0	0.0	1.4897	0.0	0.0	0.0	1.144911	0.60892722	500.0	0.0	
903.0	0.9847	0.0	0.0153	0.0	0.0	0.0	0.0	0.0	0.0	1.4897	0.0	0.0	0.0	1.141783	0.60874269	500.0	0.0	
905.0	0.9849	0.0	0.0151	0.0	0.0	0.0	0.0	0.0	0.0	1.4897	0.0	0.0	0.0	1.138293	0.60871767	500.0	0.0	
907.0	0.9838	0.0	0.0162	0.0	0.0	0.0	0.0	0.0	0.0	1.4897	0.0	0.0	0.0	1.134802	0.6088348	500.0	0.0	
909.0	0.9855	0.0	0.0145	0.0	0.0	0.0	0.0	0.0	0.0	1.489688	0.0	0.0	0.0	1.131639	0.60896743	500.0	0.0	
911.0	0.9862	0.0	0.0138	0.0	0.0	0.0	0.0	0.0	0.0	1.489671	0.0	0.0	0.0	1.128766	0.60905982	500.0	0.0	
913.0	0.9873	0.0	0.0127	0.0	0.0	0.0	0.0	0.0	0.0	1.489653	0.0	0.0	0.0	1.12606	0.60909742	500.0	0.0	
915.0	0.9834	0.0	0.0166	0.0	0.0	0.0	0.0	0.0	0.0	1.489635	0.0	0.0	0.0	1.123369	0.60908025	500.0	0.0	
917.0	0.9848	0.0	0.0152	0.0	0.0	0.0	0.0	0.0	0.0	1.489617	0.0	0.0	0.0	1.12048	0.60904456	500.0	0.0	
919.0	0.9862	0.0	0.0138	0.0	0.0	0.0	0.0	0.0	0.0	1.489598	0.0	0.0	0.0	1.117263	0.60905362	500.0	0.0	
921.0	0.9865	0.0	0.0135	0.0	0.0	0.0	0.0	0.0	0.0	1.48958	0.0	0.0	0.0	1.113681	0.60919612	500.0	0.0	
923.0	0.9867	0.0	0.0133	0.0	0.0	0.0	0.0	0.0	0.0	1.489562	0.0	0.0	0.0	1.110018	0.60948072	500.0	0.0	
925.0	0.9856	0.0	0.0144	0.0	0.0	0.0	0.0	0.0	0.0	1.489543	0.0	0.0	0.0	1.106586	0.60980282	500.0	0.0	
927.0	0.9875	0.0	0.0125	0.0	0.0	0.0	0.0	0.0	0.0	1.489525	0.0	0.0	0.0	1.103402	0.6100956	500.0	0.0	
929.0	0.9858	0.0	0.0142	0.0	0.0	0.0	0.0	0.0	0.0	1.489509	0.0	0.0	0.0	1.100378	0.61033768	500.0	0.0	
931.0	0.9847	0.0	0.0153	0.0	0.0	0.0	0.0	0.0	0.0	1.489506	0.0	0.0	0.0	1.097366	0.6105267	500.0	0.0	
933.0	0.9848	0.0	0.0152	0.0	0.0	0.0	0.0	0.0	0.0	1.489502	0.0	0.0	0.0	1.094215	0.61067827	500.0	0.0	
935.0	0.9849	0.0	0.0151	0.0	0.0	0.0	0.0	0.0	0.0	1.4895	0.0	0.0	0.0	1.090781	0.61084081	500.0	0.0	
937.0	0.9852	0.0	0.0148	0.0	0.0	0.0	0.0	0.0	0.0	1.4895	0.0	0.0	0.0	1.086984	0.61108884	500.0	0.0	
939.0	0.9847	0.0	0.0153	0.0	0.0	0.0	0.0	0.0	0.0	1.4895	0.0	0.0	0.0	1.082955	0.61147816	500.0	0.0	
941.0	0.9851	0.0	0.0149	0.0	0.0	0.0	0.0	0.0	0.0	1.489489	0.0	0.0	0.0	1.07905	0.61194602	500.0	0.0	
943.0	0.9869	0.0	0.0131	0.0	0.0	0.0	0.0	0.0	0.0	1.489475	0.0	0.0	0.0	1.075377	0.61241172	500.0	0.0	
945.0	0.9827	0.0	0.0173	0.0	0.0	0.0	0.0	0.0	0.0	1.48946	0.0	0.0	0.0	1.071891	0.61283635	500.0	0.0	
947.0	0.9859	0.0	0.0141	0.0	0.0	0.0	0.0	0.0	0.0	1.489442	0.0	0.0	0.0	1.068516	0.61320304	500.0	0.0	
949.0	0.9846	0.0	0.0154	0.0	0.0	0.0	0.0	0.0	0.0	1.489424	0.0	0.0	0.0	1.065103	0.61351448	500.0	0.0	
951.0	0.9823	0.0	0.0177	0.0	0.0	0.0	0.0	0.0	0.0	1.489411	0.0	0.0	0.0	1.06149	0.61379718	500.0	0.0	
953.0	0.9838	0.0	0.0162	0.0	0.0	0.0	0.0	0.0	0.0	1.489406	0.0	0.0	0.0	1.057562	0.6141023	500.0	0.0	
955.0	0.9814	0.0	0.0186	0.0	0.0	0.0	0.0	0.0	0.0	1.489401	0.0	0.0	0.0	1.0533	0.61449892	500.0	0.0	
957.0	0.9847	0.0	0.0153	0.0	0.0	0.0	0.0	0.0	0.0	1.4894	0.0	0.0	0.0	1.048888	0.61501691	500.0	0.0	
959.0	0.9842	0.0	0.0158	0.0	0.0	0.0	0.0	0.0	0.0	1.4894	0.0	0.0	0.0	1.044592	0.61559269	500.0	0.0	
961.0	0.9841	0.0	0.0159	0.0	0.0	0.0	0.0	0.0	0.0	1.4894	0.0	0.0	0.0	1.040494	0.61615713	500.0	0.0	
963.0	0.9836	0.0	0.0164	0.0	0.0	0.0	0.0	0.0	0.0	1.4894	0.0	0.0	0.0	1.03656	0.61667664	500.0	0.0	
965.0	0.9842	0.0	0.0158	0.0	0.0	0.0	0.0	0.0	0.0	1.4894	0.0	0.0	0.0	1.032698	0.61713921	500.0	0.0	
967.0	0.9846	0.0	0.0154	0.0	0.0	0.0	0.0	0.0	0.0	1.4894	0.0	0.0	0.0	1.028793	0.6175451	500.0	0.0	
969.0	0.9833	0.0	0.0167	0.0	0.0	0.0	0.0	0.0	0.0	1.4894	0.0	0.0	0.0	1.024718	0.61791491	500.0	0.0	
971.0	0.9816	0.0	0.0184	0.0	0.0	0.0	0.0	0.0	0.0	1.4894	0.0	0.0	0.0	1.020366	0.61829409	500.0	0.0	
973.0	0.9843	0.0	0.0157	0.0	0.0	0.0	0.0	0.0	0.0	1.489394	0.0	0.0	0.0	1.015725	0.61874343	500.0	0.0	
975.0	0.9835	0.0	0.0165	0.0	0.0	0.0	0.0	0.0	0.0	1.48938	0.0	0.0	0.0	1.010948	0.61929543	500.0	0.0	
977.0	0.9846	0.0	0.0154	0.0	0.0	0.0	0.0	0.0	0.0	1.489366	0.0	0.0	0.0	1.006248	0.61990822	500.0	0.0	
979.0	0.9831	0.0	0.0169	0.0	0.0	0.0	0.0	0.0	0.0	1.489349	0.0	0.0	0.0	1.001738	0.62051467	500.0	0.0	
981.0	0.9809	0.0	0.0191	0.0	0.0	0.0	0.0	0.0	0.0	1.489331	0.0	0.0	0.0	0.997392	0.6210781	500.0	0.0	
983.0	0.9841	0.0	0.0159	0.0	0.0	0.0	0.0	0.0	0.0	1.489313	0.0	0.0	0.0	0.993135	0.62158271	500.0	0.0	
985.0	0.9824	0.0	0.0176	0.0	0.0	0.0	0.0	0.0	0.0	1.489307	0.0	0.0	0.0	0.988854	0.62202826	500.0	0.0	
987.0	0.9846	0.0	0.0154	0.0	0.0	0.0	0.0	0.0	0.0	1.489303	0.0	0.0	0.0	0.98445	0.6224233	500.0	0.0	
989.0	0.9846	0.0	0.0154	0.0	0.0	0.0	0.0	0.0	0.0	1.4893	0.0	0.0	0.0	0.979826	0.62279979	500.0	0.0	
991.0	0.9829	0.0	0.0171	0.0	0.0	0.0	0.0	0.0	0.0	1.4893	0.0	0.0	0.0	0.974928	0.62321185	500.0	0.0	
993.0	0.9815	0.0	0.0185	0.0	0.0	0.0	0.0	0.0	0.0	1.4893	0.0	0.0	0.0	0.969816	0.6237102	500.0	0.0	
995.0	0.9809	0.0	0.0191	0.0	0.0	0.0	0.0	0.0	0.0	1.489297	0.0	0.0	0.0	0.964693	0.62428674	500.0	0.0	
997.0	0.9816	0.0	0.0184	0.0	0.0	0.0	0.0	0.0	0.0	1.489281	0.0	0.0	0.0	0.959743	0.62488035	500.0	0.0	
999.0	0.9821	0.0	0.0179	0.0	0.0	0.0	0.0	0.0	0.0	1.489265	0.0	0.0	0.0	0.954961	0.62544871	500.0	0.0	
1001.0	0.9847	0.0	0.0153	0.0	0.0	0.0	0.0	0.0	0.0	1.489248	0.0	0.0	0.0	0.950313	0.62596483	500.0	0.0	
1003.0	0.9839	0.0	0.0161	0.0	0.0	0.0	0.0	0.0	0.0	1.48923	0.0	0.0	0.0	0.945734	0.62641516	500.0	0.0	
1005.0	0.9829	0.0	0.0171	0.0	0.0	0.0	0.0	0.0	0.0	1.489212	0.0	0.0	0.0	0.941127	0.62679926	500.0	0.0	
1007.0	0.9799	0.0	0.0201	0.0	0.0	0.0	0.0	0.0	0.0	1.489201	0.0	0.0	0.0	0.936382	0.62713484	500.0	0.0	
1009.0	0.9832	0.0	0.0168	0.0	0.0	0.0	0.0	0.0	0.0	1.489201	0.0	0.0	0.0	0.931415	0.62745722	500.0	0.0	
1011.0	0.9827	0.0	0.0173	0.0	0.0	0.0	0.0	0.0	0.0	1.4892	0.0	0.0	0.0	0.926213	0.62781381	500.0	0.0	
1013.0	0.985	0.0	0.015	0.0	0.0	0.0	0.0	0.0	0.0	1.4892	0.0	0.0	0.0	0.920862	0.62824462	500.0	0.0	
1015.0	0.9799	0.0	0.0201	0.0	0.0	0.0	0.0	0.0	0.0	1.4892	0.0	0.0	0.0	0.915536	0.62873708	500.0	0.0	
1017.0	0.9839	0.0	0.0161	0.0	0.0	0.0	0.0	0.0	0.0	1.4892	0.0	0.0	0.0	0.910355	0.62924275	500.0	0.0	
1019.0	0.9826	0.0	0.0174	0.0	0.0	0.0	0.0	0.0	0.0	1.4892	0.0	0.0	0.0	0.905343	0.62971947	500.0	0.0	
1021.0	0.9821	0.0	0.0179	0.0	0.0	0.0	0.0	0.0	0.0	1.4892	0.0	0.0	0.0	0.900464	0.63014336	500.0	0.0	
1023.0	0.9811	0.0	0.0189	0.0	0.0	0.0	0.0	0.0	0.0	1.4892	0.0	0.0	0.0	0.895657	0.63050205	500.0	0.0	
1025.0	0.9799	0.0	0.0201	0.0	0.0	0.0	0.0	0.0	0.0	1.489197	0.0	0.0	0.0	0.890855	0.6307907	500.0	0.0	
1027.0	0.9798	0.0	0.0202	0.0	0.0	0.0	0.0	0.0	0.0	1.489193	0.0	0.0	0.0	0.885966	0.6310208	500.0	0.0	
1029.0	0.981	0.0	0.019	0.0	0.0	0.0	0.0	0.0	0.0	1.489189	0.0	0.0	0.0	0.880914	0.63122067	500.0	0.0	
1031.0	0.9826	0.0	0.0174	0.0	0.0	0.0	0.0	0.0	0.0	1.489174	0.0	0.0	0.0	0.875689	0.63142875	500.0	0.0	
1033.0	0.9807	0.0	0.0193	0.0	0.0	0.0	0.0	0.0	0.0	1.489155	0.0	0.0	0.0	0.870325	0.6316911	500.0	0.0	
1035.0	0.98	0.0	0.02	0.0	0.0	0.0	0.0	0.0	0.0	1.489137	0.0	0.0	0.0	0.864955	0.63201266	500.0	0.0	
1037.0	0.9807	0.0	0.0193	0.0	0.0	0.0	0.0	0.0	0.0	1.489125	0.0	0.0	0.0	0.859702	0.63235922	500.0	0.0	
1039.0	0.981	0.0	0.019	0.0	0.0	0.0	0.0	0.0	0.0	1.489113	0.0	0.0	0.0	0.854612	0.63268775	500.0	0.0	
1041.0	0.9786	0.0	0.0214	0.0	0.0	0.0	0.0	0.0	0.0	1.489102	0.0	0.0	0.0	0.849671	0.63296993	500.0	0.0	
1043.0	0.9793	0.0	0.0207	0.0	0.0	0.0	0.0	0.0	0.0	1.4891	0.0	0.0	0.0	0.844824	0.63319372	500.0	0.0	
1045.0	0.9808	0.0	0.0192	0.0	0.0	0.0	0.0	0.0	0.0	1.4891	0.0	0.0	0.0	0.84002	0.63334816	500.0	0.0	
1047.0	0.9782	0.0	0.0218	0.0	0.0	0.0	0.0	0.0	0.0	1.4891	0.0	0.0	0.0	0.835188	0.6334348	500.0	0.0	
1049.0	0.9783	0.0	0.0217	0.0	0.0	0.0	0.0	0.0	0.0	1.4891	0.0	0.0	0.0	0.830264	0.63346906	500.0	0.0	
1051.0	0.9772	0.0	0.0228	0.0	0.0	0.0	0.0	0.0	0.0	1.4891	0.0	0.0	0.0	0.825192	0.6334831	500.0	0.0	
1053.0	0.9826	0.0	0.0174	0.0	0.0	0.0	0.0	0.0	0.0	1.4891	0.0	0.0	0.0	0.819968	0.63351926	500.0	0.0	
1055.0	0.977	0.0	0.023	0.0	0.0	0.0	0.0	0.0	0.0	1.4891	0.0	0.0	0.0	0.814676	0.63360639	500.0	0.0	
1057.0	0.9779	0.0	0.0221	0.0	0.0	0.0	0.0	0.0	0.0	1.4891	0.0	0.0	0.0	0.809434	0.63373712	500.0	0.0	
1059.0	0.9795	0.0	0.0205	0.0	0.0	0.0	0.0	0.0	0.0	1.4891	0.0	0.0	0.0	0.804331	0.63387754	500.0	0.0	
1061.0	0.9777	0.0	0.0223	0.0	0.0	0.0	0.0	0.0	0.0	1.489087	0.0	0.0	0.0	0.799413	0.63398718	500.0	0.0	
1063.0	0.9755	0.0	0.0245	0.0	0.0	0.0	0.0	0.0	0.0	1.489071	0.0	0.0	0.0	0.794641	0.63404785	500.0	0.0	
1065.0	0.9769	0.0	0.0231	0.0	0.0	0.0	0.0	0.0	0.0	1.489055	0.0	0.0	0.0	0.78997	0.63404629	500.0	0.0	
1067.0	0.9815	0.0	0.0185	0.0	0.0	0.0	0.0	0.0	0.0	1.489039	0.0	0.0	0.0	0.785353	0.63397447	500.0	0.0	
1069.0	0.9785	0.0	0.0215	0.0	0.0	0.0	0.0	0.0	0.0	1.489021	0.0	0.0	0.0	0.780724	0.6338345	500.0	0.0	
1071.0	0.9763	0.0	0.0237	0.0	0.0	0.0	0.0	0.0	0.0	1.489004	0.0	0.0	0.0	0.77602	0.63364014	500.0	0.0	
1073.0	0.9794	0.0	0.0206	0.0	0.0	0.0	0.0	0.0	0.0	1.489	0.0	0.0	0.0	0.771184	0.63342529	500.0	0.0	
1075.0	0.9747	0.0	0.0253	0.0	0.0	0.0	0.0	0.0	0.0	1.489	0.0	0.0	0.0	0.766223	0.63322341	500.0	0.0	
1077.0	0.9772	0.0	0.0228	0.0	0.0	0.0	0.0	0.0	0.0	1.489	0.0	0.0	0.0	0.761203	0.63306134	500.0	0.0	
1079.0	0.9772	0.0	0.0228	0.0	0.0	0.0	0.0	0.0	0.0	1.489	0.0	0.0	0.0	0.756229	0.63293883	500.0	0.0	
1081.0	0.9789	0.0	0.0211	0.0	0.0	0.0	0.0	0.0	0.0	1.489	0.0	0.0	0.0	0.751382	0.63283055	500.0	0.0	
1083.0	0.9776	0.0	0.0224	0.0	0.0	0.0	0.0	0.0	0.0	1.489	0.0	0.0	0.0	0.74669	0.63270595	500.0	0.0	
1085.0	0.9777	0.0	0.0223	0.0	0.0	0.0	0.0	0.0	0.0	1.489	0.0	0.0	0.0	0.742146	0.63254137	500.0	0.0	
1087.0	0.9783	0.0	0.0217	0.0	0.0	0.0	0.0	0.0	0.0	1.489	0.0	0.0	0.0	0.737719	0.63232151	500.0	0.0	
1089.0	0.9751	0.0	0.0249	0.0	0.0	0.0	0.0	0.0	0.0	1.489	0.0	0.0	0.0	0.733362	0.63203752	500.0	0.0	
1091.0	0.9772	0.0	0.0228	0.0	0.0	0.0	0.0	0.0	0.0	1.488997	0.0	0.0	0.0	0.729032	0.63168533	500.0	0.0	
1093.0	0.975	0.0	0.025	0.0	0.0	0.0	0.0	0.0	0.0	1.48899	0.0	0.0	0.0	0.724677	0.63127133	500.0	0.0	
1095.0	0.9736	0.0	0.0264	0.0	0.0	0.0	0.0	0.0	0.0	1.488982	0.0	0.0	0.0	0.720242	0.6308157	500.0	0.0	
1097.0	0.9759	0.0	0.0241	0.0	0.0	0.0	0.0	0.0	0.0	1.488972	0.0	0.0	0.0	0.715713	0.63034628	500.0	0.0	
1099.0	0.9748	0.0	0.0252	0.0	0.0	0.0	0.0	0.0	0.0	1.488954	0.0	0.0	0.0	0.711118	0.62989407	500.0	0.0	
1101.0	0.9767	0.0	0.0233	0.0	0.0	0.0	0.0	0.0	0.0	1.488936	0.0	0.0	0.0	0.706515	0.62948048	500.0	0.0	
1103.0	0.9747	0.0	0.0253	0.0	0.0	0.0	0.0	0.0	0.0	1.488921	0.0	0.0	0.0	0.701987	0.62909879	500.0	0.0	
1105.0	0.9763	0.0	0.0237	0.0	0.0	0.0	0.0	0.0	0.0	1.488914	0.0	0.0	0.0	0.697586	0.62872741	500.0	0.0	
1107.0	0.9753	0.0	0.0247	0.0	0.0	0.0	0.0	0.0	0.0	1.488907	0.0	0.0	0.0	0.69333	0.62833597	500.0	0.0	
1109.0	0.9765	0.0	0.0235	0.0	0.0	0.0	0.0	0.0	0.0	1.4889	0.0	0.0	0.0	0.689207	0.62790436	500.0	0.0	
1111.0	0.9754	0.0	0.0246	0.0	0.0	0.0	0.0	0.0	0.0	1.4889	0.0	0.0	0.0	0.685183	0.62742202	500.0	0.0	
1113.0	0.9744	0.0	0.0256	0.0	0.0	0.0	0.0	0.0	0.0	1.4889	0.0	0.0	0.0	0.681223	0.62687774	500.0	0.0	
1115.0	0.9753	0.0	0.0247	0.0	0.0	0.0	0.0	0.0	0.0	1.4889	0.0	0.0	0.0	0.677283	0.6262696	500.0	0.0	
1117.0	0.9786	0.0	0.0214	0.0	0.0	0.0	0.0	0.0	0.0	1.4889	0.0	0.0	0.0	0.673321	0.62560383	500.0	0.0	
1119.0	0.9753	0.0	0.0247	0.0	0.0	0.0	0.0	0.0	0.0	1.4889	0.0	0.0	0.0	0.669295	0.62489699	500.0	0.0	
1121.0	0.9725	0.0	0.0275	0.0	0.0	0.0	0.0	0.0	0.0	1.4889	0.0	0.0	0.0	0.665189	0.62417569	500.0	0.0	
1123.0	0.9717	0.0	0.0283	0.0	0.0	0.0	0.0	0.0	0.0	1.4889	0.0	0.0	0.0	0.661022	0.62346995	500.0	0.0	
1125.0	0.977	0.0	0.023	0.0	0.0	0.0	0.0	0.0	0.0	1.4889	0.0	0.0	0.0	0.656849	0.62279941	500.0	0.0	
1127.0	0.9763	0.0	0.0237	0.0	0.0	0.0	0.0	0.0	0.0	1.4889	0.0	0.0	0.0	0.652739	0.62216316	500.0	0.0	
1129.0	0.9767	0.0	0.0233	0.0	0.0	0.0	0.0	0.0	0.0	1.4889	0.0	0.0	0.0	0.648744	0.62154351	500.0	0.0	
1131.0	0.9734	0.0	0.0266	0.0	0.0	0.0	0.0	0.0	0.0	1.4889	0.0	0.0	0.0	0.644884	0.62091732	500.0	0.0	
1133.0	0.9757	0.0	0.0243	0.0	0.0	0.0	0.0	0.0	0.0	1.4889	0.0	0.0	0.0	0.64115	0.62026411	500.0	0.0	
1135.0	0.9746	0.0003	0.0251	0.0	0.0	0.0	0.0	0.0	0.0003	1.488899	0.0	0.0	0.0	0.637523	0.61956784	500.0	0.0	
1137.0	0.9694	0.0027	0.0279	0.0	0.0	0.0	0.0	0.0	0.0027	1.488893	0.0	0.0	1e-06	0.633978	0.6188162	500.0	0.0	
1139.0	0.973	0.003	0.024	0.0	0.0	0.0	0.0	0.0	0.003	1.488887	0.0	0.0	1e-06	0.630469	0.61800572	500.0	0.0	
1141.0	0.9713	0.0037	0.025	0.0	0.0	0.0	0.0	0.0	0.0038	1.488882	0.0	0.0	2e-06	0.62696	0.61713699	500.0	0.0	
1143.0	0.9643	0.0116	0.024	0.0	0.0	0.0	0.0	0.0	0.0116	1.488865	0.0	0.0	4e-06	0.623427	0.61621321	500.0	1e-06	
1145.0	0.9609	0.0187	0.0205	0.0	0.0	0.0	0.0	0.0	0.0187	1.488847	1e-06	0.0	6e-06	0.619832	0.61525758	500.0	2e-06	
1147.0	0.9312	0.0601	0.0087	0.0	0.0	0.0	0.0	0.0	0.0601	1.488829	1e-06	3e-05	8e-06	0.616142	0.61429896	500.0	3e-06	
1149.0	0.9539	0.0306	0.0156	0.0	0.0	0.0	0.0	0.0	0.0306	1.488819	1e-06	0.0	1.1e-05	0.612472	0.6133628	500.0	4e-06	
1151.0	0.9516	0.0315	0.0168	0.0	0.0	0.0	0.0	0.0	0.0315	1.488812	1e-06	0.0	1.3e-05	0.608785	0.61246519	500.0	4e-06	
1153.0	0.9482	0.0391	0.0127	0.0	0.0	0.0	0.0	0.0	0.0391	1.488804	2e-06	0.0	1.5e-05	0.605172	0.61160009	500.0	5e-06	
1155.0	0.9464	0.0408	0.0129	0.0	0.0	0.0	0.0	0.0	0.0408	1.4888	2e-06	0.0	1.8e-05	0.601662	0.61075328	500.0	6e-06	
1157.0	0.9335	0.0532	0.0134	0.0	0.0	0.0	0.0	0.0	0.0532	1.4888	2e-06	5e-06	2e-05	0.598266	0.60990596	500.0	7e-06	
1159.0	0.9384	0.0511	0.0105	0.0	0.0	0.0	0.0	0.0	0.0512	1.4888	3e-06	1e-06	2.3e-05	0.594988	0.6090373	500.0	8e-06	
1161.0	0.9332	0.054	0.0128	0.0	0.0	0.0	0.0	0.0	0.054	1.4888	3e-06	1e-06	2.5e-05	0.591798	0.60813346	500.0	9e-06	
1163.0	0.9248	0.0664	0.0087	0.0	0.0	0.0	0.0	0.0	0.0664	1.4888	3e-06	3e-06	2.9e-05	0.58867	0.60718381	500.0	1e-05	
1165.0	0.9231	0.0696	0.0073	0.0	0.0	0.0	0.0	0.0	0.0696	1.4888	4e-06	1e-06	3.4e-05	0.585578	0.60618194	500.0	1.2e-05	
1167.0	0.9204	0.0724	0.0072	0.0	0.0	0.0	0.0	0.0	0.0724	1.4888	4e-06	1e-06	3.8e-05	0.582484	0.60512729	500.0	1.3e-05	
1169.0	0.9143	0.0786	0.007	0.0	0.0	0.0	0.0	0.0	0.0787	1.4888	5e-06	0.0	4.2e-05	0.579363	0.60402628	500.0	1.5e-05	
1171.0	0.9132	0.0809	0.006	0.0	0.0	0.0	0.0	0.0	0.0809	1.4888	5e-06	1e-06	4.6e-05	0.576188	0.60289378	500.0	1.6e-05	
1173.0	0.9042	0.0895	0.0062	0.0	0.0	0.0	0.0	0.0	0.0895	1.4888	6e-06	1e-06	5e-05	0.572958	0.60175179	500.0	1.8e-05	
1175.0	0.9037	0.0916	0.0047	0.0	0.0	0.0	0.0	0.0	0.0916	1.4888	6e-06	1e-06	5.3e-05	0.569693	0.60062488	500.0	1.9e-05	
1177.0	0.9075	0.0876	0.0049	0.0	0.0	0.0	0.0	0.0	0.0876	1.4888	7e-06	0.0	5.6e-05	0.566433	0.59953081	500.0	2e-05	
1179.0	0.9038	0.091	0.0052	0.0	0.0	0.0	0.0	0.0	0.0911	1.4888	7e-06	1e-06	5.8e-05	0.563223	0.59847386	500.0	2.1e-05	
1181.0	0.9	0.0953	0.0047	0.0	0.0	0.0	0.0	0.0	0.0953	1.4888	7e-06	0.0	6.1e-05	0.5601	0.59744546	500.0	2.1e-05	
1183.0	0.9	0.096	0.004	0.0	0.0	0.0	0.0	0.0	0.096	1.4888	7e-06	1e-06	6.1e-05	0.557081	0.59643053	500.0	2.1e-05	
1185.0	0.8997	0.0962	0.004	0.0	0.0	0.0	0.0	0.0	0.0962	1.4888	7e-06	0.0	6.1e-05	0.554165	0.59541107	500.0	2.1e-05	
1187.0	0.8998	0.0953	0.0049	0.0	0.0	0.0	0.0	0.0	0.0953	1.4888	7e-06	1e-06	6.1e-05	0.551336	0.59437156	500.0	2.1e-05	
1189.0	0.8997	0.0957	0.0046	0.0	0.0	0.0	0.0	0.0	0.0957	1.4888	7e-06	1e-06	5.9e-05	0.548578	0.59329933	500.0	2.1e-05	
1191.0	0.8985	0.096	0.0055	0.0	0.0	0.0	0.0	0.0	0.0961	1.4888	7e-06	0.0	5.7e-05	0.545864	0.59218472	500.0	2e-05	
1193.0	0.9022	0.0922	0.0056	0.0	0.0	0.0	0.0	0.0	0.0922	1.4888	6e-06	0.0	5.5e-05	0.543166	0.59102198	500.0	2e-05	
1195.0	0.9029	0.0911	0.006	0.0	0.0	0.0	0.0	0.0	0.0912	1.488797	6e-06	0.0	5.2e-05	0.540461	0.58980943	500.0	1.9e-05	
1197.0	0.9105	0.082	0.0075	0.0	0.0	0.0	0.0	0.0	0.082	1.488781	6e-06	1e-06	4.7e-05	0.537733	0.58854992	500.0	1.7e-05	
1199.0	0.9108	0.0822	0.007	0.0	0.0	0.0	0.0	0.0	0.0822	1.488766	5e-06	0.0	4.3e-05	0.534958	0.58726309	500.0	1.6e-05	
1201.0	0.917	0.0744	0.0086	0.0	0.0	0.0	0.0	0.0	0.0744	1.48875	5e-06	0.0	3.8e-05	0.532134	0.58597009	500.0	1.4e-05	
1203.0	0.9193	0.0701	0.0106	0.0	0.0	0.0	0.0	0.0	0.0701	1.488736	4e-06	0.0	3.4e-05	0.529285	0.58469418	500.0	1.2e-05	
1205.0	0.9261	0.0644	0.0095	0.0	0.0	0.0	0.0	0.0	0.0644	1.488722	4e-06	2e-06	3e-05	0.526436	0.58345239	500.0	1.1e-05	
1207.0	0.9324	0.0549	0.0127	0.0	0.0	0.0	0.0	0.0	0.0549	1.488709	3e-06	0.0	2.5e-05	0.52364	0.58224985	500.0	9e-06	
1209.0	0.9336	0.0505	0.016	0.0	0.0	0.0	0.0	0.0	0.0505	1.4887	3e-06	0.0	2.1e-05	0.520909	0.5810846	500.0	8e-06	
1211.0	0.9388	0.0463	0.0149	0.0	0.0	0.0	0.0	0.0	0.0463	1.4887	2e-06	1e-06	1.9e-05	0.518256	0.57994612	500.0	7e-06	
1213.0	0.9436	0.0428	0.0137	0.0	0.0	0.0	0.0	0.0	0.0428	1.4887	2e-06	4e-06	1.6e-05	0.51569	0.57881524	500.0	6e-06	
1215.0	0.9497	0.0324	0.0179	0.0	0.0	0.0	0.0	0.0	0.0324	1.4887	2e-06	0.0	1.3e-05	0.51321	0.57767646	500.0	5e-06	
1217.0	0.9484	0.0324	0.0192	0.0	0.0	0.0	0.0	0.0	0.0324	1.4887	1e-06	0.0	1.1e-05	0.510788	0.57651733	500.0	4e-06	
1219.0	0.9477	0.0348	0.0175	0.0	0.0	0.0	0.0	0.0	0.0348	1.4887	1e-06	6e-06	9e-06	0.5084	0.57532681	500.0	3e-06	
1221.0	0.9604	0.0192	0.0204	0.0	0.0	0.0	0.0	0.0	0.0192	1.4887	1e-06	0.0	7e-06	0.506044	0.57409523	500.0	2e-06	
1223.0	0.9318	0.0555	0.0127	0.0	0.0	0.0	0.0	0.0	0.0555	1.4887	1e-06	2.8e-05	5e-06	0.50365	0.57282234	500.0	2e-06	
1225.0	0.9683	0.0087	0.023	0.0	0.0	0.0	0.0	0.0	0.0087	1.4887	0.0	0.0	3e-06	0.501287	0.57150335	500.0	1e-06	
1227.0	0.9665	0.005	0.0285	0.0	0.0	0.0	0.0	0.0	0.005	1.4887	0.0	0.0	2e-06	0.498855	0.57015193	500.0	0.0	
1229.0	0.9718	0.0003	0.0279	0.0	0.0	0.0	0.0	0.0	0.0003	1.4887	0.0	0.0	0.0	0.496378	0.568782	500.0	0.0	
1231.0	0.9728	0.0	0.0272	0.0	0.0	0.0	0.0	0.0	0.0	1.4887	0.0	0.0	0.0	0.493867	0.56741352	500.0	0.0	
1233.0	0.9695	0.0	0.0305	0.0	0.0	0.0	0.0	0.0	0.0	1.4887	0.0	0.0	0.0	0.491343	0.56606593	500.0	0.0	
1235.0	0.9701	0.0	0.0299	0.0	0.0	0.0	0.0	0.0	0.0	1.4887	0.0	0.0	0.0	0.488838	0.56475283	500.0	0.0	
1237.0	0.9715	0.0	0.0285	0.0	0.0	0.0	0.0	0.0	0.0	1.4887	0.0	0.0	0.0	0.48638	0.56347873	500.0	0.0	
1239.0	0.9707	0.0	0.0293	0.0	0.0	0.0	0.0	0.0	0.0	1.4887	0.0	0.0	0.0	0.48399	0.56223951	500.0	0.0	
1241.0	0.9724	0.0	0.0276	0.0	0.0	0.0	0.0	0.0	0.0	1.4887	0.0	0.0	0.0	0.481674	0.56102509	500.0	0.0	
1243.0	0.9694	0.0	0.0306	0.0	0.0	0.0	0.0	0.0	0.0	1.4887	0.0	0.0	0.0	0.479431	0.55982287	500.0	0.0	
1245.0	0.9702	0.0	0.0298	0.0	0.0	0.0	0.0	0.0	0.0	1.4887	0.0	0.0	0.0	0.477252	0.55861996	500.0	0.0	
1247.0	0.9697	0.0	0.0303	0.0	0.0	0.0	0.0	0.0	0.0	1.4887	0.0	0.0	0.0	0.475124	0.55740404	500.0	0.0	
1249.0	0.9704	0.0	0.0296	0.0	0.0	0.0	0.0	0.0	0.0	1.4887	0.0	0.0	0.0	0.473028	0.55616438	500.0	0.0	
1251.0	0.9706	0.0	0.0294	0.0	0.0	0.0	0.0	0.0	0.0	1.488697	0.0	0.0	0.0	0.470949	0.55489148	500.0	0.0	
1253.0	0.97	0.0	0.03	0.0	0.0	0.0	0.0	0.0	0.0	1.488682	0.0	0.0	0.0	0.468876	0.55357766	500.0	0.0	
1255.0	0.9704	0.0	0.0296	0.0	0.0	0.0	0.0	0.0	0.0	1.488667	0.0	0.0	0.0	0.46678	0.55222631	500.0	0.0	
1257.0	0.9695	0.0	0.0305	0.0	0.0	0.0	0.0	0.0	0.0	1.488653	0.0	0.0	0.0	0.46465	0.55084284	500.0	0.0	
1259.0	0.9713	0.0	0.0287	0.0	0.0	0.0	0.0	0.0	0.0	1.488639	0.0	0.0	0.0	0.462479	0.54943929	500.0	0.0	
1261.0	0.9679	0.0	0.0321	0.0	0.0	0.0	0.0	0.0	0.0	1.488626	0.0	0.0	0.0	0.460275	0.54803202	500.0	0.0	
1263.0	0.9726	0.0	0.0274	0.0	0.0	0.0	0.0	0.0	0.0	1.488613	0.0	0.0	0.0	0.458053	0.54663893	500.0	0.0	
1265.0	0.9753	0.0	0.0247	0.0	0.0	0.0	0.0	0.0	0.0	1.4886	0.0	0.0	0.0	0.455837	0.5452753	500.0	0.0	
1267.0	0.9686	0.0	0.0314	0.0	0.0	0.0	0.0	0.0	0.0	1.4886	0.0	0.0	0.0	0.45364	0.5439537	500.0	0.0	
1269.0	0.9694	0.0	0.0306	0.0	0.0	0.0	0.0	0.0	0.0	1.4886	0.0	0.0	0.0	0.451494	0.54267045	500.0	0.0	
1271.0	0.9693	0.0	0.0307	0.0	0.0	0.0	0.0	0.0	0.0	1.4886	0.0	0.0	0.0	0.449409	0.54141991	500.0	0.0	
1273.0	0.9736	0.0	0.0264	0.0	0.0	0.0	0.0	0.0	0.0	1.4886	0.0	0.0	0.0	0.447387	0.54019241	500.0	0.0	
1275.0	0.9715	0.0	0.0285	0.0	0.0	0.0	0.0	0.0	0.0	1.4886	0.0	0.0	0.0	0.445424	0.53897645	500.0	0.0	
1277.0	0.9695	0.0	0.0305	0.0	0.0	0.0	0.0	0.0	0.0	1.4886	0.0	0.0	0.0	0.44351	0.53776006	500.0	0.0	
1279.0	0.973	0.0	0.027	0.0	0.0	0.0	0.0	0.0	0.0	1.4886	0.0	0.0	0.0	0.441633	0.53653201	500.0	0.0	
1281.0	0.9688	0.0	0.0312	0.0	0.0	0.0	0.0	0.0	0.0	1.4886	0.0	0.0	0.0	0.439777	0.53528247	500.0	0.0	
1283.0	0.9699	0.0	0.0301	0.0	0.0	0.0	0.0	0.0	0.0	1.4886	0.0	0.0	0.0	0.437926	0.5340036	500.0	0.0	
1285.0	0.9689	0.0	0.0311	0.0	0.0	0.0	0.0	0.0	0.0	1.4886	0.0	0.0	0.0	0.436066	0.53269066	500.0	0.0	
1287.0	0.9704	0.0	0.0296	0.0	0.0	0.0	0.0	0.0	0.0	1.4886	0.0	0.0	0.0	0.434182	0.53134316	500.0	0.0	
1289.0	0.9682	0.0	0.0318	0.0	0.0	0.0	0.0	0.0	0.0	1.4886	0.0	0.0	0.0	0.432267	0.5299659	500.0	0.0	
1291.0	0.9702	0.0	0.0298	0.0	0.0	0.0	0.0	0.0	0.0	1.4886	0.0	0.0	0.0	0.430316	0.52856891	500.0	0.0	
1293.0	0.9654	0.0	0.0346	0.0	0.0	0.0	0.0	0.0	0.0	1.4886	0.0	0.0	0.0	0.428336	0.52716683	500.0	0.0	
1295.0	0.9713	0.0	0.0287	0.0	0.0	0.0	0.0	0.0	0.0	1.4886	0.0	0.0	0.0	0.426341	0.52577619	500.0	0.0	
1297.0	0.9671	0.0	0.0329	0.0	0.0	0.0	0.0	0.0	0.0	1.4886	0.0	0.0	0.0	0.424348	0.52441189	500.0	0.0	
1299.0	0.9679	0.0	0.0321	0.0	0.0	0.0	0.0	0.0	0.0	1.4886	0.0	0.0	0.0	0.422377	0.52308387	500.0	0.0	
1301.0	0.9676	0.0	0.0324	0.0	0.0	0.0	0.0	0.0	0.0	1.4886	0.0	0.0	0.0	0.420446	0.52179582	500.0	0.0	
1303.0	0.9696	0.0	0.0304	0.0	0.0	0.0	0.0	0.0	0.0	1.4886	0.0	0.0	0.0	0.418564	0.52054543	500.0	0.0	
1305.0	0.9703	0.0	0.0297	0.0	0.0	0.0	0.0	0.0	0.0	1.4886	0.0	0.0	0.0	0.416735	0.51932581	500.0	0.0	
1307.0	0.9683	0.0	0.0317	0.0	0.0	0.0	0.0	0.0	0.0	1.4886	0.0	0.0	0.0	0.414958	0.51812733	500.0	0.0	
1309.0	0.9671	0.0	0.0329	0.0	0.0	0.0	0.0	0.0	0.0	1.4886	0.0	0.0	0.0	0.413225	0.51693916	500.0	0.0	
1311.0	0.9678	0.0	0.0322	0.0	0.0	0.0	0.0	0.0	0.0	1.4886	0.0	0.0	0.0	0.411528	0.51575038	500.0	0.0	
1313.0	0.9692	0.0	0.0308	0.0	0.0	0.0	0.0	0.0	0.0	1.4886	0.0	0.0	0.0	0.409855	0.51455046	500.0	0.0	
1315.0	0.9649	0.0	0.0351	0.0	0.0	0.0	0.0	0.0	0.0	1.4886	0.0	0.0	0.0	0.408193	0.51333019	500.0	0.0	
1317.0	0.9687	0.0	0.0313	0.0	0.0	0.0	0.0	0.0	0.0	1.4886	0.0	0.0	0.0	0.406529	0.51208243	500.0	0.0	
1319.0	0.9665	0.0	0.0335	0.0	0.0	0.0	0.0	0.0	0.0	1.4886	0.0	0.0	0.0	0.404852	0.51080301	500.0	0.0	
1321.0	0.9683	0.0	0.0317	0.0	0.0	0.0	0.0	0.0	0.0	1.4886	0.0	0.0	0.0	0.403151	0.5094916	500.0	0.0	
1323.0	0.9664	0.0	0.0336	0.0	0.0	0.0	0.0	0.0	0.0	1.4886	0.0	0.0	0.0	0.40142	0.5081526	500.0	0.0	
1325.0	0.9669	0.0001	0.033	0.0	0.0	0.0	0.0	0.0	0.0001	1.488599	0.0	0.0	0.0	0.399661	0.50679512	500.0	0.0	
1327.0	0.9665	0.0005	0.033	0.0	0.0	0.0	0.0	0.0	0.0005	1.488597	0.0	0.0	0.0	0.39788	0.50543215	500.0	0.0	
1329.0	0.9708	0.0009	0.0284	0.0	0.0	0.0	0.0	0.0	0.0009	1.488594	0.0	0.0	0.0	0.396085	0.50407857	500.0	0.0	
1331.0	0.9691	0.0002	0.0307	0.0	0.0	0.0	0.0	0.0	0.0002	1.488592	0.0	0.0	0.0	0.394293	0.50274804	500.0	0.0	
1333.0	0.9698	0.0023	0.0279	0.0	0.0	0.0	0.0	0.0	0.0023	1.488581	0.0	0.0	1e-06	0.392528	0.50144955	500.0	0.0	
1335.0	0.9612	0.0058	0.0331	0.0	0.0	0.0	0.0	0.0	0.0058	1.488563	0.0	0.0	2e-06	0.390801	0.50018859	500.0	0.0	
1337.0	0.9651	0.0061	0.0288	0.0	0.0	0.0	0.0	0.0	0.0061	1.488545	0.0	0.0	3e-06	0.389113	0.49896557	500.0	0.0	
1339.0	0.9593	0.0126	0.0281	0.0	0.0	0.0	0.0	0.0	0.0126	1.488527	1e-06	0.0	4e-06	0.387469	0.49777508	500.0	1e-06	
1341.0	0.9539	0.0175	0.0286	0.0	0.0	0.0	0.0	0.0	0.0175	1.488519	1e-06	0.0	6e-06	0.38586	0.49661136	500.0	2e-06	
1343.0	0.9436	0.0351	0.0213	0.0	0.0	0.0	0.0	0.0	0.0351	1.488513	1e-06	7e-06	9e-06	0.38428	0.4954654	500.0	3e-06	
1345.0	0.9507	0.029	0.0203	0.0	0.0	0.0	0.0	0.0	0.029	1.488507	2e-06	0.0	1.1e-05	0.382747	0.49432378	500.0	4e-06	
1347.0	0.9434	0.0372	0.0194	0.0	0.0	0.0	0.0	0.0	0.0372	1.4885	2e-06	0.0	1.4e-05	0.381229	0.49318028	500.0	4e-06	
1349.0	0.942	0.0417	0.0162	0.0	0.0	0.0	0.0	0.0	0.0417	1.4885	2e-06	1e-06	1.7e-05	0.379716	0.49202515	500.0	6e-06	
1351.0	0.9327	0.0519	0.0154	0.0	0.0	0.0	0.0	0.0	0.0519	1.4885	3e-06	0.0	2.1e-05	0.378211	0.49084922	500.0	7e-06	
1353.0	0.9275	0.0572	0.0153	0.0	0.0	0.0	0.0	0.0	0.0572	1.4885	3e-06	1e-06	2.4e-05	0.376693	0.48964887	500.0	8e-06	
1355.0	0.926	0.0601	0.0139	0.0	0.0	0.0	0.0	0.0	0.0601	1.4885	4e-06	0.0	2.8e-05	0.375164	0.48841919	500.0	9e-06	
1357.0	0.9211	0.067	0.0119	0.0	0.0	0.0	0.0	0.0	0.067	1.4885	4e-06	0.0	3.2e-05	0.37361	0.48716255	500.0	1.1e-05	
1359.0	0.9169	0.0719	0.0112	0.0	0.0	0.0	0.0	0.0	0.0719	1.4885	5e-06	0.0	3.7e-05	0.372029	0.48588344	500.0	1.2e-05	
1361.0	0.913	0.0764	0.0106	0.0	0.0	0.0	0.0	0.0	0.0764	1.4885	6e-06	0.0	4.1e-05	0.370426	0.48459051	500.0	1.3e-05	
1363.0	0.9071	0.0829	0.01	0.0	0.0	0.0	0.0	0.0	0.0829	1.4885	6e-06	0.0	4.5e-05	0.368805	0.48329578	500.0	1.5e-05	
1365.0	0.905	0.0872	0.0078	0.0	0.0	0.0	0.0	0.0	0.0872	1.4885	7e-06	0.0	4.8e-05	0.367175	0.48201275	500.0	1.5e-05	
1367.0	0.901	0.0913	0.0077	0.0	0.0	0.0	0.0	0.0	0.0913	1.4885	7e-06	0.0	5.2e-05	0.365551	0.48075251	500.0	1.6e-05	
1369.0	0.8957	0.0969	0.0074	0.0	0.0	0.0	0.0	0.0	0.0969	1.4885	7e-06	0.0	5.5e-05	0.363942	0.47952432	500.0	1.7e-05	
1371.0	0.8906	0.1017	0.0077	0.0	0.0	0.0	0.0	0.0	0.1017	1.4885	8e-06	0.0	5.8e-05	0.36236	0.47833258	500.0	1.8e-05	
1373.0	0.8909	0.1014	0.0077	0.0	0.0	0.0	0.0	0.0	0.1014	1.4885	8e-06	0.0	6e-05	0.36081	0.47717786	500.0	1.9e-05	
1375.0	0.8915	0.1017	0.0067	0.0	0.0	0.0	0.0	0.0	0.1017	1.4885	8e-06	0.0	6.2e-05	0.359298	0.47605603	500.0	1.9e-05	
1377.0	0.8953	0.0983	0.0064	0.0	0.0	0.0	0.0	0.0	0.0983	1.4885	9e-06	0.0	6.4e-05	0.357822	0.47496092	500.0	2e-05	
1379.0	0.8885	0.1052	0.0063	0.0	0.0	0.0	0.0	0.0	0.1052	1.4885	9e-06	0.0	6.6e-05	0.35638	0.47388436	500.0	2e-05	
1381.0	0.8908	0.1029	0.0063	0.0	0.0	0.0	0.0	0.0	0.1029	1.4885	9e-06	0.0	6.6e-05	0.354966	0.47281767	500.0	2e-05	
1383.0	0.8834	0.1099	0.0067	0.0	0.0	0.0	0.0	0.0	0.1099	1.4885	9e-06	0.0	6.7e-05	0.353572	0.4717514	500.0	2.1e-05	
1385.0	0.8894	0.104	0.0065	0.0	0.0	0.0	0.0	0.0	0.104	1.4885	9e-06	0.0	6.8e-05	0.352193	0.47067669	500.0	2.1e-05	
1387.0	0.8946	0.1008	0.0046	0.0	0.0	0.0	0.0	0.0	0.1008	1.4885	9e-06	0.0	6.8e-05	0.350818	0.46958595	500.0	2.1e-05	
1389.0	0.893	0.1008	0.0062	0.0	0.0	0.0	0.0	0.0	0.1008	1.4885	9e-06	0.0	6.8e-05	0.349441	0.46847324	500.0	2.1e-05	
1391.0	0.8801	0.1146	0.0053	0.0	0.0	0.0	0.0	0.0	0.1146	1.4885	9e-06	0.0	6.8e-05	0.348054	0.46733421	500.0	2.1e-05	
1393.0	0.8844	0.1096	0.006	0.0	0.0	0.0	0.0	0.0	0.1096	1.4885	9e-06	0.0	6.8e-05	0.34665	0.46616774	500.0	2.1e-05	
1395.0	0.881	0.1128	0.0062	0.0	0.0	0.0	0.0	0.0	0.1128	1.4885	9e-06	0.0	6.8e-05	0.345225	0.4649761	500.0	2.1e-05	
1397.0	0.8884	0.1052	0.0064	0.0	0.0	0.0	0.0	0.0	0.1052	1.4885	9e-06	0.0	6.8e-05	0.34378	0.46376507	500.0	2e-05	
1399.0	0.8862	0.1085	0.0054	0.0	0.0	0.0	0.0	0.0	0.1085	1.4885	9e-06	0.0	6.8e-05	0.342317	0.46254375	500.0	2e-05	
1401.0	0.8916	0.1018	0.0065	0.0	0.0	0.0	0.0	0.0	0.1018	1.4885	9e-06	0.0	6.8e-05	0.34084	0.46132368	500.0	2e-05	
1403.0	0.8829	0.1107	0.0064	0.0	0.0	0.0	0.0	0.0	0.1107	1.4885	9e-06	0.0	6.8e-05	0.339359	0.46011673	500.0	2e-05	
1405.0	0.8883	0.1057	0.0061	0.0	0.0	0.0	0.0	0.0	0.1057	1.4885	1e-05	0.0	6.8e-05	0.337884	0.45893394	500.0	2e-05	
1407.0	0.8808	0.1126	0.0066	0.0	0.0	0.0	0.0	0.0	0.1126	1.4885	1e-05	0.0	6.9e-05	0.336423	0.45778382	500.0	2e-05	
1409.0	0.8851	0.1083	0.0066	0.0	0.0	0.0	0.0	0.0	0.1083	1.4885	1e-05	0.0	6.9e-05	0.334984	0.45667097	500.0	2e-05	
1411.0	0.8895	0.1049	0.0056	0.0	0.0	0.0	0.0	0.0	0.1049	1.4885	1e-05	0.0	7e-05	0.333573	0.45559645	500.0	2e-05	
1413.0	0.8898	0.1043	0.0059	0.0	0.0	0.0	0.0	0.0	0.1043	1.4885	1e-05	0.0	7.1e-05	0.332193	0.45455758	500.0	2e-05	
1415.0	0.8811	0.1123	0.0066	0.0	0.0	0.0	0.0	0.0	0.1123	1.4885	1e-05	0.0	7.2e-05	0.330845	0.45354898	500.0	2.1e-05	
1417.0	0.8892	0.1043	0.0064	0.0	0.0	0.0	0.0	0.0	0.1043	1.4885	1e-05	0.0	7.3e-05	0.329524	0.4525636	500.0	2.1e-05	
1419.0	0.8806	0.1137	0.0057	0.0	0.0	0.0	0.0	0.0	0.1138	1.4885	1e-05	0.0	7.4e-05	0.328228	0.45159281	500.0	2.1e-05	
1421.0	0.8824	0.1113	0.0062	0.0	0.0	0.0	0.0	0.0	0.1113	1.4885	1.1e-05	0.0	7.4e-05	0.326952	0.45062777	500.0	2.1e-05	
1423.0	0.8767	0.1171	0.0062	0.0	0.0	0.0	0.0	0.0	0.1171	1.4885	1.1e-05	0.0	7.5e-05	0.325689	0.44965962	500.0	2.1e-05	
1425.0	0.8765	0.1173	0.0062	0.0	0.0	0.0	0.0	0.0	0.1173	1.4885	1.1e-05	0.0	7.6e-05	0.324433	0.44868007	500.0	2.2e-05	
1427.0	0.8829	0.1114	0.0057	0.0	0.0	0.0	0.0	0.0	0.1114	1.488499	1.1e-05	0.0	7.7e-05	0.323179	0.4476825	500.0	2.2e-05	
1429.0	0.8786	0.1157	0.0058	0.0	0.0	0.0	0.0	0.0	0.1157	1.488494	1.1e-05	0.0	7.7e-05	0.321923	0.4466619	500.0	2.2e-05	
1431.0	0.8814	0.1121	0.0065	0.0	0.0	0.0	0.0	0.0	0.1121	1.488488	1.1e-05	0.0	7.7e-05	0.320656	0.44561434	500.0	2.2e-05	
1433.0	0.8769	0.1183	0.0048	0.0	0.0	0.0	0.0	0.0	0.1183	1.488483	1.1e-05	0.0	7.8e-05	0.319373	0.44453927	500.0	2.2e-05	
1435.0	0.883	0.1115	0.0055	0.0	0.0	0.0	0.0	0.0	0.1115	1.488476	1.1e-05	0.0	7.8e-05	0.318076	0.44343987	500.0	2.2e-05	
1437.0	0.8733	0.1204	0.0063	0.0	0.0	0.0	0.0	0.0	0.1204	1.488458	1.1e-05	0.0	7.7e-05	0.316771	0.44232399	500.0	2.1e-05	
1439.0	0.8826	0.111	0.0064	0.0	0.0	0.0	0.0	0.0	0.111	1.488441	1.1e-05	0.0	7.6e-05	0.315452	0.44119761	500.0	2.1e-05	
1441.0	0.8796	0.1137	0.0066	0.0	0.0	0.0	0.0	0.0	0.1138	1.488423	1.1e-05	0.0	7.5e-05	0.314124	0.44007149	500.0	2.1e-05	
1443.0	0.878	0.116	0.0061	0.0	0.0	0.0	0.0	0.0	0.116	1.488406	1.1e-05	0.0	7.4e-05	0.312792	0.43895653	500.0	2e-05	
1445.0	0.8809	0.1119	0.0072	0.0	0.0	0.0	0.0	0.0	0.1119	1.488405	1e-05	0.0	7.2e-05	0.311453	0.43786069	500.0	1.9e-05	
1447.0	0.8835	0.1106	0.006	0.0	0.0	0.0	0.0	0.0	0.1106	1.488403	1e-05	0.0	6.9e-05	0.310126	0.43679479	500.0	1.9e-05	
1449.0	0.8865	0.1074	0.0061	0.0	0.0	0.0	0.0	0.0	0.1074	1.488402	1e-05	0.0	6.7e-05	0.308818	0.43576402	500.0	1.8e-05	
1451.0	0.8881	0.1043	0.0076	0.0	0.0	0.0	0.0	0.0	0.1043	1.4884	9e-06	0.0	6.4e-05	0.307532	0.4347708	500.0	1.7e-05	
1453.0	0.8921	0.1004	0.0075	0.0	0.0	0.0	0.0	0.0	0.1004	1.4884	9e-06	0.0	6.1e-05	0.306272	0.43381364	500.0	1.6e-05	
1455.0	0.894	0.0976	0.0084	0.0	0.0	0.0	0.0	0.0	0.0976	1.4884	8e-06	0.0	5.8e-05	0.305038	0.43288912	500.0	1.5e-05	
1457.0	0.8977	0.0936	0.0087	0.0	0.0	0.0	0.0	0.0	0.0936	1.4884	8e-06	0.0	5.6e-05	0.303828	0.43199168	500.0	1.5e-05	
1459.0	0.8998	0.0896	0.0106	0.0	0.0	0.0	0.0	0.0	0.0896	1.4884	8e-06	0.0	5.3e-05	0.302641	0.43111427	500.0	1.4e-05	
1461.0	0.8988	0.089	0.0122	0.0	0.0	0.0	0.0	0.0	0.089	1.4884	7e-06	0.0	5e-05	0.301472	0.43024918	500.0	1.3e-05	
1463.0	0.9064	0.082	0.0116	0.0	0.0	0.0	0.0	0.0	0.082	1.4884	7e-06	0.0	4.7e-05	0.300318	0.42938784	500.0	1.2e-05	
1465.0	0.9064	0.0802	0.0135	0.0	0.0	0.0	0.0	0.0	0.0802	1.4884	6e-06	0.0	4.5e-05	0.299172	0.42852274	500.0	1.2e-05	
1467.0	0.9059	0.0812	0.0129	0.0	0.0	0.0	0.0	0.0	0.0813	1.4884	6e-06	0.0	4.2e-05	0.29803	0.42764621	500.0	1.1e-05	
1469.0	0.9093	0.0755	0.0152	0.0	0.0	0.0	0.0	0.0	0.0755	1.4884	6e-06	0.0	3.9e-05	0.296885	0.42675248	500.0	1e-05	
1471.0	0.9061	0.0787	0.0152	0.0	0.0	0.0	0.0	0.0	0.0788	1.4884	5e-06	0.0	3.7e-05	0.295735	0.42583606	500.0	1e-05	
1473.0	0.9182	0.066	0.0159	0.0	0.0	0.0	0.0	0.0	0.066	1.4884	5e-06	0.0	3.5e-05	0.294574	0.42489543	500.0	9e-06	
1475.0	0.9176	0.0675	0.0149	0.0	0.0	0.0	0.0	0.0	0.0675	1.4884	5e-06	0.0	3.3e-05	0.2934	0.42392973	500.0	8e-06	
1477.0	0.9155	0.0688	0.0157	0.0	0.0	0.0	0.0	0.0	0.0688	1.4884	5e-06	0.0	3.1e-05	0.292213	0.42294142	500.0	8e-06	
1479.0	0.9196	0.0626	0.0178	0.0	0.0	0.0	0.0	0.0	0.0626	1.4884	4e-06	0.0	3e-05	0.291014	0.42193538	500.0	8e-06	
1481.0	0.9181	0.0642	0.0177	0.0	0.0	0.0	0.0	0.0	0.0642	1.4884	4e-06	0.0	2.9e-05	0.289803	0.4209196	500.0	7e-06	
1483.0	0.9224	0.0612	0.0163	0.0	0.0	0.0	0.0	0.0	0.0613	1.4884	4e-06	0.0	2.7e-05	0.288587	0.41990271	500.0	7e-06	
1485.0	0.9307	0.0515	0.0178	0.0	0.0	0.0	0.0	0.0	0.0515	1.4884	4e-06	0.0	2.6e-05	0.287367	0.41889533	500.0	6e-06	
1487.0	0.9194	0.0611	0.0194	0.0	0.0	0.0	0.0	0.0	0.0612	1.4884	4e-06	0.0	2.5e-05	0.286151	0.41790646	500.0	6e-06	
1489.0	0.9231	0.0565	0.0204	0.0	0.0	0.0	0.0	0.0	0.0565	1.4884	4e-06	0.0	2.4e-05	0.284946	0.41694328	500.0	6e-06	
1491.0	0.9278	0.0505	0.0217	0.0	0.0	0.0	0.0	0.0	0.0505	1.4884	3e-06	0.0	2.3e-05	0.283756	0.41601208	500.0	6e-06	
1493.0	0.9282	0.0527	0.0191	0.0	0.0	0.0	0.0	0.0	0.0527	1.4884	3e-06	0.0	2.2e-05	0.282584	0.41511581	500.0	5e-06	
1495.0	0.9305	0.048	0.0215	0.0	0.0	0.0	0.0	0.0	0.048	1.4884	3e-06	1e-06	2.1e-05	0.281432	0.41425495	500.0	5e-06	
1497.0	0.9322	0.0477	0.0201	0.0	0.0	0.0	0.0	0.0	0.0477	1.4884	3e-06	0.0	2e-05	0.280307	0.41342595	500.0	5e-06	
1499.0	0.9276	0.0486	0.0238	0.0	0.0	0.0	0.0	0.0	0.0486	1.4884	3e-06	0.0	1.9e-05	0.2792	0.41262678	500.0	5e-06	
1501.0	0.9288	0.0479	0.0234	0.0	0.0	0.0	0.0	0.0	0.0479	1.4884	3e-06	0.0	1.9e-05	0.278113	0.41185094	500.0	4e-06	
1503.0	0.9381	0.0382	0.0237	0.0	0.0	0.0	0.0	0.0	0.0382	1.4884	3e-06	0.0	1.8e-05	0.277044	0.41109174	500.0	4e-06	
1505.0	0.9343	0.041	0.0247	0.0	0.0	0.0	0.0	0.0	0.041	1.4884	3e-06	0.0	1.7e-05	0.275989	0.41034201	500.0	4e-06	
1507.0	0.9362	0.0404	0.0235	0.0	0.0	0.0	0.0	0.0	0.0404	1.4884	3e-06	0.0	1.7e-05	0.274944	0.40959437	500.0	4e-06	
1509.0	0.9362	0.0378	0.0261	0.0	0.0	0.0	0.0	0.0	0.0378	1.4884	2e-06	0.0	1.6e-05	0.273906	0.40884132	500.0	4e-06	
1511.0	0.9349	0.0372	0.0279	0.0	0.0	0.0	0.0	0.0	0.0372	1.4884	2e-06	0.0	1.6e-05	0.272868	0.40807721	500.0	4e-06	
1513.0	0.9317	0.0422	0.0261	0.0	0.0	0.0	0.0	0.0	0.0422	1.4884	2e-06	3e-06	1.5e-05	0.271828	0.4072964	500.0	4e-06	
1515.0	0.937	0.0398	0.0232	0.0	0.0	0.0	0.0	0.0	0.0398	1.4884	2e-06	3e-06	1.5e-05	0.270784	0.40649365	500.0	3e-06	
1517.0	0.9382	0.0377	0.0241	0.0	0.0	0.0	0.0	0.0	0.0377	1.4884	2e-06	0.0	1.5e-05	0.269738	0.40566606	500.0	3e-06	
1519.0	0.9404	0.0352	0.0244	0.0	0.0	0.0	0.0	0.0	0.0352	1.4884	2e-06	0.0	1.4e-05	0.268677	0.40481612	500.0	3e-06	
1521.0	0.9414	0.0323	0.0262	0.0	0.0	0.0	0.0	0.0	0.0323	1.4884	2e-06	0.0	1.4e-05	0.267606	0.40394458	500.0	3e-06	
1523.0	0.9378	0.0375	0.0247	0.0	0.0	0.0	0.0	0.0	0.0375	1.4884	2e-06	0.0	1.4e-05	0.266522	0.40305615	500.0	3e-06	
1525.0	0.9344	0.0373	0.0283	0.0	0.0	0.0	0.0	0.0	0.0373	1.4884	2e-06	2e-06	1.4e-05	0.26543	0.40215676	500.0	3e-06	
1527.0	0.9412	0.0334	0.0255	0.0	0.0	0.0	0.0	0.0	0.0334	1.4884	2e-06	0.0	1.4e-05	0.264338	0.40125292	500.0	3e-06	
1529.0	0.9341	0.0388	0.027	0.0	0.0	0.0	0.0	0.0	0.0388	1.4884	2e-06	3e-06	1.4e-05	0.263236	0.40035718	500.0	3e-06	
1531.0	0.9389	0.0364	0.0246	0.0	0.0	0.0	0.0	0.0	0.0364	1.4884	2e-06	1e-06	1.4e-05	0.262143	0.39947412	500.0	3e-06	
1533.0	0.9421	0.0316	0.0262	0.0	0.0	0.0	0.0	0.0	0.0316	1.4884	2e-06	0.0	1.4e-05	0.261057	0.39861352	500.0	3e-06	
1535.0	0.9343	0.037	0.0287	0.0	0.0	0.0	0.0	0.0	0.037	1.4884	2e-06	0.0	1.4e-05	0.259981	0.39778256	500.0	3e-06	
1537.0	0.9307	0.0408	0.0286	0.0	0.0	0.0	0.0	0.0	0.0408	1.4884	2e-06	1e-06	1.4e-05	0.258917	0.39698568	500.0	3e-06	
1539.0	0.9386	0.034	0.0274	0.0	0.0	0.0	0.0	0.0	0.034	1.4884	2e-06	0.0	1.4e-05	0.257874	0.39622287	500.0	3e-06	
1541.0	0.939	0.0377	0.0233	0.0	0.0	0.0	0.0	0.0	0.0377	1.4884	2e-06	0.0	1.4e-05	0.256848	0.39549612	500.0	3e-06	
1543.0	0.937	0.0362	0.0267	0.0	0.0	0.0	0.0	0.0	0.0363	1.4884	2e-06	1e-06	1.5e-05	0.255838	0.39480326	500.0	3e-06	
1545.0	0.9368	0.0358	0.0274	0.0	0.0	0.0	0.0	0.0	0.0358	1.4884	2e-06	0.0	1.5e-05	0.254851	0.3941383	500.0	3e-06	
1547.0	0.9297	0.0404	0.0299	0.0	0.0	0.0	0.0	0.0	0.0404	1.4884	2e-06	2e-06	1.5e-05	0.253875	0.39349934	500.0	3e-06	
1549.0	0.9355	0.037	0.0275	0.0	0.0	0.0	0.0	0.0	0.037	1.4884	2e-06	0.0	1.5e-05	0.252921	0.39287572	500.0	3e-06	
1551.0	0.9361	0.0387	0.0253	0.0	0.0	0.0	0.0	0.0	0.0387	1.4884	2e-06	0.0	1.5e-05	0.251976	0.3922643	500.0	3e-06	
1553.0	0.9332	0.0384	0.0285	0.0	0.0	0.0	0.0	0.0	0.0384	1.4884	2e-06	0.0	1.6e-05	0.251037	0.39165768	500.0	3e-06	
1555.0	0.9344	0.0374	0.0282	0.0	0.0	0.0	0.0	0.0	0.0374	1.4884	2e-06	0.0	1.6e-05	0.250108	0.39104708	500.0	3e-06	
1557.0	0.9335	0.0383	0.0283	0.0	0.0	0.0	0.0	0.0	0.0383	1.4884	2e-06	0.0	1.6e-05	0.249179	0.390428	500.0	3e-06	
1559.0	0.9307	0.041	0.0284	0.0	0.0	0.0	0.0	0.0	0.041	1.488391	2e-06	0.0	1.6e-05	0.248256	0.38979692	500.0	3e-06	
1561.0	0.9342	0.0373	0.0285	0.0	0.0	0.0	0.0	0.0	0.0373	1.488367	3e-06	0.0	1.6e-05	0.247338	0.38915131	500.0	3e-06	
1563.0	0.9362	0.038	0.0259	0.0	0.0	0.0	0.0	0.0	0.038	1.488343	3e-06	0.0	1.6e-05	0.246418	0.38848202	500.0	3e-06	
1565.0	0.9385	0.0388	0.0227	0.0	0.0	0.0	0.0	0.0	0.0388	1.488323	3e-06	0.0	1.6e-05	0.245485	0.38778844	500.0	3e-06	
1567.0	0.9308	0.0418	0.0274	0.0	0.0	0.0	0.0	0.0	0.0418	1.488315	3e-06	0.0	1.7e-05	0.244536	0.38706893	500.0	3e-06	
1569.0	0.9303	0.041	0.0287	0.0	0.0	0.0	0.0	0.0	0.041	1.488307	3e-06	0.0	1.7e-05	0.243578	0.38632911	500.0	3e-06	
1571.0	0.9336	0.042	0.0244	0.0	0.0	0.0	0.0	0.0	0.042	1.4883	3e-06	2e-06	1.7e-05	0.242609	0.38557434	500.0	3e-06	
1573.0	0.9339	0.0375	0.0286	0.0	0.0	0.0	0.0	0.0	0.0375	1.4883	3e-06	0.0	1.7e-05	0.241635	0.38480625	500.0	3e-06	
1575.0	0.9326	0.0395	0.0279	0.0	0.0	0.0	0.0	0.0	0.0395	1.4883	3e-06	0.0	1.7e-05	0.240657	0.38403658	500.0	3e-06	
1577.0	0.9317	0.0396	0.0287	0.0	0.0	0.0	0.0	0.0	0.0396	1.4883	3e-06	0.0	1.7e-05	0.239678	0.38327289	500.0	3e-06	
1579.0	0.9316	0.0401	0.0283	0.0	0.0	0.0	0.0	0.0	0.0401	1.4883	3e-06	0.0	1.7e-05	0.238703	0.3825227	500.0	3e-06	
1581.0	0.9275	0.0431	0.0294	0.0	0.0	0.0	0.0	0.0	0.0431	1.4883	3e-06	3e-06	1.7e-05	0.237731	0.38179485	500.0	3e-06	
1583.0	0.9343	0.0363	0.0293	0.0	0.0	0.0	0.0	0.0	0.0363	1.4883	3e-06	0.0	1.7e-05	0.236777	0.38109036	500.0	3e-06	
1585.0	0.9333	0.0379	0.0288	0.0	0.0	0.0	0.0	0.0	0.0379	1.4883	3e-06	0.0	1.7e-05	0.235833	0.38041842	500.0	3e-06	
1587.0	0.9308	0.0394	0.0298	0.0	0.0	0.0	0.0	0.0	0.0394	1.4883	3e-06	0.0	1.7e-05	0.234903	0.37977993	500.0	3e-06	
1589.0	0.931	0.0388	0.0302	0.0	0.0	0.0	0.0	0.0	0.0388	1.4883	3e-06	0.0	1.7e-05	0.233986	0.37917637	500.0	3e-06	
1591.0	0.9321	0.0395	0.0284	0.0	0.0	0.0	0.0	0.0	0.0395	1.4883	3e-06	0.0	1.7e-05	0.233089	0.37860481	500.0	3e-06	
1593.0	0.9269	0.0439	0.0291	0.0	0.0	0.0	0.0	0.0	0.0439	1.4883	3e-06	0.0	1.7e-05	0.232209	0.378063	500.0	3e-06	
1595.0	0.9318	0.0415	0.0266	0.0	0.0	0.0	0.0	0.0	0.0415	1.4883	3e-06	0.0	1.7e-05	0.231342	0.37754839	500.0	3e-06	
1597.0	0.9307	0.0407	0.0287	0.0	0.0	0.0	0.0	0.0	0.0407	1.4883	3e-06	0.0	1.7e-05	0.230487	0.3770557	500.0	3e-06	
1599.0	0.9302	0.0417	0.0281	0.0	0.0	0.0	0.0	0.0	0.0417	1.4883	3e-06	0.0	1.8e-05	0.229644	0.37657881	500.0	3e-06	
1601.0	0.9316	0.0397	0.0287	0.0	0.0	0.0	0.0	0.0	0.0397	1.4883	3e-06	0.0	1.8e-05	0.228813	0.37611115	500.0	4e-06	
1603.0	0.9294	0.0445	0.0261	0.0	0.0	0.0	0.0	0.0	0.0445	1.4883	3e-06	0.0	1.8e-05	0.227986	0.37564804	500.0	4e-06	
1605.0	0.9266	0.0463	0.027	0.0	0.0	0.0	0.0	0.0	0.0463	1.4883	3e-06	0.0	1.9e-05	0.227164	0.37518301	500.0	4e-06	
1607.0	0.9283	0.0448	0.0269	0.0	0.0	0.0	0.0	0.0	0.0448	1.4883	3e-06	0.0	1.9e-05	0.226343	0.37471062	500.0	4e-06	
1609.0	0.9272	0.0469	0.0259	0.0	0.0	0.0	0.0	0.0	0.0469	1.4883	3e-06	0.0	2e-05	0.22552	0.37422623	500.0	4e-06	
1611.0	0.9254	0.0466	0.028	0.0	0.0	0.0	0.0	0.0	0.0466	1.4883	3e-06	0.0	2e-05	0.224695	0.37372596	500.0	4e-06	
1613.0	0.9212	0.051	0.0279	0.0	0.0	0.0	0.0	0.0	0.051	1.4883	3e-06	1e-06	2.1e-05	0.223863	0.37320772	500.0	4e-06	
1615.0	0.9238	0.0462	0.03	0.0	0.0	0.0	0.0	0.0	0.0462	1.4883	3e-06	0.0	2.1e-05	0.223031	0.37266774	500.0	4e-06	
1617.0	0.9239	0.0502	0.0259	0.0	0.0	0.0	0.0	0.0	0.0502	1.4883	3e-06	0.0	2.1e-05	0.222189	0.37210976	500.0	4e-06	
1619.0	0.9181	0.0502	0.0317	0.0	0.0	0.0	0.0	0.0	0.0502	1.4883	4e-06	0.0	2.2e-05	0.221341	0.371534	500.0	4e-06	
1621.0	0.9238	0.0493	0.0269	0.0	0.0	0.0	0.0	0.0	0.0493	1.4883	4e-06	0.0	2.2e-05	0.220485	0.37094554	500.0	4e-06	
1623.0	0.9197	0.0535	0.0268	0.0	0.0	0.0	0.0	0.0	0.0535	1.4883	4e-06	0.0	2.3e-05	0.219627	0.37034629	500.0	4e-06	
1625.0	0.9217	0.0518	0.0264	0.0	0.0	0.0	0.0	0.0	0.0518	1.4883	4e-06	0.0	2.3e-05	0.218767	0.36974384	500.0	4e-06	
1627.0	0.9218	0.0514	0.0267	0.0	0.0	0.0	0.0	0.0	0.0514	1.4883	4e-06	0.0	2.4e-05	0.217907	0.36914462	500.0	5e-06	
1629.0	0.9214	0.0524	0.0262	0.0	0.0	0.0	0.0	0.0	0.0524	1.4883	4e-06	0.0	2.5e-05	0.217049	0.36855504	500.0	5e-06	
1631.0	0.9215	0.0554	0.0231	0.0	0.0	0.0	0.0	0.0	0.0554	1.4883	4e-06	0.0	2.5e-05	0.216197	0.36798094	500.0	5e-06	
1633.0	0.9211	0.0568	0.0221	0.0	0.0	0.0	0.0	0.0	0.0568	1.4883	4e-06	0.0	2.6e-05	0.215351	0.36742917	500.0	5e-06	
1635.0	0.9145	0.06	0.0255	0.0	0.0	0.0	0.0	0.0	0.06	1.4883	4e-06	0.0	2.7e-05	0.214516	0.36690244	500.0	5e-06	
1637.0	0.9112	0.0609	0.028	0.0	0.0	0.0	0.0	0.0	0.0609	1.4883	5e-06	0.0	2.8e-05	0.213693	0.36640416	500.0	5e-06	
1639.0	0.9064	0.0674	0.0262	0.0	0.0	0.0	0.0	0.0	0.0674	1.4883	5e-06	0.0	3e-05	0.212882	0.36593708	500.0	5e-06	
1641.0	0.9121	0.0653	0.0226	0.0	0.0	0.0	0.0	0.0	0.0653	1.4883	5e-06	0.0	3.2e-05	0.212084	0.36550003	500.0	6e-06	
1643.0	0.9046	0.0696	0.0258	0.0	0.0	0.0	0.0	0.0	0.0696	1.4883	6e-06	0.0	3.5e-05	0.2113	0.3650922	500.0	6e-06	
1645.0	0.8969	0.0799	0.0232	0.0	0.0	0.0	0.0	0.0	0.0799	1.4883	6e-06	0.0	3.7e-05	0.21053	0.36471139	500.0	7e-06	
1647.0	0.8976	0.0828	0.0196	0.0	0.0	0.0	0.0	0.0	0.0828	1.4883	7e-06	0.0	4.3e-05	0.20977	0.364353	500.0	8e-06	
1649.0	0.8935	0.0883	0.0183	0.0	0.0	0.0	0.0	0.0	0.0883	1.4883	8e-06	0.0	4.8e-05	0.209023	0.36401388	500.0	9e-06	
1651.0	0.8892	0.0946	0.0162	0.0	0.0	0.0	0.0	0.0	0.0946	1.4883	9e-06	0.0	5.3e-05	0.208285	0.36368965	500.0	1e-05	
1653.0	0.8804	0.1046	0.015	0.0	0.0	0.0	0.0	0.0	0.1046	1.4883	1e-05	0.0	6.3e-05	0.207554	0.36337297	500.0	1.1e-05	
1655.0	0.8646	0.1234	0.012	0.0	0.0	0.0	0.0	0.0	0.1234	1.4883	1.2e-05	0.0	7.3e-05	0.206828	0.36306075	500.0	1.3e-05	
1657.0	0.8652	0.1249	0.0099	0.0	0.0	0.0	0.0	0.0	0.1249	1.4883	1.4e-05	0.0	8.3e-05	0.206108	0.36274818	500.0	1.5e-05	
1659.0	0.8478	0.1427	0.0095	0.0	0.0	0.0	0.0	0.0	0.1427	1.4883	1.6e-05	0.0	0.0001	0.205387	0.36242717	500.0	1.8e-05	
1661.0	0.8362	0.1569	0.0069	0.0	0.0	0.0	0.0	0.0	0.1569	1.4883	1.9e-05	0.0	0.000118	0.204666	0.36209625	500.0	2.1e-05	
1663.0	0.8279	0.1664	0.0057	0.0	0.0	0.0	0.0	0.0	0.1665	1.4883	2.2e-05	0.0	0.000135	0.203944	0.36175275	500.0	2.5e-05	
1665.0	0.8174	0.1786	0.0039	0.0	0.0	0.0	0.0	0.0	0.1787	1.4883	2.7e-05	0.0	0.00016	0.203216	0.36139007	500.0	2.9e-05	
1667.0	0.808	0.1888	0.0032	0.0	0.0	0.0	0.0	0.0	0.1889	1.4883	3.1e-05	0.0	0.000189	0.202484	0.36100908	500.0	3.4e-05	
1669.0	0.794	0.2046	0.0014	0.0	0.0	0.0	0.0	0.0	0.2046	1.4883	3.6e-05	0.0	0.000217	0.201748	0.36061136	500.0	3.9e-05	
1671.0	0.7736	0.225	0.0014	0.0	0.0	0.0	0.0	0.0	0.225	1.4883	4.1e-05	0.0	0.000249	0.201006	0.36019582	500.0	4.5e-05	
1673.0	0.7586	0.2409	0.0006	0.0	0.0	0.0	0.0	0.0	0.2409	1.4883	4.7e-05	0.0	0.000283	0.200258	0.35976538	500.0	5.1e-05	
1675.0	0.7527	0.2463	0.001	0.0	0.0	0.0	0.0	0.0	0.2464	1.4883	5.3e-05	0.0	0.000317	0.199507	0.3593249	500.0	5.7e-05	
1677.0	0.7336	0.2658	0.0007	0.0	0.0	0.0	0.0	0.0	0.2658	1.4883	5.8e-05	0.0	0.000349	0.198754	0.35887967	500.0	6.3e-05	
1679.0	0.7358	0.2636	0.0006	0.0	0.0	0.0	0.0	0.0	0.2637	1.4883	6.4e-05	0.0	0.00038	0.198	0.35843484	500.0	6.8e-05	
1681.0	0.7229	0.2763	0.0008	0.0	0.0	0.0	0.0	0.0	0.2764	1.4883	6.9e-05	0.0	0.000411	0.197247	0.35799512	500.0	7.3e-05	
1683.0	0.7203	0.2792	0.0005	0.0	0.0	0.0	0.0	0.0	0.2792	1.4883	7.3e-05	0.0	0.000437	0.196498	0.35756865	500.0	7.7e-05	
1685.0	0.715	0.2843	0.0007	0.0	0.0	0.0	0.0	0.0	0.2843	1.4883	7.7e-05	0.0	0.000457	0.195756	0.35716215	500.0	8.1e-05	
1687.0	0.7103	0.2893	0.0004	0.0	0.0	0.0	0.0	0.0	0.2893	1.4883	8e-05	0.0	0.000477	0.19502	0.3567765	500.0	8.4e-05	
1689.0	0.7033	0.2963	0.0004	0.0	0.0	0.0	0.0	0.0	0.2964	1.4883	8.3e-05	0.0	0.000492	0.194293	0.35641787	500.0	8.6e-05	
1691.0	0.7018	0.2977	0.0005	0.0	0.0	0.0	0.0	0.0	0.2977	1.4883	8.4e-05	0.0	0.000499	0.193579	0.35609224	500.0	8.7e-05	
1693.0	0.7032	0.2967	0.0001	0.0	0.0	0.0	0.0	0.0	0.2967	1.4883	8.5e-05	0.0	0.000505	0.192876	0.35579591	500.0	8.8e-05	
1695.0	0.7027	0.2971	0.0002	0.0	0.0	0.0	0.0	0.0	0.2971	1.4883	8.6e-05	0.0	0.00051	0.192184	0.3555304	500.0	8.9e-05	
1697.0	0.7019	0.2979	0.0002	0.0	0.0	0.0	0.0	0.0	0.2979	1.4883	8.6e-05	0.0	0.000507	0.191506	0.35529824	500.0	8.8e-05	
1699.0	0.6922	0.3074	0.0004	0.0	0.0	0.0	0.0	0.0	0.3074	1.4883	8.5e-05	0.0	0.000505	0.190839	0.35509362	500.0	8.8e-05	
1701.0	0.699	0.3009	0.0002	0.0	0.0	0.0	0.0	0.0	0.3009	1.4883	8.5e-05	0.0	0.000502	0.190183	0.35491411	500.0	8.7e-05	
1703.0	0.6962	0.3036	0.0002	0.0	0.0	0.0	0.0	0.0	0.3037	1.4883	8.4e-05	0.0	0.000497	0.189537	0.35475793	500.0	8.6e-05	
1705.0	0.7022	0.2975	0.0003	0.0	0.0	0.0	0.0	0.0	0.2975	1.4883	8.3e-05	0.0	0.000491	0.188901	0.35461948	500.0	8.5e-05	
1707.0	0.6986	0.3013	0.0001	0.0	0.0	0.0	0.0	0.0	0.3014	1.4883	8.2e-05	0.0	0.000486	0.188273	0.35449446	500.0	8.4e-05	
1709.0	0.7051	0.2945	0.0004	0.0	0.0	0.0	0.0	0.0	0.2945	1.4883	8.2e-05	0.0	0.000482	0.187651	0.35437717	500.0	8.4e-05	
1711.0	0.7118	0.2878	0.0004	0.0	0.0	0.0	0.0	0.0	0.2878	1.4883	8.1e-05	0.0	0.000478	0.187034	0.35426421	500.0	8.3e-05	
1713.0	0.7067	0.2929	0.0004	0.0	0.0	0.0	0.0	0.0	0.2929	1.4883	8.1e-05	0.0	0.000475	0.18642	0.35415115	500.0	8.3e-05	
1715.0	0.7005	0.2991	0.0004	0.0	0.0	0.0	0.0	0.0	0.2992	1.4883	8.1e-05	0.0	0.000474	0.185808	0.35403224	500.0	8.3e-05	
1717.0	0.698	0.3015	0.0005	0.0	0.0	0.0	0.0	0.0	0.3016	1.4883	8.1e-05	0.0	0.000473	0.185196	0.35390518	500.0	8.3e-05	
1719.0	0.6941	0.3057	0.0003	0.0	0.0	0.0	0.0	0.0	0.3057	1.4883	8.1e-05	0.0	0.000472	0.184584	0.35376707	500.0	8.3e-05	
1721.0	0.7014	0.2979	0.0008	0.0	0.0	0.0	0.0	0.0	0.2979	1.4883	8.1e-05	0.0	0.000471	0.18397	0.35361587	500.0	8.2e-05	
1723.0	0.6967	0.3029	0.0004	0.0	0.0	0.0	0.0	0.0	0.3029	1.4883	8e-05	0.0	0.00047	0.183353	0.35344983	500.0	8.2e-05	
1725.0	0.7061	0.2932	0.0008	0.0	0.0	0.0	0.0	0.0	0.2932	1.4883	8e-05	0.0	0.000468	0.182733	0.35326832	500.0	8.2e-05	
1727.0	0.6956	0.3041	0.0003	0.0	0.0	0.0	0.0	0.0	0.3041	1.4883	8e-05	0.0	0.000464	0.182111	0.3530734	500.0	8.1e-05	
1729.0	0.7027	0.2961	0.0012	0.0	0.0	0.0	0.0	0.0	0.2962	1.4883	7.9e-05	0.0	0.000459	0.181486	0.35286564	500.0	8e-05	
1731.0	0.7035	0.2964	0.0001	0.0	0.0	0.0	0.0	0.0	0.2965	1.4883	7.8e-05	0.0	0.000454	0.180858	0.35264676	500.0	8e-05	
1733.0	0.7074	0.292	0.0006	0.0	0.0	0.0	0.0	0.0	0.292	1.4883	7.7e-05	0.0	0.000447	0.180228	0.35242156	500.0	7.8e-05	
1735.0	0.707	0.2923	0.0007	0.0	0.0	0.0	0.0	0.0	0.2923	1.4883	7.6e-05	0.0	0.000438	0.179597	0.3521936	500.0	7.6e-05	
1737.0	0.7127	0.2864	0.0009	0.0	0.0	0.0	0.0	0.0	0.2865	1.4883	7.4e-05	0.0	0.000429	0.178966	0.35196641	500.0	7.5e-05	
1739.0	0.7125	0.2869	0.0006	0.0	0.0	0.0	0.0	0.0	0.2869	1.4883	7.2e-05	0.0	0.000419	0.178337	0.35174533	500.0	7.3e-05	
1741.0	0.7071	0.2919	0.001	0.0	0.0	0.0	0.0	0.0	0.2919	1.4883	7.1e-05	0.0	0.000409	0.177711	0.35153524	500.0	7.1e-05	
1743.0	0.717	0.2822	0.0008	0.0	0.0	0.0	0.0	0.0	0.2822	1.4883	6.9e-05	0.0	0.000398	0.177089	0.35134023	500.0	6.9e-05	
1745.0	0.7216	0.2778	0.0006	0.0	0.0	0.0	0.0	0.0	0.2778	1.4883	6.7e-05	0.0	0.000387	0.176472	0.3511645	500.0	6.7e-05	
1747.0	0.7184	0.2807	0.001	0.0	0.0	0.0	0.0	0.0	0.2807	1.4883	6.5e-05	0.0	0.000377	0.175862	0.35101157	500.0	6.5e-05	
1749.0	0.7224	0.2761	0.0014	0.0	0.0	0.0	0.0	0.0	0.2762	1.4883	6.4e-05	0.0	0.000366	0.17526	0.35088414	500.0	6.3e-05	
1751.0	0.7216	0.2776	0.0008	0.0	0.0	0.0	0.0	0.0	0.2776	1.4883	6.2e-05	0.0	0.000356	0.174667	0.35078403	500.0	6.2e-05	
1753.0	0.7339	0.2653	0.0009	0.0	0.0	0.0	0.0	0.0	0.2653	1.4883	6e-05	0.0	0.000345	0.174083	0.35071209	500.0	6e-05	
1755.0	0.7324	0.266	0.0015	0.0	0.0	0.0	0.0	0.0	0.2661	1.4883	5.8e-05	0.0	0.000335	0.173509	0.35066835	500.0	5.8e-05	
1757.0	0.7392	0.2597	0.0011	0.0	0.0	0.0	0.0	0.0	0.2597	1.488296	5.7e-05	0.0	0.000324	0.172945	0.35064965	500.0	5.6e-05	
1759.0	0.7443	0.2539	0.0017	0.0	0.0	0.0	0.0	0.0	0.254	1.488277	5.5e-05	0.0	0.000313	0.172394	0.35064717	500.0	5.4e-05	
1761.0	0.7446	0.2535	0.0018	0.0	0.0	0.0	0.0	0.0	0.2536	1.488258	5.3e-05	0.0	0.000301	0.171851	0.35066752	500.0	5.2e-05	
1763.0	0.7509	0.247	0.0021	0.0	0.0	0.0	0.0	0.0	0.247	1.488239	5.1e-05	0.0	0.00029	0.171317	0.35070819	500.0	5e-05	
1765.0	0.7532	0.2448	0.002	0.0	0.0	0.0	0.0	0.0	0.2448	1.488226	4.9e-05	0.0	0.000278	0.170788	0.35076957	500.0	4.8e-05	
1767.0	0.7595	0.2381	0.0024	0.0	0.0	0.0	0.0	0.0	0.2381	1.488213	4.7e-05	0.0	0.000266	0.170267	0.35084384	500.0	4.6e-05	
1769.0	0.7515	0.2451	0.0035	0.0	0.0	0.0	0.0	0.0	0.2451	1.4882	4.5e-05	0.0	0.000254	0.16975	0.35092712	500.0	4.4e-05	
1771.0	0.764	0.2323	0.0037	0.0	0.0	0.0	0.0	0.0	0.2323	1.4882	4.3e-05	0.0	0.000243	0.169235	0.35102348	500.0	4.3e-05	
1773.0	0.772	0.226	0.002	0.0	0.0	0.0	0.0	0.0	0.226	1.4882	4.1e-05	0.0	0.000232	0.168723	0.35112146	500.0	4.1e-05	
1775.0	0.7698	0.2264	0.0037	0.0	0.0	0.0	0.0	0.0	0.2265	1.4882	3.9e-05	0.0	0.000222	0.168213	0.35121747	500.0	3.9e-05	
1777.0	0.7775	0.2186	0.0038	0.0	0.0	0.0	0.0	0.0	0.2187	1.4882	3.8e-05	0.0	0.000214	0.167703	0.35130622	500.0	3.8e-05	
1779.0	0.776	0.2189	0.0051	0.0	0.0	0.0	0.0	0.0	0.219	1.4882	3.6e-05	0.0	0.000206	0.167193	0.35138676	500.0	3.6e-05	
1781.0	0.7863	0.2087	0.005	0.0	0.0	0.0	0.0	0.0	0.2088	1.4882	3.5e-05	0.0	0.000199	0.166682	0.35145715	500.0	3.5e-05	
1783.0	0.7817	0.2134	0.0049	0.0	0.0	0.0	0.0	0.0	0.2134	1.4882	3.4e-05	0.0	0.000194	0.166168	0.35151362	500.0	3.5e-05	
1785.0	0.7845	0.2106	0.0049	0.0	0.0	0.0	0.0	0.0	0.2106	1.4882	3.4e-05	0.0	0.00019	0.165652	0.351557	500.0	3.4e-05	
1787.0	0.7866	0.2084	0.005	0.0	0.0	0.0	0.0	0.0	0.2084	1.4882	3.3e-05	0.0	0.000187	0.165133	0.35158777	500.0	3.3e-05	
1789.0	0.7902	0.2038	0.006	0.0	0.0	0.0	0.0	0.0	0.2039	1.4882	3.3e-05	0.0	0.000184	0.164612	0.35160543	500.0	3.3e-05	
1791.0	0.7868	0.2075	0.0057	0.0	0.0	0.0	0.0	0.0	0.2075	1.4882	3.3e-05	0.0	0.000183	0.164087	0.35161221	500.0	3.3e-05	
1793.0	0.7931	0.2016	0.0053	0.0	0.0	0.0	0.0	0.0	0.2016	1.4882	3.2e-05	0.0	0.000182	0.163561	0.35161089	500.0	3.3e-05	
1795.0	0.7847	0.2076	0.0077	0.0	0.0	0.0	0.0	0.0	0.2076	1.4882	3.2e-05	0.0	0.000181	0.163033	0.35160403	500.0	3.2e-05	
1797.0	0.7924	0.2023	0.0053	0.0	0.0	0.0	0.0	0.0	0.2023	1.4882	3.2e-05	0.0	0.00018	0.162504	0.35159512	500.0	3.2e-05	
1799.0	0.7843	0.2099	0.0058	0.0	0.0	0.0	0.0	0.0	0.2099	1.4882	3.2e-05	0.0	0.000179	0.161976	0.35158806	500.0	3.2e-05	
1801.0	0.7945	0.1992	0.0062	0.0	0.0	0.0	0.0	0.0	0.1992	1.4882	3.2e-05	0.0	0.000178	0.161449	0.35158682	500.0	3.2e-05	
1803.0	0.7874	0.2063	0.0062	0.0	0.0	0.0	0.0	0.0	0.2064	1.4882	3.2e-05	0.0	0.000177	0.160924	0.35159533	500.0	3.2e-05	
1805.0	0.7853	0.2078	0.0069	0.0	0.0	0.0	0.0	0.0	0.2078	1.4882	3.2e-05	0.0	0.000176	0.160402	0.3516173	500.0	3.2e-05	
1807.0	0.7939	0.1994	0.0067	0.0	0.0	0.0	0.0	0.0	0.1994	1.4882	3.1e-05	0.0	0.000175	0.159886	0.3516564	500.0	3.1e-05	
1809.0	0.7904	0.2039	0.0057	0.0	0.0	0.0	0.0	0.0	0.204	1.4882	3.1e-05	0.0	0.000173	0.159375	0.35171565	500.0	3.1e-05	
1811.0	0.7913	0.2018	0.0069	0.0	0.0	0.0	0.0	0.0	0.2018	1.4882	3.1e-05	0.0	0.000171	0.15887	0.35179707	500.0	3.1e-05	
1813.0	0.7923	0.2011	0.0065	0.0	0.0	0.0	0.0	0.0	0.2012	1.4882	3.1e-05	0.0	0.00017	0.158372	0.35190236	500.0	3e-05	
1815.0	0.7885	0.2035	0.0081	0.0	0.0	0.0	0.0	0.0	0.2035	1.4882	3e-05	0.0	0.000168	0.157881	0.3520325	500.0	3e-05	
1817.0	0.795	0.1973	0.0077	0.0	0.0	0.0	0.0	0.0	0.1973	1.4882	3e-05	0.0	0.000166	0.157399	0.35218769	500.0	3e-05	
1819.0	0.7867	0.2055	0.0078	0.0	0.0	0.0	0.0	0.0	0.2055	1.4882	3e-05	0.0	0.000164	0.156924	0.3523675	500.0	3e-05	
1821.0	0.8	0.1934	0.0066	0.0	0.0	0.0	0.0	0.0	0.1934	1.4882	2.9e-05	0.0	0.000162	0.156457	0.35257101	500.0	2.9e-05	
1823.0	0.8006	0.1916	0.0078	0.0	0.0	0.0	0.0	0.0	0.1916	1.4882	2.9e-05	0.0	0.00016	0.155998	0.35279639	500.0	2.9e-05	
1825.0	0.7939	0.1983	0.0079	0.0	0.0	0.0	0.0	0.0	0.1983	1.4882	2.9e-05	0.0	0.000157	0.155546	0.35304154	500.0	2.9e-05	
1827.0	0.7926	0.1983	0.0091	0.0	0.0	0.0	0.0	0.0	0.1983	1.4882	2.8e-05	0.0	0.000154	0.155102	0.35330456	500.0	2.8e-05	
1829.0	0.797	0.1949	0.0081	0.0	0.0	0.0	0.0	0.0	0.1949	1.4882	2.7e-05	0.0	0.000151	0.154663	0.35358188	500.0	2.8e-05	
1831.0	0.7975	0.192	0.0105	0.0	0.0	0.0	0.0	0.0	0.192	1.4882	2.7e-05	0.0	0.000148	0.154229	0.35387041	500.0	2.7e-05	
1833.0	0.8044	0.1855	0.0101	0.0	0.0	0.0	0.0	0.0	0.1855	1.4882	2.6e-05	0.0	0.000144	0.153801	0.35416731	500.0	2.6e-05	
1835.0	0.8038	0.186	0.0103	0.0	0.0	0.0	0.0	0.0	0.186	1.4882	2.6e-05	0.0	0.00014	0.153376	0.35446908	500.0	2.6e-05	
1837.0	0.8048	0.1844	0.0108	0.0	0.0	0.0	0.0	0.0	0.1844	1.4882	2.5e-05	0.0	0.000137	0.152954	0.35477257	500.0	2.5e-05	
1839.0	0.8094	0.1784	0.0122	0.0	0.0	0.0	0.0	0.0	0.1784	1.4882	2.4e-05	0.0	0.000133	0.152534	0.35507512	500.0	2.5e-05	
1841.0	0.809	0.1786	0.0123	0.0	0.0	0.0	0.0	0.0	0.1787	1.4882	2.4e-05	0.0	0.000129	0.152115	0.35537387	500.0	2.4e-05	
1843.0	0.8139	0.1739	0.0121	0.0	0.0	0.0	0.0	0.0	0.174	1.4882	2.3e-05	0.0	0.000125	0.151697	0.35566657	500.0	2.3e-05	
1845.0	0.8149	0.1733	0.0118	0.0	0.0	0.0	0.0	0.0	0.1733	1.4882	2.2e-05	0.0	0.000121	0.151278	0.35595071	500.0	2.3e-05	
1847.0	0.8158	0.1705	0.0137	0.0	0.0	0.0	0.0	0.0	0.1705	1.4882	2.2e-05	0.0	0.000118	0.150859	0.35622527	500.0	2.2e-05	
1849.0	0.8182	0.1674	0.0144	0.0	0.0	0.0	0.0	0.0	0.1674	1.4882	2.1e-05	0.0	0.000115	0.150438	0.35648964	500.0	2.2e-05	
1851.0	0.8163	0.1679	0.0159	0.0	0.0	0.0	0.0	0.0	0.1679	1.4882	2.1e-05	0.0	0.000113	0.150015	0.35674285	500.0	2.1e-05	
1853.0	0.8198	0.1649	0.0153	0.0	0.0	0.0	0.0	0.0	0.1649	1.4882	2e-05	0.0	0.000111	0.149591	0.35698551	500.0	2.1e-05	
1855.0	0.8228	0.1635	0.0137	0.0	0.0	0.0	0.0	0.0	0.1635	1.4882	2e-05	0.0	0.000109	0.149165	0.35721903	500.0	2.1e-05	
1857.0	0.8213	0.1623	0.0164	0.0	0.0	0.0	0.0	0.0	0.1623	1.4882	2e-05	0.0	0.000107	0.148737	0.35744443	500.0	2e-05	
1859.0	0.8182	0.1647	0.0171	0.0	0.0	0.0	0.0	0.0	0.1647	1.4882	2e-05	0.0	0.000106	0.148308	0.35766383	500.0	2e-05	
1861.0	0.8232	0.16	0.0168	0.0	0.0	0.0	0.0	0.0	0.16	1.4882	1.9e-05	0.0	0.000105	0.147878	0.35788003	500.0	2e-05	
1863.0	0.8305	0.1529	0.0166	0.0	0.0	0.0	0.0	0.0	0.1529	1.4882	1.9e-05	0.0	0.000104	0.147447	0.35809513	500.0	2e-05	
1865.0	0.8212	0.1643	0.0145	0.0	0.0	0.0	0.0	0.0	0.1643	1.4882	1.9e-05	0.0	0.000105	0.147017	0.35831216	500.0	2e-05	
1867.0	0.8166	0.166	0.0174	0.0	0.0	0.0	0.0	0.0	0.166	1.4882	2e-05	0.0	0.000105	0.146588	0.35853508	500.0	2e-05	
1869.0	0.8241	0.1601	0.0158	0.0	0.0	0.0	0.0	0.0	0.1601	1.4882	2e-05	0.0	0.000106	0.14616	0.35876661	500.0	2e-05	
1871.0	0.8163	0.1681	0.0157	0.0	0.0	0.0	0.0	0.0	0.1681	1.4882	2e-05	0.0	0.000108	0.145734	0.35900948	500.0	2.1e-05	
1873.0	0.8163	0.169	0.0147	0.0	0.0	0.0	0.0	0.0	0.169	1.4882	2e-05	0.0	0.00011	0.145312	0.35926751	500.0	2.1e-05	
1875.0	0.8155	0.1688	0.0157	0.0	0.0	0.0	0.0	0.0	0.1689	1.4882	2.1e-05	0.0	0.000112	0.144894	0.35954301	500.0	2.2e-05	
1877.0	0.8098	0.1753	0.0149	0.0	0.0	0.0	0.0	0.0	0.1753	1.4882	2.1e-05	0.0	0.000115	0.14448	0.35983774	500.0	2.2e-05	
1879.0	0.8045	0.1793	0.0162	0.0	0.0	0.0	0.0	0.0	0.1793	1.4882	2.2e-05	0.0	0.000117	0.144071	0.36015384	500.0	2.3e-05	
1881.0	0.8087	0.1764	0.0149	0.0	0.0	0.0	0.0	0.0	0.1765	1.4882	2.2e-05	0.0	0.00012	0.143668	0.36049227	500.0	2.3e-05	
1883.0	0.8065	0.1794	0.014	0.0	0.0	0.0	0.0	0.0	0.1794	1.4882	2.3e-05	0.0	0.000124	0.143271	0.36085279	500.0	2.4e-05	
1885.0	0.8058	0.1808	0.0135	0.0	0.0	0.0	0.0	0.0	0.1808	1.4882	2.4e-05	0.0	0.000128	0.14288	0.36123636	500.0	2.5e-05	
1887.0	0.8043	0.1858	0.0099	0.0	0.0	0.0	0.0	0.0	0.1858	1.4882	2.5e-05	0.0	0.000132	0.142495	0.36164231	500.0	2.6e-05	
1889.0	0.7979	0.1886	0.0135	0.0	0.0	0.0	0.0	0.0	0.1887	1.4882	2.6e-05	0.0	0.000138	0.142116	0.36206845	500.0	2.7e-05	
1891.0	0.7996	0.1887	0.0116	0.0	0.0	0.0	0.0	0.0	0.1888	1.4882	2.7e-05	0.0	0.000144	0.141743	0.36251461	500.0	2.8e-05	
1893.0	0.789	0.1994	0.0116	0.0	0.0	0.0	0.0	0.0	0.1994	1.4882	2.8e-05	0.0	0.000149	0.141375	0.36297883	500.0	2.9e-05	
1895.0	0.7864	0.2029	0.0108	0.0	0.0	0.0	0.0	0.0	0.2029	1.4882	2.9e-05	0.0	0.000155	0.141013	0.36345848	500.0	3.1e-05	
1897.0	0.776	0.214	0.01	0.0	0.0	0.0	0.0	0.0	0.2141	1.4882	3e-05	0.0	0.000161	0.140656	0.36395156	500.0	3.2e-05	
1899.0	0.7789	0.2111	0.01	0.0	0.0	0.0	0.0	0.0	0.2112	1.4882	3.2e-05	0.0	0.000168	0.140303	0.36445552	500.0	3.3e-05	
1901.0	0.7772	0.2125	0.0103	0.0	0.0	0.0	0.0	0.0	0.2125	1.4882	3.3e-05	0.0	0.000173	0.139955	0.36496849	500.0	3.5e-05	
1903.0	0.7665	0.2252	0.0084	0.0	0.0	0.0	0.0	0.0	0.2252	1.4882	3.4e-05	0.0	0.000178	0.13961	0.36548696	500.0	3.6e-05	
1905.0	0.7745	0.2176	0.0079	0.0	0.0	0.0	0.0	0.0	0.2176	1.4882	3.5e-05	0.0	0.000183	0.139267	0.36600811	500.0	3.7e-05	
1907.0	0.7619	0.2302	0.0079	0.0	0.0	0.0	0.0	0.0	0.2302	1.4882	3.5e-05	0.0	0.000186	0.138927	0.36653074	500.0	3.8e-05	
1909.0	0.7631	0.2295	0.0074	0.0	0.0	0.0	0.0	0.0	0.2295	1.4882	3.6e-05	0.0	0.000189	0.138589	0.36705141	500.0	3.8e-05	
1911.0	0.7634	0.2291	0.0075	0.0	0.0	0.0	0.0	0.0	0.2291	1.4882	3.6e-05	0.0	0.000192	0.138251	0.36756758	500.0	3.9e-05	
1913.0	0.7555	0.236	0.0086	0.0	0.0	0.0	0.0	0.0	0.236	1.4882	3.7e-05	0.0	0.000193	0.137915	0.36807938	500.0	3.9e-05	
1915.0	0.7674	0.2256	0.007	0.0	0.0	0.0	0.0	0.0	0.2256	1.4882	3.7e-05	0.0	0.000193	0.137578	0.36858417	500.0	4e-05	
1917.0	0.7615	0.2299	0.0086	0.0	0.0	0.0	0.0	0.0	0.2299	1.4882	3.7e-05	0.0	0.000192	0.137242	0.36907992	500.0	4e-05	
1919.0	0.7661	0.226	0.0079	0.0	0.0	0.0	0.0	0.0	0.2261	1.4882	3.6e-05	0.0	0.000191	0.136904	0.3695672	500.0	4e-05	
1921.0	0.763	0.2289	0.0081	0.0	0.0	0.0	0.0	0.0	0.229	1.4882	3.6e-05	0.0	0.000188	0.136567	0.37004537	500.0	3.9e-05	
1923.0	0.7642	0.2277	0.0081	0.0	0.0	0.0	0.0	0.0	0.2277	1.4882	3.6e-05	0.0	0.000186	0.136228	0.37051367	500.0	3.9e-05	
1925.0	0.7551	0.2367	0.0082	0.0	0.0	0.0	0.0	0.0	0.2367	1.4882	3.5e-05	0.0	0.000184	0.135888	0.37097248	500.0	3.9e-05	
1927.0	0.7666	0.2241	0.0092	0.0	0.0	0.0	0.0	0.0	0.2241	1.4882	3.5e-05	0.0	0.000182	0.135546	0.37142288	500.0	3.8e-05	
1929.0	0.7694	0.221	0.0096	0.0	0.0	0.0	0.0	0.0	0.221	1.4882	3.5e-05	0.0	0.00018	0.135204	0.37186664	500.0	3.8e-05	
1931.0	0.7666	0.2232	0.0102	0.0	0.0	0.0	0.0	0.0	0.2232	1.4882	3.4e-05	0.0	0.000179	0.134861	0.37230523	500.0	3.8e-05	
1933.0	0.7621	0.2278	0.0101	0.0	0.0	0.0	0.0	0.0	0.2278	1.4882	3.4e-05	0.0	0.000178	0.134518	0.37274053	500.0	3.8e-05	
1935.0	0.7736	0.2173	0.0091	0.0	0.0	0.0	0.0	0.0	0.2173	1.4882	3.4e-05	0.0	0.000178	0.134175	0.37317568	500.0	3.8e-05	
1937.0	0.7654	0.2241	0.0105	0.0	0.0	0.0	0.0	0.0	0.2241	1.4882	3.4e-05	0.0	0.000177	0.133832	0.37361295	500.0	3.8e-05	
1939.0	0.7694	0.221	0.0095	0.0	0.0	0.0	0.0	0.0	0.2211	1.4882	3.4e-05	0.0	0.000178	0.133491	0.37405471	500.0	3.8e-05	
1941.0	0.7654	0.2254	0.0092	0.0	0.0	0.0	0.0	0.0	0.2254	1.4882	3.4e-05	0.0	0.000178	0.133151	0.37450409	500.0	3.8e-05	
1943.0	0.7632	0.2251	0.0117	0.0	0.0	0.0	0.0	0.0	0.2251	1.4882	3.4e-05	0.0	0.000178	0.132813	0.37496362	500.0	3.8e-05	
1945.0	0.7663	0.225	0.0087	0.0	0.0	0.0	0.0	0.0	0.225	1.4882	3.4e-05	0.0	0.000178	0.132479	0.37543552	500.0	3.8e-05	
1947.0	0.7628	0.2282	0.009	0.0	0.0	0.0	0.0	0.0	0.2282	1.4882	3.5e-05	0.0	0.000178	0.132147	0.37592208	500.0	3.8e-05	
1949.0	0.7667	0.2237	0.0095	0.0	0.0	0.0	0.0	0.0	0.2238	1.4882	3.5e-05	0.0	0.000179	0.131819	0.37642533	500.0	3.9e-05	
1951.0	0.7625	0.226	0.0114	0.0	0.0	0.0	0.0	0.0	0.2261	1.4882	3.4e-05	0.0	0.000177	0.131496	0.3769481	500.0	3.8e-05	
1953.0	0.7621	0.2265	0.0113	0.0	0.0	0.0	0.0	0.0	0.2266	1.4882	3.4e-05	0.0	0.000176	0.131178	0.37748992	500.0	3.8e-05	
1955.0	0.7683	0.2213	0.0104	0.0	0.0	0.0	0.0	0.0	0.2214	1.4882	3.4e-05	0.0	0.000174	0.130864	0.37805146	500.0	3.8e-05	
1957.0	0.7622	0.2266	0.0112	0.0	0.0	0.0	0.0	0.0	0.2266	1.4882	3.3e-05	0.0	0.000172	0.130555	0.37863443	500.0	3.7e-05	
1959.0	0.7598	0.2294	0.0108	0.0	0.0	0.0	0.0	0.0	0.2294	1.4882	3.3e-05	0.0	0.000169	0.130252	0.37923734	500.0	3.7e-05	
1961.0	0.7694	0.2194	0.0112	0.0	0.0	0.0	0.0	0.0	0.2194	1.4882	3.2e-05	0.0	0.000166	0.129953	0.37985961	500.0	3.6e-05	
1963.0	0.7669	0.2191	0.0139	0.0	0.0	0.0	0.0	0.0	0.2191	1.4882	3.2e-05	0.0	0.000163	0.129659	0.38050078	500.0	3.6e-05	
1965.0	0.7708	0.2177	0.0115	0.0	0.0	0.0	0.0	0.0	0.2177	1.4882	3.1e-05	0.0	0.00016	0.12937	0.38115936	500.0	3.5e-05	
1967.0	0.7762	0.2107	0.0132	0.0	0.0	0.0	0.0	0.0	0.2107	1.4882	3.1e-05	0.0	0.000157	0.129086	0.38183384	500.0	3.5e-05	
1969.0	0.7702	0.2157	0.0141	0.0	0.0	0.0	0.0	0.0	0.2157	1.4882	3e-05	0.0	0.000154	0.128805	0.3825223	500.0	3.4e-05	
1971.0	0.7875	0.1993	0.0132	0.0	0.0	0.0	0.0	0.0	0.1993	1.4882	3e-05	0.0	0.000151	0.128529	0.38322296	500.0	3.4e-05	
1973.0	0.7753	0.2099	0.0148	0.0	0.0	0.0	0.0	0.0	0.2099	1.4882	2.9e-05	0.0	0.000148	0.128255	0.3839339	500.0	3.3e-05	
1975.0	0.7878	0.1981	0.0141	0.0	0.0	0.0	0.0	0.0	0.1981	1.4882	2.9e-05	0.0	0.000146	0.127985	0.38465132	500.0	3.3e-05	
1977.0	0.7769	0.2098	0.0133	0.0	0.0	0.0	0.0	0.0	0.2098	1.4882	2.9e-05	0.0	0.000145	0.127716	0.38537396	500.0	3.3e-05	
1979.0	0.777	0.2073	0.0157	0.0	0.0	0.0	0.0	0.0	0.2073	1.4882	2.8e-05	0.0	0.000145	0.12745	0.38610046	500.0	3.3e-05	
1981.0	0.7806	0.204	0.0154	0.0	0.0	0.0	0.0	0.0	0.2041	1.4882	2.9e-05	0.0	0.000145	0.127186	0.38682767	500.0	3.3e-05	
1983.0	0.7752	0.2085	0.0163	0.0	0.0	0.0	0.0	0.0	0.2085	1.4882	2.9e-05	0.0	0.000146	0.126922	0.387554	500.0	3.3e-05	
1985.0	0.7731	0.2123	0.0146	0.0	0.0	0.0	0.0	0.0	0.2123	1.4882	2.9e-05	0.0	0.000146	0.126659	0.38827818	500.0	3.4e-05	
1987.0	0.777	0.2083	0.0147	0.0	0.0	0.0	0.0	0.0	0.2083	1.4882	2.9e-05	0.0	0.000147	0.126397	0.38899835	500.0	3.4e-05	
1989.0	0.7737	0.2119	0.0144	0.0	0.0	0.0	0.0	0.0	0.2119	1.4882	2.9e-05	0.0	0.000148	0.126135	0.38971315	500.0	3.4e-05	
1991.0	0.7655	0.2198	0.0147	0.0	0.0	0.0	0.0	0.0	0.2198	1.4882	3e-05	0.0	0.000149	0.125872	0.3904215	500.0	3.5e-05	
1993.0	0.7731	0.2116	0.0153	0.0	0.0	0.0	0.0	0.0	0.2116	1.4882	3e-05	0.0	0.00015	0.125609	0.39112237	500.0	3.5e-05	
1995.0	0.7684	0.2174	0.0142	0.0	0.0	0.0	0.0	0.0	0.2174	1.4882	3e-05	0.0	0.000152	0.125345	0.39181497	500.0	3.6e-05	
1997.0	0.7638	0.2244	0.0118	0.0	0.0	0.0	0.0	0.0	0.2244	1.4882	3.1e-05	0.0	0.000154	0.125081	0.39249944	500.0	3.6e-05	
1999.0	0.7677	0.2185	0.0138	0.0	0.0	0.0	0.0	0.0	0.2185	1.4882	3.1e-05	0.0	0.000156	0.124815	0.39317574	500.0	3.7e-05	
2001.0	0.7694	0.2174	0.0132	0.0	0.0	0.0	0.0	0.0	0.2174	1.4882	3.1e-05	0.0	0.000158	0.124549	0.3938439	500.0	3.7e-05	
2003.0	0.767	0.2194	0.0136	0.0	0.0	0.0	0.0	0.0	0.2194	1.4882	3.2e-05	0.0	0.00016	0.124282	0.39450504	500.0	3.8e-05	
2005.0	0.7665	0.2183	0.0153	0.0	0.0	0.0	0.0	0.0	0.2183	1.4882	3.2e-05	0.0	0.000162	0.124014	0.39516009	500.0	3.9e-05	
2007.0	0.7621	0.2257	0.0122	0.0	0.0	0.0	0.0	0.0	0.2257	1.4882	3.3e-05	0.0	0.000165	0.123745	0.39580979	500.0	3.9e-05	
2009.0	0.7604	0.2272	0.0124	0.0	0.0	0.0	0.0	0.0	0.2272	1.4882	3.4e-05	0.0	0.000168	0.123476	0.39645624	500.0	4e-05	
2011.0	0.7502	0.2374	0.0124	0.0	0.0	0.0	0.0	0.0	0.2374	1.4882	3.4e-05	0.0	0.000171	0.123207	0.3971009	500.0	4.1e-05	
2013.0	0.7502	0.2371	0.0127	0.0	0.0	0.0	0.0	0.0	0.2371	1.4882	3.5e-05	0.0	0.000175	0.122939	0.3977443	500.0	4.2e-05	
2015.0	0.7495	0.2383	0.0122	0.0	0.0	0.0	0.0	0.0	0.2383	1.4882	3.6e-05	0.0	0.000179	0.12267	0.3983898	500.0	4.3e-05	
2017.0	0.7506	0.2371	0.0123	0.0	0.0	0.0	0.0	0.0	0.2371	1.4882	3.7e-05	0.0	0.000183	0.122404	0.39903925	500.0	4.4e-05	
2019.0	0.7376	0.2499	0.0125	0.0	0.0	0.0	0.0	0.0	0.2499	1.4882	3.8e-05	0.0	0.000187	0.122138	0.39969449	500.0	4.6e-05	
2021.0	0.7403	0.2464	0.0133	0.0	0.0	0.0	0.0	0.0	0.2465	1.4882	3.9e-05	0.0	0.000192	0.121875	0.40035742	500.0	4.7e-05	
2023.0	0.7419	0.2463	0.0117	0.0	0.0	0.0	0.0	0.0	0.2464	1.4882	3.9e-05	0.0	0.000196	0.121614	0.40102974	500.0	4.8e-05	
2025.0	0.7419	0.2472	0.0109	0.0	0.0	0.0	0.0	0.0	0.2472	1.4882	4e-05	0.0	0.0002	0.121355	0.40171357	500.0	4.9e-05	
2027.0	0.7366	0.253	0.0104	0.0	0.0	0.0	0.0	0.0	0.253	1.4882	4.1e-05	0.0	0.000203	0.1211	0.4024097	500.0	5e-05	
2029.0	0.7355	0.2544	0.0101	0.0	0.0	0.0	0.0	0.0	0.2544	1.4882	4.2e-05	0.0	0.000207	0.120848	0.4031192	500.0	5.1e-05	
2031.0	0.7311	0.2574	0.0115	0.0	0.0	0.0	0.0	0.0	0.2574	1.4882	4.2e-05	0.0	0.00021	0.120599	0.40384332	500.0	5.2e-05	
2033.0	0.7288	0.2612	0.01	0.0	0.0	0.0	0.0	0.0	0.2613	1.4882	4.3e-05	0.0	0.000213	0.120354	0.4045823	500.0	5.3e-05	
2035.0	0.7344	0.2561	0.0094	0.0	0.0	0.0	0.0	0.0	0.2562	1.4882	4.4e-05	0.0	0.000216	0.120113	0.40533635	500.0	5.4e-05	
2037.0	0.7254	0.265	0.0096	0.0	0.0	0.0	0.0	0.0	0.265	1.4882	4.4e-05	0.0	0.000219	0.119876	0.40610613	500.0	5.4e-05	
2039.0	0.7228	0.267	0.0102	0.0	0.0	0.0	0.0	0.0	0.267	1.4882	4.5e-05	0.0	0.000221	0.119644	0.40689106	500.0	5.5e-05	
2041.0	0.7195	0.2698	0.0107	0.0	0.0	0.0	0.0	0.0	0.2698	1.4882	4.5e-05	0.0	0.000223	0.119414	0.40769033	500.0	5.6e-05	
2043.0	0.7257	0.2645	0.0098	0.0	0.0	0.0	0.0	0.0	0.2645	1.4882	4.6e-05	0.0	0.000225	0.119189	0.40850298	500.0	5.7e-05	
2045.0	0.7267	0.263	0.0103	0.0	0.0	0.0	0.0	0.0	0.263	1.4882	4.6e-05	0.0	0.000228	0.118967	0.40932816	500.0	5.7e-05	
2047.0	0.715	0.2765	0.0085	0.0	0.0	0.0	0.0	0.0	0.2766	1.4882	4.7e-05	0.0	0.00023	0.118749	0.41016488	500.0	5.8e-05	
2049.0	0.7156	0.2743	0.0101	0.0	0.0	0.0	0.0	0.0	0.2743	1.4882	4.7e-05	0.0	0.000232	0.118534	0.41101205	500.0	5.9e-05	
2051.0	0.7168	0.2761	0.007	0.0	0.0	0.0	0.0	0.0	0.2762	1.4882	4.8e-05	0.0	0.000234	0.118322	0.41186824	500.0	6e-05	
2053.0	0.7205	0.2717	0.0078	0.0	0.0	0.0	0.0	0.0	0.2717	1.4882	4.8e-05	0.0	0.000237	0.118112	0.41273185	500.0	6.1e-05	
2055.0	0.7073	0.2857	0.007	0.0	0.0	0.0	0.0	0.0	0.2857	1.4882	4.9e-05	0.0	0.000239	0.117905	0.41360053	500.0	6.2e-05	
2057.0	0.7106	0.2806	0.0088	0.0	0.0	0.0	0.0	0.0	0.2806	1.4882	5e-05	0.0	0.000243	0.117699	0.41447237	500.0	6.3e-05	
2059.0	0.7078	0.2843	0.0079	0.0	0.0	0.0	0.0	0.0	0.2843	1.4882	5.1e-05	0.0	0.000247	0.117496	0.41534693	500.0	6.4e-05	
2061.0	0.7021	0.29	0.0079	0.0	0.0	0.0	0.0	0.0	0.29	1.4882	5.1e-05	0.0	0.000251	0.117294	0.41622257	500.0	6.5e-05	
2063.0	0.7079	0.2833	0.0088	0.0	0.0	0.0	0.0	0.0	0.2833	1.4882	5.2e-05	0.0	0.000255	0.117092	0.41709771	500.0	6.7e-05	
2065.0	0.6982	0.2935	0.0083	0.0	0.0	0.0	0.0	0.0	0.2936	1.4882	5.3e-05	0.0	0.000259	0.116892	0.41797122	500.0	6.8e-05	
2067.0	0.6965	0.295	0.0085	0.0	0.0	0.0	0.0	0.0	0.295	1.4882	5.4e-05	0.0	0.000263	0.116692	0.41884223	500.0	6.9e-05	
2069.0	0.6943	0.2982	0.0075	0.0	0.0	0.0	0.0	0.0	0.2982	1.4882	5.5e-05	0.0	0.000265	0.116493	0.41971079	500.0	7e-05	
2071.0	0.6948	0.2978	0.0074	0.0	0.0	0.0	0.0	0.0	0.2978	1.4882	5.5e-05	0.0	0.000267	0.116295	0.42057444	500.0	7.1e-05	
2073.0	0.6985	0.2944	0.0071	0.0	0.0	0.0	0.0	0.0	0.2944	1.4882	5.6e-05	0.0	0.00027	0.116095	0.42143252	500.0	7.2e-05	
2075.0	0.6931	0.2991	0.0078	0.0	0.0	0.0	0.0	0.0	0.2992	1.4882	5.6e-05	0.0	0.000271	0.115896	0.42228543	500.0	7.2e-05	
2077.0	0.6876	0.3051	0.0073	0.0	0.0	0.0	0.0	0.0	0.3051	1.4882	5.6e-05	0.0	0.000272	0.115697	0.42313174	500.0	7.3e-05	
2079.0	0.687	0.306	0.007	0.0	0.0	0.0	0.0	0.0	0.306	1.4882	5.7e-05	0.0	0.000274	0.115496	0.42397135	500.0	7.4e-05	
2081.0	0.6956	0.2969	0.0075	0.0	0.0	0.0	0.0	0.0	0.2969	1.4882	5.7e-05	0.0	0.000274	0.115296	0.42480543	500.0	7.4e-05	
2083.0	0.6918	0.2993	0.0088	0.0	0.0	0.0	0.0	0.0	0.2993	1.4882	5.7e-05	0.0	0.000275	0.115094	0.42563318	500.0	7.4e-05	
2085.0	0.6877	0.3052	0.0071	0.0	0.0	0.0	0.0	0.0	0.3052	1.4882	5.7e-05	0.0	0.000275	0.114893	0.42645506	500.0	7.5e-05	
2087.0	0.6907	0.3015	0.0078	0.0	0.0	0.0	0.0	0.0	0.3016	1.4882	5.7e-05	0.0	0.000275	0.11469	0.42727218	500.0	7.5e-05	
2089.0	0.6892	0.3035	0.0073	0.0	0.0	0.0	0.0	0.0	0.3035	1.4882	5.7e-05	0.0	0.000275	0.114488	0.42808504	500.0	7.5e-05	
2091.0	0.695	0.297	0.008	0.0	0.0	0.0	0.0	0.0	0.297	1.4882	5.7e-05	0.0	0.000275	0.114285	0.42889465	500.0	7.5e-05	
2093.0	0.6826	0.3102	0.0072	0.0	0.0	0.0	0.0	0.0	0.3102	1.4882	5.8e-05	0.0	0.000278	0.114081	0.42969969	500.0	7.6e-05	
2095.0	0.686	0.3076	0.0064	0.0	0.0	0.0	0.0	0.0	0.3076	1.4882	5.8e-05	0.0	0.00028	0.113877	0.43050325	500.0	7.7e-05	
2097.0	0.6812	0.3102	0.0087	0.0	0.0	0.0	0.0	0.0	0.3102	1.4882	5.9e-05	0.0	0.000283	0.113673	0.43130726	500.0	7.8e-05	
2099.0	0.6748	0.3181	0.0071	0.0	0.0	0.0	0.0	0.0	0.3181	1.4882	6e-05	0.0	0.000288	0.11347	0.43210985	500.0	8e-05	
2101.0	0.6719	0.3208	0.0073	0.0	0.0	0.0	0.0	0.0	0.3208	1.4882	6.2e-05	0.0	0.000295	0.113266	0.43291421	500.0	8.2e-05	
2103.0	0.677	0.3163	0.0066	0.0	0.0	0.0	0.0	0.0	0.3164	1.4882	6.3e-05	0.0	0.000301	0.113064	0.43372314	500.0	8.4e-05	
2105.0	0.6641	0.3309	0.005	0.0	0.0	0.0	0.0	0.0	0.3309	1.4882	6.5e-05	0.0	0.000311	0.112863	0.43453442	500.0	8.7e-05	
2107.0	0.66	0.3336	0.0063	0.0	0.0	0.0	0.0	0.0	0.3337	1.4882	6.8e-05	0.0	0.000322	0.112662	0.43535042	500.0	9e-05	
2109.0	0.6527	0.3422	0.0051	0.0	0.0	0.0	0.0	0.0	0.3422	1.4882	7e-05	0.0	0.000334	0.112463	0.43617458	500.0	9.4e-05	
2111.0	0.6541	0.3398	0.0062	0.0	0.0	0.0	0.0	0.0	0.3398	1.488194	7.3e-05	0.0	0.000345	0.112265	0.43699265	500.0	9.7e-05	
2113.0	0.6458	0.3508	0.0035	0.0	0.0	0.0	0.0	0.0	0.3508	1.488183	7.5e-05	0.0	0.000357	0.112067	0.43780511	500.0	0.000101	
2115.0	0.6419	0.3534	0.0047	0.0	0.0	0.0	0.0	0.0	0.3534	1.488171	7.8e-05	0.0	0.000369	0.111872	0.43862806	500.0	0.000104	
2117.0	0.6322	0.3632	0.0046	0.0	0.0	0.0	0.0	0.0	0.3632	1.488156	8e-05	0.0	0.000379	0.111678	0.4394531	500.0	0.000107	
2119.0	0.6322	0.363	0.0048	0.0	0.0	0.0	0.0	0.0	0.363	1.488135	8.2e-05	0.0	0.000389	0.111486	0.44027584	500.0	0.000111	
2121.0	0.631	0.365	0.004	0.0	0.0	0.0	0.0	0.0	0.365	1.488115	8.4e-05	0.0	0.000399	0.111297	0.44110989	500.0	0.000114	
2123.0	0.6307	0.3645	0.0048	0.0	0.0	0.0	0.0	0.0	0.3645	1.4881	8.6e-05	0.0	0.000407	0.111113	0.44197344	500.0	0.000116	
2125.0	0.6249	0.3707	0.0044	0.0	0.0	0.0	0.0	0.0	0.3707	1.4881	8.7e-05	0.0	0.000411	0.110937	0.44289149	500.0	0.000118	
2127.0	0.6315	0.3645	0.004	0.0	0.0	0.0	0.0	0.0	0.3645	1.4881	8.8e-05	0.0	0.000416	0.110765	0.44382018	500.0	0.000119	
2129.0	0.6197	0.3765	0.0037	0.0	0.0	0.0	0.0	0.0	0.3766	1.4881	8.9e-05	0.0	0.000419	0.110596	0.44475954	500.0	0.000121	
2131.0	0.6179	0.3789	0.0032	0.0	0.0	0.0	0.0	0.0	0.379	1.4881	8.9e-05	0.0	0.000421	0.11043	0.44571083	500.0	0.000122	
2133.0	0.6174	0.379	0.0036	0.0	0.0	0.0	0.0	0.0	0.3791	1.4881	9e-05	0.0	0.000423	0.110266	0.44667057	500.0	0.000123	
2135.0	0.6227	0.3734	0.0039	0.0	0.0	0.0	0.0	0.0	0.3734	1.4881	9e-05	0.0	0.000424	0.110105	0.44763836	500.0	0.000123	
2137.0	0.6211	0.3749	0.004	0.0	0.0	0.0	0.0	0.0	0.3749	1.4881	8.9e-05	0.0	0.000421	0.109948	0.44861781	500.0	0.000123	
2139.0	0.6318	0.364	0.0041	0.0	0.0	0.0	0.0	0.0	0.3641	1.4881	8.9e-05	0.0	0.000418	0.109793	0.44960262	500.0	0.000122	
2141.0	0.617	0.3792	0.0037	0.0	0.0	0.0	0.0	0.0	0.3793	1.4881	8.8e-05	0.0	0.000415	0.10964	0.45059164	500.0	0.000122	
2143.0	0.6261	0.3699	0.004	0.0	0.0	0.0	0.0	0.0	0.3699	1.4881	8.7e-05	0.0	0.00041	0.109489	0.45158572	500.0	0.000121	
2145.0	0.6239	0.3712	0.0049	0.0	0.0	0.0	0.0	0.0	0.3713	1.4881	8.7e-05	0.0	0.000406	0.10934	0.45258167	500.0	0.00012	
2147.0	0.6233	0.3722	0.0045	0.0	0.0	0.0	0.0	0.0	0.3722	1.4881	8.6e-05	0.0	0.000401	0.109192	0.45357834	500.0	0.000119	
2149.0	0.6211	0.3747	0.0042	0.0	0.0	0.0	0.0	0.0	0.3747	1.4881	8.5e-05	0.0	0.000398	0.109044	0.45457249	500.0	0.000118	
2151.0	0.6212	0.3734	0.0055	0.0	0.0	0.0	0.0	0.0	0.3734	1.4881	8.5e-05	0.0	0.000395	0.108897	0.45556492	500.0	0.000118	
2153.0	0.6302	0.3659	0.0039	0.0	0.0	0.0	0.0	0.0	0.3659	1.4881	8.4e-05	0.0	0.000392	0.10875	0.45655484	500.0	0.000118	
2155.0	0.6246	0.3716	0.0037	0.0	0.0	0.0	0.0	0.0	0.3717	1.4881	8.3e-05	0.0	0.000388	0.108605	0.45754308	500.0	0.000117	
2157.0	0.6256	0.3678	0.0066	0.0	0.0	0.0	0.0	0.0	0.3678	1.4881	8.2e-05	0.0	0.000384	0.108459	0.45852752	500.0	0.000116	
2159.0	0.6353	0.3596	0.0051	0.0	0.0	0.0	0.0	0.0	0.3596	1.4881	8.1e-05	0.0	0.000379	0.108314	0.45950701	500.0	0.000115	
2161.0	0.6255	0.3698	0.0047	0.0	0.0	0.0	0.0	0.0	0.3698	1.4881	8e-05	0.0	0.000374	0.108169	0.4604826	500.0	0.000113	
2163.0	0.623	0.3708	0.0062	0.0	0.0	0.0	0.0	0.0	0.3708	1.4881	7.9e-05	0.0	0.000367	0.108024	0.46145289	500.0	0.000112	
2165.0	0.6378	0.3555	0.0067	0.0	0.0	0.0	0.0	0.0	0.3555	1.4881	7.8e-05	0.0	0.000361	0.107879	0.46241687	500.0	0.00011	
2167.0	0.63	0.3642	0.0058	0.0	0.0	0.0	0.0	0.0	0.3643	1.4881	7.7e-05	0.0	0.000355	0.107733	0.46337338	500.0	0.000109	
2169.0	0.6386	0.355	0.0064	0.0	0.0	0.0	0.0	0.0	0.355	1.4881	7.6e-05	0.0	0.000351	0.107587	0.4643227	500.0	0.000108	
2171.0	0.6422	0.3512	0.0065	0.0	0.0	0.0	0.0	0.0	0.3513	1.4881	7.5e-05	0.0	0.000346	0.107439	0.46526557	500.0	0.000107	
2173.0	0.6378	0.3551	0.0071	0.0	0.0	0.0	0.0	0.0	0.3551	1.4881	7.4e-05	0.0	0.000342	0.107291	0.46620028	500.0	0.000106	
2175.0	0.6376	0.3547	0.0077	0.0	0.0	0.0	0.0	0.0	0.3547	1.4881	7.4e-05	0.0	0.00034	0.107142	0.46712717	500.0	0.000106	
2177.0	0.644	0.3481	0.0079	0.0	0.0	0.0	0.0	0.0	0.3481	1.4881	7.3e-05	0.0	0.000339	0.106993	0.46804873	500.0	0.000105	
2179.0	0.6364	0.3569	0.0067	0.0	0.0	0.0	0.0	0.0	0.3569	1.4881	7.3e-05	0.0	0.000338	0.106843	0.46896489	500.0	0.000105	
2181.0	0.6415	0.3516	0.0069	0.0	0.0	0.0	0.0	0.0	0.3517	1.4881	7.3e-05	0.0	0.000337	0.106693	0.46987598	500.0	0.000105	
2183.0	0.639	0.3541	0.0068	0.0	0.0	0.0	0.0	0.0	0.3542	1.4881	7.3e-05	0.0	0.000337	0.106542	0.47078386	500.0	0.000106	
2185.0	0.638	0.3554	0.0066	0.0	0.0	0.0	0.0	0.0	0.3554	1.4881	7.3e-05	0.0	0.000338	0.106392	0.47168824	500.0	0.000106	
2187.0	0.6402	0.3514	0.0084	0.0	0.0	0.0	0.0	0.0	0.3515	1.4881	7.4e-05	0.0	0.00034	0.106241	0.47258836	500.0	0.000107	
2189.0	0.6295	0.3635	0.0069	0.0	0.0	0.0	0.0	0.0	0.3636	1.4881	7.5e-05	0.0	0.000343	0.10609	0.47348804	500.0	0.000108	
2191.0	0.638	0.3552	0.0068	0.0	0.0	0.0	0.0	0.0	0.3552	1.4881	7.6e-05	0.0	0.000347	0.105939	0.47438707	500.0	0.00011	
2193.0	0.6281	0.3644	0.0075	0.0	0.0	0.0	0.0	0.0	0.3644	1.4881	7.7e-05	0.0	0.000355	0.105788	0.47528277	500.0	0.000113	
2195.0	0.6237	0.3692	0.0071	0.0	0.0	0.0	0.0	0.0	0.3693	1.4881	7.9e-05	0.0	0.000362	0.105639	0.4761809	500.0	0.000115	
2197.0	0.624	0.3702	0.0059	0.0	0.0	0.0	0.0	0.0	0.3702	1.4881	8.1e-05	0.0	0.000371	0.10549	0.47708154	500.0	0.000118	
2199.0	0.6127	0.3813	0.006	0.0	0.0	0.0	0.0	0.0	0.3814	1.4881	8.4e-05	0.0	0.000385	0.10534	0.47797856	500.0	0.000123	
2201.0	0.6113	0.3829	0.0059	0.0	0.0	0.0	0.0	0.0	0.3829	1.4881	8.7e-05	0.0	0.0004	0.105191	0.47888053	500.0	0.000128	
2203.0	0.6109	0.3835	0.0056	0.0	0.0	0.0	0.0	0.0	0.3836	1.4881	9.1e-05	0.0	0.000414	0.105045	0.47978814	500.0	0.000133	
2205.0	0.5989	0.3973	0.0038	0.0	0.0	0.0	0.0	0.0	0.3973	1.4881	9.6e-05	0.0	0.000436	0.104897	0.48069168	500.0	0.000141	
2207.0	0.5858	0.4098	0.0044	0.0	0.0	0.0	0.0	0.0	0.4098	1.4881	0.000101	0.0	0.000459	0.104751	0.4816019	500.0	0.000148	
2209.0	0.585	0.412	0.003	0.0	0.0	0.0	0.0	0.0	0.4121	1.4881	0.000106	0.0	0.000481	0.104607	0.4825192	500.0	0.000156	
2211.0	0.5767	0.4204	0.0029	0.0	0.0	0.0	0.0	0.0	0.4204	1.4881	0.000114	0.0	0.000517	0.104461	0.48342666	500.0	0.000168	
2213.0	0.5621	0.4351	0.0028	0.0	0.0	0.0	0.0	0.0	0.4351	1.4881	0.000122	0.0	0.000555	0.104316	0.48433962	500.0	0.00018	
2215.0	0.5484	0.4483	0.0034	0.0	0.0	0.0	0.0	0.0	0.4483	1.4881	0.000131	0.0	0.000592	0.104173	0.48526011	500.0	0.000193	
2217.0	0.5379	0.4605	0.0016	0.0	0.0	0.0	0.0	0.0	0.4605	1.4881	0.000142	0.0	0.000645	0.104027	0.48616826	500.0	0.000211	
2219.0	0.5265	0.4715	0.0019	0.0	0.0	0.0	0.0	0.0	0.4716	1.4881	0.000155	0.0	0.000702	0.103881	0.48707861	500.0	0.00023	
2221.0	0.5104	0.4882	0.0014	0.0	0.0	0.0	0.0	0.0	0.4882	1.4881	0.000168	0.0	0.000759	0.103738	0.48799593	500.0	0.000249	
2223.0	0.5073	0.4918	0.0009	0.0	0.0	0.0	0.0	0.0	0.4919	1.4881	0.000183	0.0	0.00083	0.103592	0.4889026	500.0	0.000273	
2225.0	0.4864	0.5132	0.0005	0.0	0.0	0.0	0.0	0.0	0.5132	1.4881	0.0002	0.0	0.000906	0.103445	0.48980786	500.0	0.000299	
2227.0	0.4728	0.5266	0.0006	0.0	0.0	0.0	0.0	0.0	0.5267	1.4881	0.000218	0.0	0.000982	0.103301	0.4907187	500.0	0.000325	
2229.0	0.4589	0.5405	0.0007	0.0	0.0	0.0	0.0	0.0	0.5405	1.4881	0.000237	0.0	0.001068	0.103155	0.49162101	500.0	0.000354	
2231.0	0.4456	0.554	0.0004	0.0	0.0	0.0	0.0	0.0	0.5541	1.4881	0.000258	0.0	0.001162	0.103007	0.49251848	500.0	0.000386	
2233.0	0.4467	0.5528	0.0005	0.0	0.0	0.0	0.0	0.0	0.5528	1.4881	0.000279	0.0	0.001256	0.102861	0.49341953	500.0	0.000418	
2235.0	0.424	0.5759	0.0002	0.0	0.0	0.0	0.0	0.0	0.5759	1.4881	0.000302	0.0	0.001356	0.102714	0.49431403	500.0	0.000453	
2237.0	0.4012	0.5988	0.0	0.0	0.0	0.0	0.0	0.0	0.5989	1.4881	0.000326	0.0	0.001464	0.102566	0.49520109	500.0	0.00049	
2239.0	0.3974	0.6025	0.0001	0.0	0.0	0.0	0.0	0.0	0.6025	1.4881	0.00035	0.0	0.001572	0.102419	0.49608945	500.0	0.000527	
2241.0	0.3855	0.6145	0.0	0.0	0.0	0.0	0.0	0.0	0.6146	1.4881	0.000376	0.0	0.001686	0.10227	0.49697022	500.0	0.000567	
2243.0	0.376	0.624	0.0	0.0	0.0	0.0	0.0	0.0	0.6241	1.4881	0.000404	0.0	0.00181	0.102118	0.49783835	500.0	0.00061	
2245.0	0.3716	0.6283	0.0002	0.0	0.0	0.0	0.0	0.0	0.6283	1.4881	0.000432	0.0	0.001933	0.101967	0.49870557	500.0	0.000653	
2247.0	0.3522	0.6478	0.0	0.0	0.0	0.0	0.0	0.0	0.6478	1.4881	0.00046	0.0	0.00206	0.101815	0.49956667	500.0	0.000697	
2249.0	0.3409	0.6591	0.0	0.0	0.0	0.0	0.0	0.0	0.6592	1.4881	0.000491	0.0	0.002195	0.101661	0.50041477	500.0	0.000744	
2251.0	0.3369	0.6631	0.0	0.0	0.0	0.0	0.0	0.0	0.6631	1.4881	0.000522	0.0	0.00233	0.101507	0.50126006	500.0	0.000792	
2253.0	0.3333	0.6667	0.0	0.0	0.0	0.0	0.0	0.0	0.6668	1.4881	0.000552	0.0	0.002462	0.101353	0.50210495	500.0	0.000839	
2255.0	0.3182	0.6818	0.0	0.0	0.0	0.0	0.0	0.0	0.6819	1.4881	0.00058	0.0	0.002585	0.101203	0.50295803	500.0	0.000882	
2257.0	0.3112	0.6888	0.0	0.0	0.0	0.0	0.0	0.0	0.6889	1.4881	0.000608	0.0	0.002707	0.101053	0.50380693	500.0	0.000926	
2259.0	0.306	0.694	0.0	0.0	0.0	0.0	0.0	0.0	0.6941	1.4881	0.000635	0.0	0.002825	0.100903	0.50465679	500.0	0.000968	
2261.0	0.3017	0.6983	0.0	0.0	0.0	0.0	0.0	0.0	0.6984	1.4881	0.000653	0.0	0.002903	0.100768	0.50555327	500.0	0.000997	
2263.0	0.3005	0.6995	0.0	0.0	0.0	0.0	0.0	0.0	0.6996	1.4881	0.000671	0.0	0.00298	0.100633	0.50644485	500.0	0.001026	
2265.0	0.2966	0.7034	0.0	0.0	0.0	0.0	0.0	0.0	0.7035	1.4881	0.000689	0.0	0.003057	0.100497	0.50733146	500.0	0.001055	
2267.0	0.2822	0.7178	0.0	0.0	0.0	0.0	0.0	0.0	0.7178	1.4881	0.000696	0.0	0.003085	0.100378	0.50827631	500.0	0.001067	
2269.0	0.2855	0.7145	0.0	0.0	0.0	0.0	0.0	0.0	0.7146	1.4881	0.000702	0.0	0.003112	0.100258	0.50921652	500.0	0.001079	
2271.0	0.284	0.716	0.0	0.0	0.0	0.0	0.0	0.0	0.7161	1.4881	0.000709	0.0	0.003139	0.100139	0.51015199	500.0	0.001091	
2273.0	0.2947	0.7053	0.0	0.0	0.0	0.0	0.0	0.0	0.7053	1.4881	0.000712	0.0	0.003148	0.100025	0.51110627	500.0	0.001096	
2275.0	0.2861	0.7139	0.0	0.0	0.0	0.0	0.0	0.0	0.714	1.4881	0.000714	0.0	0.003154	0.099912	0.51205906	500.0	0.001101	
2277.0	0.2845	0.7155	0.0	0.0	0.0	0.0	0.0	0.0	0.7155	1.4881	0.000716	0.0	0.003161	0.099799	0.51300801	500.0	0.001106	
2279.0	0.2817	0.7183	0.0	0.0	0.0	0.0	0.0	0.0	0.7184	1.4881	0.000721	0.0	0.00318	0.099681	0.51393778	500.0	0.001115	
2281.0	0.2732	0.7268	0.0	0.0	0.0	0.0	0.0	0.0	0.7269	1.4881	0.000727	0.0	0.003202	0.099562	0.51486059	500.0	0.001125	
2283.0	0.2774	0.7226	0.0	0.0	0.0	0.0	0.0	0.0	0.7227	1.4881	0.000732	0.0	0.003224	0.099443	0.51578103	500.0	0.001136	
2285.0	0.2881	0.7119	0.0	0.0	0.0	0.0	0.0	0.0	0.712	1.4881	0.000741	0.0	0.00326	0.09932	0.51668192	500.0	0.001151	
2287.0	0.2787	0.7213	0.0	0.0	0.0	0.0	0.0	0.0	0.7214	1.4881	0.000751	0.0	0.003302	0.099194	0.51757383	500.0	0.001168	
2289.0	0.2757	0.7243	0.0	0.0	0.0	0.0	0.0	0.0	0.7244	1.4881	0.000761	0.0	0.003344	0.099069	0.51846508	500.0	0.001185	
2291.0	0.2746	0.7254	0.0	0.0	0.0	0.0	0.0	0.0	0.7254	1.4881	0.000771	0.0	0.003382	0.098946	0.51936085	500.0	0.001201	
2293.0	0.2779	0.7221	0.0	0.0	0.0	0.0	0.0	0.0	0.7222	1.4881	0.00078	0.0	0.003418	0.098824	0.52026021	500.0	0.001216	
2295.0	0.2768	0.7232	0.0	0.0	0.0	0.0	0.0	0.0	0.7232	1.4881	0.000788	0.0	0.003454	0.098703	0.52116055	500.0	0.001231	
2297.0	0.2593	0.7407	0.0	0.0	0.0	0.0	0.0	0.0	0.7407	1.4881	0.000793	0.0	0.00347	0.09859	0.52208686	500.0	0.00124	
2299.0	0.2627	0.7373	0.0	0.0	0.0	0.0	0.0	0.0	0.7374	1.4881	0.000793	0.0	0.003467	0.098485	0.52303992	500.0	0.001241	
2301.0	0.2652	0.7348	0.0	0.0	0.0	0.0	0.0	0.0	0.7349	1.4881	0.000793	0.0	0.003464	0.098382	0.52399524	500.0	0.001243	
2303.0	0.2624	0.7376	0.0	0.0	0.0	0.0	0.0	0.0	0.7377	1.4881	0.000787	0.0	0.003435	0.098288	0.52498634	500.0	0.001235	
2305.0	0.2732	0.7268	0.0	0.0	0.0	0.0	0.0	0.0	0.7269	1.4881	0.000772	0.0	0.003366	0.09821	0.52603086	500.0	0.001213	
2307.0	0.2734	0.7266	0.0	0.0	0.0	0.0	0.0	0.0	0.7267	1.4881	0.000757	0.0	0.003297	0.098134	0.52707835	500.0	0.001192	
2309.0	0.2775	0.7225	0.0	0.0	0.0	0.0	0.0	0.0	0.7226	1.4881	0.000738	0.0	0.003215	0.098064	0.52814655	500.0	0.001165	
2311.0	0.2804	0.7196	0.0	0.0	0.0	0.0	0.0	0.0	0.7197	1.4881	0.000713	0.0	0.0031	0.098007	0.5292597	500.0	0.001126	
2313.0	0.28	0.72	0.0	0.0	0.0	0.0	0.0	0.0	0.7201	1.4881	0.000687	0.0	0.002985	0.097952	0.53037607	500.0	0.001087	
2315.0	0.2815	0.7185	0.0	0.0	0.0	0.0	0.0	0.0	0.7186	1.4881	0.000661	0.0	0.00287	0.097899	0.531495	500.0	0.001048	
2317.0	0.296	0.704	0.0	0.0	0.0	0.0	0.0	0.0	0.7041	1.4881	0.000636	0.0	0.002759	0.097846	0.53261438	500.0	0.00101	
2319.0	0.3039	0.6961	0.0	0.0	0.0	0.0	0.0	0.0	0.6962	1.4881	0.000611	0.0	0.002647	0.097795	0.5337368	500.0	0.000972	
2321.0	0.2962	0.7038	0.0	0.0	0.0	0.0	0.0	0.0	0.7039	1.4881	0.000586	0.0	0.002538	0.097744	0.53485828	500.0	0.000935	
2323.0	0.3023	0.6977	0.0	0.0	0.0	0.0	0.0	0.0	0.6977	1.4881	0.000568	0.0	0.002459	0.097684	0.53594636	500.0	0.000908	
2325.0	0.3067	0.6933	0.0	0.0	0.0	0.0	0.0	0.0	0.6933	1.4881	0.00055	0.0	0.002379	0.097626	0.53703689	500.0	0.000881	
2327.0	0.3056	0.6944	0.0	0.0	0.0	0.0	0.0	0.0	0.6945	1.4881	0.000532	0.0	0.002299	0.09757	0.53812953	500.0	0.000853	
2329.0	0.3285	0.6713	0.0002	0.0	0.0	0.0	0.0	0.0	0.6714	1.4881	0.000524	0.0	0.002262	0.097499	0.53916989	500.0	0.000842	
2331.0	0.3136	0.6864	0.0	0.0	0.0	0.0	0.0	0.0	0.6865	1.4881	0.000516	0.0	0.002226	0.09743	0.54021149	500.0	0.00083	
2333.0	0.3208	0.6792	0.0	0.0	0.0	0.0	0.0	0.0	0.6793	1.4881	0.000508	0.0	0.002189	0.097362	0.54125413	500.0	0.000819	
2335.0	0.3234	0.6766	0.0	0.0	0.0	0.0	0.0	0.0	0.6767	1.4881	0.000506	0.0	0.002176	0.097286	0.54226732	500.0	0.000816	
2337.0	0.3196	0.6804	0.0	0.0	0.0	0.0	0.0	0.0	0.6804	1.4881	0.000504	0.0	0.002166	0.097211	0.54327721	500.0	0.000814	
2339.0	0.3295	0.6705	0.0	0.0	0.0	0.0	0.0	0.0	0.6705	1.4881	0.000502	0.0	0.002156	0.097136	0.54428683	500.0	0.000812	
2341.0	0.3223	0.6777	0.0	0.0	0.0	0.0	0.0	0.0	0.6777	1.4881	0.000501	0.0	0.002152	0.09706	0.54528903	500.0	0.000812	
2343.0	0.3215	0.6785	0.0	0.0	0.0	0.0	0.0	0.0	0.6786	1.4881	0.000501	0.0	0.002149	0.096984	0.54628832	500.0	0.000813	
2345.0	0.3318	0.6682	0.0	0.0	0.0	0.0	0.0	0.0	0.6682	1.4881	0.0005	0.0	0.002145	0.096909	0.54728596	500.0	0.000814	
2347.0	0.3297	0.6701	0.0002	0.0	0.0	0.0	0.0	0.0	0.6701	1.4881	0.000499	0.0	0.002136	0.096837	0.54828844	500.0	0.000812	
2349.0	0.3187	0.6812	0.0001	0.0	0.0	0.0	0.0	0.0	0.6813	1.4881	0.000497	0.0	0.002125	0.096765	0.54929142	500.0	0.00081	
2351.0	0.3183	0.6816	0.0001	0.0	0.0	0.0	0.0	0.0	0.6817	1.4881	0.000494	0.0	0.002114	0.096694	0.55029148	500.0	0.000808	
2353.0	0.3281	0.6719	0.0	0.0	0.0	0.0	0.0	0.0	0.672	1.4881	0.00049	0.0	0.002092	0.096627	0.55130243	500.0	0.000801	
2355.0	0.3222	0.6777	0.0001	0.0	0.0	0.0	0.0	0.0	0.6777	1.4881	0.000483	0.0	0.002062	0.096563	0.55231934	500.0	0.000791	
2357.0	0.3276	0.6723	0.0001	0.0	0.0	0.0	0.0	0.0	0.6724	1.4881	0.000477	0.0	0.002032	0.096499	0.5533323	500.0	0.000782	
2359.0	0.3309	0.669	0.0001	0.0	0.0	0.0	0.0	0.0	0.6691	1.4881	0.00047	0.0	0.002003	0.096435	0.55434046	500.0	0.000772	
2361.0	0.3351	0.6649	0.0	0.0	0.0	0.0	0.0	0.0	0.665	1.4881	0.000464	0.0	0.001975	0.09637	0.55534361	500.0	0.000763	
2363.0	0.3296	0.6703	0.0001	0.0	0.0	0.0	0.0	0.0	0.6703	1.4881	0.000457	0.0	0.001946	0.096305	0.55634219	500.0	0.000754	
2365.0	0.3297	0.6703	0.0	0.0	0.0	0.0	0.0	0.0	0.6703	1.4881	0.000452	0.0	0.001923	0.096238	0.5573288	500.0	0.000747	
2367.0	0.3363	0.6637	0.0	0.0	0.0	0.0	0.0	0.0	0.6638	1.4881	0.000449	0.0	0.001909	0.096167	0.55829958	500.0	0.000743	
2369.0	0.3329	0.6671	0.0	0.0	0.0	0.0	0.0	0.0	0.6672	1.4881	0.000447	0.0	0.001895	0.096095	0.55926564	500.0	0.000739	
2371.0	0.3325	0.6675	0.0	0.0	0.0	0.0	0.0	0.0	0.6675	1.4881	0.000445	0.0	0.001886	0.096022	0.56022109	500.0	0.000737	
2373.0	0.3342	0.6658	0.0	0.0	0.0	0.0	0.0	0.0	0.6658	1.4881	0.000446	0.0	0.001888	0.095943	0.56115787	500.0	0.000739	
2375.0	0.3336	0.6664	0.0	0.0	0.0	0.0	0.0	0.0	0.6665	1.4881	0.000446	0.0	0.00189	0.095865	0.56209023	500.0	0.000741	
2377.0	0.3305	0.6695	0.0	0.0	0.0	0.0	0.0	0.0	0.6696	1.4881	0.000448	0.0	0.001893	0.095785	0.56301695	500.0	0.000744	
2379.0	0.3321	0.6678	0.0001	0.0	0.0	0.0	0.0	0.0	0.6678	1.4881	0.00045	0.0	0.0019	0.095704	0.56393393	500.0	0.000748	
2381.0	0.3219	0.678	0.0001	0.0	0.0	0.0	0.0	0.0	0.678	1.4881	0.000452	0.0	0.001908	0.095622	0.56484716	500.0	0.000753	
2383.0	0.3356	0.6643	0.0001	0.0	0.0	0.0	0.0	0.0	0.6644	1.4881	0.000454	0.0	0.001917	0.095539	0.56575512	500.0	0.000758	
2385.0	0.3219	0.678	0.0001	0.0	0.0	0.0	0.0	0.0	0.678	1.4881	0.00046	0.0	0.001939	0.09545	0.56664282	500.0	0.000768	
2387.0	0.3192	0.6808	0.0	0.0	0.0	0.0	0.0	0.0	0.6809	1.4881	0.000466	0.0	0.001962	0.095362	0.56752779	500.0	0.000778	
2389.0	0.3169	0.683	0.0001	0.0	0.0	0.0	0.0	0.0	0.683	1.4881	0.000472	0.0	0.001985	0.095273	0.56841043	500.0	0.000789	
2391.0	0.3184	0.6815	0.0001	0.0	0.0	0.0	0.0	0.0	0.6816	1.4881	0.000475	0.0	0.001999	0.095188	0.56930162	500.0	0.000796	
2393.0	0.3231	0.6769	0.0	0.0	0.0	0.0	0.0	0.0	0.677	1.4881	0.000479	0.0	0.002013	0.095102	0.57019127	500.0	0.000802	
2395.0	0.3144	0.6856	0.0	0.0	0.0	0.0	0.0	0.0	0.6856	1.4881	0.000483	0.0	0.002027	0.095017	0.57107975	500.0	0.000809	
2397.0	0.3139	0.686	0.0001	0.0	0.0	0.0	0.0	0.0	0.6861	1.4881	0.000487	0.0	0.002043	0.094931	0.57196494	500.0	0.000817	
2399.0	0.3109	0.6891	0.0	0.0	0.0	0.0	0.0	0.0	0.6892	1.4881	0.000491	0.0	0.002059	0.094845	0.57284946	500.0	0.000825	
2401.0	0.3147	0.6853	0.0	0.0	0.0	0.0	0.0	0.0	0.6853	1.4881	0.000496	0.0	0.002075	0.094759	0.57373401	500.0	0.000833	
2403.0	0.3167	0.6833	0.0	0.0	0.0	0.0	0.0	0.0	0.6833	1.4881	0.0005	0.0	0.002091	0.094674	0.57462028	500.0	0.000841	
2405.0	0.3114	0.6886	0.0	0.0	0.0	0.0	0.0	0.0	0.6887	1.4881	0.000504	0.0	0.002105	0.09459	0.57550762	500.0	0.000848	
2407.0	0.305	0.695	0.0	0.0	0.0	0.0	0.0	0.0	0.6951	1.4881	0.000508	0.0	0.00212	0.094507	0.57639602	500.0	0.000855	
2409.0	0.3021	0.6978	0.0001	0.0	0.0	0.0	0.0	0.0	0.6978	1.4881	0.000512	0.0	0.002136	0.094424	0.57728499	500.0	0.000863	
2411.0	0.2989	0.701	0.0001	0.0	0.0	0.0	0.0	0.0	0.7011	1.4881	0.000516	0.0	0.002151	0.094342	0.57817523	500.0	0.000871	
2413.0	0.3024	0.6974	0.0002	0.0	0.0	0.0	0.0	0.0	0.6975	1.4881	0.00052	0.0	0.002167	0.094261	0.5790673	500.0	0.000878	
2415.0	0.3047	0.6953	0.0	0.0	0.0	0.0	0.0	0.0	0.6953	1.4881	0.000524	0.0	0.002181	0.094181	0.57996415	500.0	0.000885	
2417.0	0.2967	0.7033	0.0	0.0	0.0	0.0	0.0	0.0	0.7034	1.4881	0.000527	0.0	0.002192	0.094103	0.58086502	500.0	0.000892	
2419.0	0.2907	0.7091	0.0002	0.0	0.0	0.0	0.0	0.0	0.7092	1.4881	0.00053	0.0	0.002204	0.094026	0.58176811	500.0	0.000898	
2421.0	0.299	0.701	0.0	0.0	0.0	0.0	0.0	0.0	0.7011	1.4881	0.000534	0.0	0.002219	0.093949	0.58266998	500.0	0.000906	
2423.0	0.3029	0.6971	0.0	0.0	0.0	0.0	0.0	0.0	0.6972	1.4881	0.000539	0.0	0.002237	0.093872	0.58357058	500.0	0.000914	
2425.0	0.2934	0.7066	0.0	0.0	0.0	0.0	0.0	0.0	0.7067	1.4881	0.000544	0.0	0.002254	0.093796	0.58447347	500.0	0.000923	
2427.0	0.2895	0.7105	0.0	0.0	0.0	0.0	0.0	0.0	0.7105	1.4881	0.00055	0.0	0.002278	0.093719	0.58537097	500.0	0.000934	
2429.0	0.2932	0.7067	0.0001	0.0	0.0	0.0	0.0	0.0	0.7068	1.4881	0.000558	0.0	0.002311	0.09364	0.58625901	500.0	0.000949	
2431.0	0.2836	0.7164	0.0	0.0	0.0	0.0	0.0	0.0	0.7165	1.4881	0.000567	0.0	0.002344	0.093562	0.58714907	500.0	0.000964	
2433.0	0.2867	0.7133	0.0001	0.0	0.0	0.0	0.0	0.0	0.7133	1.4881	0.000575	0.0	0.002375	0.093485	0.58804296	500.0	0.000979	
2435.0	0.276	0.724	0.0	0.0	0.0	0.0	0.0	0.0	0.7241	1.4881	0.000582	0.0	0.002403	0.093411	0.5889432	500.0	0.000992	
2437.0	0.2803	0.7195	0.0002	0.0	0.0	0.0	0.0	0.0	0.7196	1.4881	0.000589	0.0	0.00243	0.093339	0.58984477	500.0	0.001005	
2439.0	0.287	0.713	0.0	0.0	0.0	0.0	0.0	0.0	0.713	1.4881	0.000596	0.0	0.002456	0.093268	0.59074946	500.0	0.001017	
2441.0	0.2784	0.7215	0.0001	0.0	0.0	0.0	0.0	0.0	0.7216	1.4881	0.000601	0.0	0.002474	0.0932	0.59166345	500.0	0.001027	
2443.0	0.2789	0.7211	0.0	0.0	0.0	0.0	0.0	0.0	0.7212	1.4881	0.000606	0.0	0.002493	0.093134	0.59257782	500.0	0.001036	
2445.0	0.2695	0.7304	0.0001	0.0	0.0	0.0	0.0	0.0	0.7304	1.4881	0.00061	0.0	0.002507	0.09307	0.59349749	500.0	0.001044	
2447.0	0.2746	0.7254	0.0	0.0	0.0	0.0	0.0	0.0	0.7254	1.4881	0.000604	0.0	0.002481	0.093022	0.59446666	500.0	0.001035	
2449.0	0.2728	0.7272	0.0	0.0	0.0	0.0	0.0	0.0	0.7273	1.4881	0.000598	0.0	0.002455	0.092976	0.59543494	500.0	0.001026	
2451.0	0.2825	0.7175	0.0	0.0	0.0	0.0	0.0	0.0	0.7176	1.4881	0.000592	0.0	0.002428	0.092929	0.59640197	500.0	0.001017	
2453.0	0.2762	0.7238	0.0	0.0	0.0	0.0	0.0	0.0	0.7239	1.4881	0.000581	0.0	0.002382	0.092891	0.59739146	500.0	0.001	
2455.0	0.2772	0.7228	0.0	0.0	0.0	0.0	0.0	0.0	0.7228	1.4881	0.000571	0.0	0.002336	0.092854	0.59837899	500.0	0.000982	
2457.0	0.2826	0.7174	0.0	0.0	0.0	0.0	0.0	0.0	0.7175	1.4881	0.00056	0.0	0.00229	0.092817	0.59936411	500.0	0.000965	
2459.0	0.2897	0.7103	0.0	0.0	0.0	0.0	0.0	0.0	0.7103	1.4881	0.000551	0.0	0.002254	0.092777	0.60033542	500.0	0.000951	
2461.0	0.287	0.7128	0.0002	0.0	0.0	0.0	0.0	0.0	0.7128	1.4881	0.000543	0.0	0.002218	0.092737	0.60130238	500.0	0.000938	
2463.0	0.2935	0.7063	0.0002	0.0	0.0	0.0	0.0	0.0	0.7064	1.4881	0.000535	0.0	0.002183	0.092698	0.60226596	500.0	0.000925	
2465.0	0.2863	0.7137	0.0	0.0	0.0	0.0	0.0	0.0	0.7138	1.4881	0.000524	0.0	0.002137	0.092662	0.6032386	500.0	0.000907	
2467.0	0.2942	0.7055	0.0003	0.0	0.0	0.0	0.0	0.0	0.7055	1.4881	0.000512	0.0	0.002088	0.092628	0.6042105	500.0	0.000888	
2469.0	0.2982	0.7017	0.0001	0.0	0.0	0.0	0.0	0.0	0.7018	1.4881	0.000501	0.0	0.00204	0.092593	0.60517814	500.0	0.000869	
2471.0	0.301	0.699	0.0	0.0	0.0	0.0	0.0	0.0	0.6991	1.4881	0.00049	0.0	0.001995	0.092558	0.60613726	500.0	0.000852	
2473.0	0.2959	0.7039	0.0002	0.0	0.0	0.0	0.0	0.0	0.704	1.4881	0.00048	0.0	0.001951	0.092521	0.60708996	500.0	0.000835	
2475.0	0.3041	0.6958	0.0001	0.0	0.0	0.0	0.0	0.0	0.6959	1.4881	0.00047	0.0	0.001908	0.092485	0.60803781	500.0	0.000818	
2477.0	0.3126	0.6872	0.0002	0.0	0.0	0.0	0.0	0.0	0.6873	1.4881	0.00046	0.0	0.001866	0.092448	0.60897824	500.0	0.000802	
2479.0	0.3115	0.6883	0.0002	0.0	0.0	0.0	0.0	0.0	0.6884	1.4881	0.00045	0.0	0.001826	0.092409	0.60991193	500.0	0.000786	
2481.0	0.313	0.6869	0.0001	0.0	0.0	0.0	0.0	0.0	0.687	1.4881	0.000441	0.0	0.001787	0.092371	0.61084045	500.0	0.00077	
2483.0	0.3082	0.6918	0.0	0.0	0.0	0.0	0.0	0.0	0.6919	1.4881	0.00043	0.0	0.001739	0.092335	0.61177267	500.0	0.000751	
2485.0	0.3153	0.6843	0.0004	0.0	0.0	0.0	0.0	0.0	0.6844	1.4881	0.000417	0.0	0.001685	0.092302	0.61270869	500.0	0.000729	
2487.0	0.3274	0.6726	0.0	0.0	0.0	0.0	0.0	0.0	0.6726	1.4881	0.000403	0.0	0.001631	0.092268	0.61363945	500.0	0.000707	
2489.0	0.332	0.668	0.0	0.0	0.0	0.0	0.0	0.0	0.668	1.4881	0.000391	0.0	0.001577	0.092234	0.61456369	500.0	0.000685	

Input file:
mc
output:single_layer_example
particle1:green.txt
particle2:tio2.txt
matrix1:acrylic.txt
mesh:1
light:am15.txt
emit1:green_emis.txt
excit_start_end1:302,900
qy1:green_qy.txt
photons:10000
start:301
end:2490
interval:2

sim:2
upper:1
lower:1
layer1
matrix1
t:500
particle1
fluor:1
d:10
vf:10
dist:0
particle2
fluor:0
d:0.4
vf:10
dist:0
