Sim 1

Light Normalized Radiosity: 91.95037%
Light Absorptance (heat generated by Stokes shift, Quantum Yield, non-fluorescent particles, and medium ): 6.69974%
Light Transmittance: 1.34989%
Stokes Shift Absorptance (converted to heat): 0.18847%
Quantum Yield Absorptance (converted to heat): 0.30918%
Total Fluorescent Absorptance (absorptance of photons by fluorescent particles): 1.55765%
Fluorescent Absorptance (converted to fluorescent emission): 1.06007%
Reflectance by Fluorescent Emission: 0.9934%
Non-Fluorescent Particles and Medium Absorptance (converted to heat): 6.20209%

Note: In the column headers below, the number in parentheses indicates the layer number for each attenuation coefficient (e.g., mu_s(1), mu_med(1), mu_a(1), mu_af(1) for layer 1)
Note: The units are based on micrometer
Wavelength	Normalized Radiosity	Absorptance	Transmittance	Stokes Shift Absorptance	Quantum Yield Absorptance	Total Fluorescent Absorptance	Reflectance (via fluorescent emission)	Fluorescent Absorptance	Non-Fluorescent Particles/Medium Absorptance	n_medium(1)	k_medium(1)	mu_a(non-fluorescent)(1)	mu_a(medium)(1)	mu_s(1)	g(1)	Thickness(1)	mu_a(fluorescent)1(1)
301.0	0.0479	0.9512	0.0	0.0007	0.0003	0.0019	0.0	0.0009	0.9502	1.527336	1e-06	0.522467	3.6e-05	0.574785	0.82205447	500.0	0.001407	
303.0	0.048	0.9505	0.0	0.0011	0.0008	0.0034	0.0	0.0016	0.9487	1.526609	1e-06	0.524282	3.3e-05	0.57331	0.82268572	500.0	0.001695	
305.0	0.0472	0.9514	0.0	0.001	0.0007	0.0032	0.0	0.0015	0.9497	1.525881	1e-06	0.526092	2.9e-05	0.572171	0.82334201	500.0	0.001711	
307.0	0.0465	0.9517	0.0	0.0012	0.0003	0.0033	0.0	0.0018	0.9502	1.525152	1e-06	0.527906	2.6e-05	0.571034	0.8239539	500.0	0.001716	
309.0	0.0465	0.9523	0.0	0.0007	0.0003	0.0022	0.0	0.0012	0.9513	1.524458	1e-06	0.529722	2.3e-05	0.569853	0.8245172	500.0	0.001724	
311.0	0.0477	0.9507	0.0	0.001	0.0008	0.0034	0.0	0.0016	0.9489	1.523788	1e-06	0.531534	2e-05	0.568605	0.82501259	500.0	0.001731	
313.0	0.0466	0.9516	0.0	0.0011	0.0006	0.0035	0.0	0.0018	0.9498	1.523144	0.0	0.533348	1.7e-05	0.567238	0.82541901	500.0	0.001739	
315.0	0.046	0.9524	0.0	0.001	0.0011	0.0037	0.0	0.0017	0.9503	1.522519	0.0	0.535172	1.4e-05	0.565692	0.8257009	500.0	0.001745	
317.0	0.0458	0.953	0.0	0.0008	0.0008	0.0028	0.0	0.0012	0.9515	1.521895	0.0	0.536995	1.2e-05	0.563918	0.82580081	500.0	0.001751	
319.0	0.0473	0.951	0.0	0.001	0.0008	0.0034	0.0	0.0017	0.9492	1.521272	0.0	0.538801	9e-06	0.561882	0.8256408	500.0	0.001756	
321.0	0.0463	0.9526	0.0	0.0006	0.0009	0.0026	0.0	0.0011	0.9511	1.520694	0.0	0.540552	7e-06	0.559601	0.82513445	500.0	0.00176	
323.0	0.0454	0.9534	0.0	0.0008	0.0007	0.0028	0.0	0.0013	0.9519	1.520123	0.0	0.542143	5e-06	0.557218	0.82414522	500.0	0.001762	
325.0	0.0461	0.9523	0.0	0.0009	0.0008	0.0034	0.0	0.0016	0.9506	1.51955	0.0	0.543428	3e-06	0.555071	0.82262519	500.0	0.001764	
327.0	0.0462	0.9525	0.0	0.0008	0.0008	0.0029	0.0	0.0013	0.9509	1.518986	0.0	0.544089	2e-06	0.553756	0.82052401	500.0	0.001766	
329.0	0.0456	0.9528	0.0	0.0009	0.0009	0.0034	0.0	0.0016	0.951	1.51846	0.0	0.543649	1e-06	0.554251	0.81797055	500.0	0.001767	
331.0	0.0461	0.9522	0.0	0.001	0.0007	0.0034	0.0	0.0017	0.9505	1.51794	0.0	0.541325	1e-06	0.558017	0.81509225	500.0	0.001767	
333.0	0.046	0.9526	0.0	0.0008	0.0008	0.003	0.0	0.0014	0.9511	1.517421	0.0	0.536343	0.0	0.567348	0.8124695	500.0	0.001767	
335.0	0.0467	0.9515	0.0	0.0011	0.0011	0.0041	0.0	0.0019	0.9493	1.516911	0.0	0.527879	0.0	0.584958	0.80997208	500.0	0.001768	
337.0	0.0477	0.9506	0.0	0.0009	0.0003	0.003	0.0	0.0018	0.9494	1.516442	0.0	0.516489	0.0	0.613332	0.80779084	500.0	0.001767	
339.0	0.0482	0.9505	0.0	0.0006	0.0006	0.0025	0.0	0.0013	0.9493	1.515974	0.0	0.504187	0.0	0.652289	0.80575063	500.0	0.001767	
341.0	0.0482	0.9503	0.0	0.0007	0.0008	0.003	0.0	0.0015	0.9488	1.515506	0.0	0.492787	0.0	0.698283	0.80323571	500.0	0.001767	
343.0	0.0495	0.9491	0.0	0.0007	0.0005	0.0026	0.0	0.0014	0.9479	1.515038	0.0	0.482589	0.0	0.744628	0.79991644	500.0	0.001767	
345.0	0.0483	0.9492	0.0	0.0013	0.0006	0.0043	0.0	0.0025	0.9474	1.51457	0.0	0.46999	0.0	0.786993	0.79557665	500.0	0.001767	
347.0	0.0499	0.948	0.0	0.001	0.0008	0.0039	0.0	0.0022	0.9462	1.514123	0.0	0.451101	0.0	0.828142	0.79127231	500.0	0.001766	
349.0	0.0524	0.945	0.0	0.0013	0.0009	0.0048	0.0	0.0027	0.9429	1.513708	0.0	0.417682	0.0	0.873236	0.78960101	500.0	0.001766	
351.0	0.0563	0.941	0.0	0.0012	0.0007	0.0047	0.0	0.0028	0.9391	1.513292	0.0	0.363763	0.0	0.919522	0.79312464	500.0	0.001766	
353.0	0.0591	0.9369	0.0	0.0019	0.0006	0.0067	0.0	0.0043	0.9344	1.512878	0.0	0.31295	0.0	0.964692	0.79732876	500.0	0.001765	
355.0	0.0619	0.9348	0.0	0.0015	0.0012	0.0061	0.0	0.0034	0.932	1.51249	0.0	0.278705	0.0	1.001592	0.7946407	500.0	0.001765	
357.0	0.0641	0.9329	0.0	0.0014	0.0012	0.0058	0.0	0.0031	0.9302	1.512126	0.0	0.260973	0.0	1.023893	0.78069002	500.0	0.001765	
359.0	0.0672	0.9298	0.0	0.0014	0.0015	0.0059	0.0	0.0031	0.9269	1.511727	0.0	0.2695	0.0	1.032362	0.74956659	500.0	0.001765	
361.0	0.0755	0.9212	0.0	0.0014	0.0012	0.0059	0.0	0.0033	0.9186	1.511312	0.0	0.279867	0.0	1.022028	0.693233	500.0	0.001765	
363.0	0.0927	0.9025	0.0	0.0021	0.0016	0.0087	0.0	0.005	0.8987	1.510934	0.0	0.202993	0.0	0.96148	0.65401978	500.0	0.001765	
365.0	0.1104	0.8845	0.0	0.0021	0.002	0.0094	0.0	0.0052	0.8803	1.510574	0.0	0.160371	0.0	0.939258	0.60897095	500.0	0.001765	
367.0	0.1369	0.8559	0.0	0.0029	0.0025	0.0127	0.0	0.0073	0.8505	1.510248	0.0	0.141171	0.0	0.980986	0.54948376	500.0	0.001765	
369.0	0.1589	0.8342	0.0	0.0028	0.0025	0.0124	0.0	0.007	0.8289	1.509935	0.0	0.126798	0.0	1.050794	0.4929481	500.0	0.001765	
371.0	0.1923	0.8001	0.0	0.003	0.0023	0.0129	0.0	0.0077	0.7949	1.509578	0.0	0.100568	0.0	1.036718	0.47014055	500.0	0.001765	
373.0	0.2123	0.7762	0.0	0.0043	0.0034	0.0192	0.0	0.0115	0.7685	1.509217	0.0	0.072678	0.0	0.942555	0.48395927	500.0	0.001765	
375.0	0.2237	0.7597	0.0	0.0059	0.0057	0.0283	0.0	0.0167	0.7481	1.5089	0.0	0.054466	0.0	0.857079	0.50483182	500.0	0.001765	
377.0	0.2433	0.7387	0.0	0.0065	0.006	0.0309	0.0	0.0183	0.7262	1.508588	0.0	0.043992	0.0	0.799799	0.51482084	500.0	0.001765	
379.0	0.2525	0.73	0.0	0.0063	0.0071	0.0311	0.0	0.0177	0.7166	1.508276	0.0	0.03827	0.0	0.768087	0.50838908	500.0	0.001765	
381.0	0.2672	0.7133	0.0	0.0068	0.0059	0.0322	0.0	0.0195	0.7005	1.507981	0.0	0.03632	0.0	0.769703	0.48148681	500.0	0.001766	
383.0	0.2818	0.6993	0.0	0.0064	0.0056	0.031	0.0	0.019	0.6874	1.50771	0.0	0.038894	0.0	0.83327	0.42344354	500.0	0.001766	
385.0	0.3133	0.669	0.0	0.0059	0.0067	0.0305	0.0	0.0179	0.6564	1.507433	0.0	0.044226	0.0	0.959148	0.32145329	500.0	0.001767	
387.0	0.3499	0.6299	0.0	0.0066	0.0055	0.0325	0.0	0.0205	0.6178	1.507128	0.0	0.035451	0.0	0.890549	0.2269954	500.0	0.001767	
389.0	0.3954	0.5772	0.0	0.0087	0.0065	0.0432	0.0	0.0279	0.5619	1.506836	0.0	0.021719	0.0	0.719629	0.20458917	500.0	0.001768	
391.0	0.4314	0.5343	0.0	0.0109	0.0121	0.0577	0.0	0.0348	0.5114	1.50657	0.0	0.014711	0.0	0.653162	0.21553089	500.0	0.001768	
393.0	0.4627	0.4925	0.0	0.0139	0.0156	0.0754	0.0	0.0458	0.463	1.50631	0.0	0.011084	0.0	0.653962	0.23252178	500.0	0.001769	
395.0	0.5046	0.4447	0.0	0.0153	0.0152	0.0822	0.0	0.0517	0.4142	1.50605	0.0	0.008824	0.0	0.689134	0.24947173	500.0	0.00177	
397.0	0.5214	0.4207	0.0	0.0171	0.0214	0.0977	0.0	0.0591	0.3822	1.50579	0.0	0.007254	0.0	0.740914	0.26398092	500.0	0.00177	
399.0	0.5588	0.3811	0.0	0.017	0.0227	0.1009	0.0	0.0612	0.3414	1.50553	0.0	0.006044	0.0	0.796664	0.27489259	500.0	0.001771	
401.0	0.5977	0.3392	0.0	0.0177	0.0194	0.102	0.0	0.0649	0.3022	1.50528	0.0	0.005058	0.0	0.846002	0.2823194	500.0	0.001772	
403.0	0.6141	0.3202	0.0	0.0181	0.0242	0.1099	0.0	0.0677	0.278	1.50504	0.0	0.004246	0.0	0.881814	0.28738017	500.0	0.001772	
405.0	0.6212	0.3004	0.0	0.0211	0.0265	0.1274	0.0	0.0798	0.2528	1.5048	0.0	0.003538	0.0	0.902259	0.29179819	500.0	0.001773	
407.0	0.6448	0.2726	0.0	0.0218	0.0254	0.1318	0.0	0.0846	0.2254	1.504562	0.0	0.00298	0.0	0.910453	0.29724097	500.0	0.001774	
409.0	0.6481	0.2601	0.0	0.0237	0.0292	0.1469	0.0	0.094	0.2072	1.504324	0.0	0.002512	0.0	0.913234	0.30509399	500.0	0.001775	
411.0	0.6682	0.2383	0.0	0.0236	0.0315	0.1519	0.0	0.0968	0.1832	1.504086	0.0	0.002151	0.0	0.918013	0.31578495	500.0	0.001776	
413.0	0.6705	0.2303	0.0	0.0242	0.0363	0.1627	0.0	0.1022	0.1698	1.503848	0.0	0.001874	0.0	0.931415	0.3287754	500.0	0.001776	
415.0	0.6788	0.2152	0.0	0.0255	0.0356	0.1707	0.0	0.1096	0.1541	1.503611	0.0	0.001669	0.0	0.958577	0.34236722	500.0	0.001777	
417.0	0.6959	0.1994	0.0	0.0242	0.0344	0.1651	0.0	0.1065	0.1407	1.503394	0.0	0.001518	0.0	1.002941	0.35385842	500.0	0.001778	
419.0	0.698	0.1956	0.0	0.0242	0.0341	0.1678	0.0	0.1096	0.1373	1.503191	0.0	0.001412	0.0	1.064141	0.35975396	500.0	0.001778	
421.0	0.7073	0.1877	0.0	0.023	0.0336	0.1649	0.0	0.1082	0.1311	1.50299	0.0	0.001318	0.0	1.133775	0.35701021	500.0	0.001779	
423.0	0.723	0.1735	0.0	0.0224	0.0309	0.1598	0.0	0.1065	0.1202	1.502788	0.0	0.001213	0.0	1.189644	0.34525756	500.0	0.00178	
425.0	0.7297	0.1591	0.0	0.0235	0.0344	0.1725	0.0	0.1146	0.1012	1.502587	0.0	0.001063	0.0	1.204027	0.32940361	500.0	0.001781	
427.0	0.7315	0.1501	0.0	0.0237	0.0323	0.1774	0.0	0.1213	0.0941	1.502387	0.0	0.000876	0.0	1.170959	0.318865	500.0	0.001781	
429.0	0.7328	0.1444	0.0	0.0244	0.0403	0.1919	0.0	0.1272	0.0797	1.502204	0.0	0.000694	0.0	1.116627	0.32163835	500.0	0.001781	
431.0	0.7348	0.1312	0.0	0.0258	0.0394	0.2031	0.0	0.1378	0.066	1.502022	0.0	0.000543	0.0	1.070728	0.33879998	500.0	0.00178	
433.0	0.7334	0.1245	0.0	0.0267	0.0418	0.2161	0.0	0.1475	0.0559	1.501839	0.0	0.000428	0.0	1.046174	0.36571593	500.0	0.001779	
435.0	0.7362	0.1211	0.0	0.0261	0.0461	0.2204	0.0	0.1482	0.0488	1.501656	0.0	0.000343	0.0	1.042886	0.396467	500.0	0.001777	
437.0	0.7233	0.1155	0.0	0.0288	0.0442	0.2409	0.0	0.1679	0.0426	1.501473	0.0	0.000279	0.0	1.056275	0.42674547	500.0	0.001774	
439.0	0.7371	0.1083	0.0	0.0264	0.0449	0.2322	0.0	0.1609	0.037	1.501301	0.0	0.000231	0.0	1.081481	0.45423013	500.0	0.001769	
441.0	0.7402	0.1009	0.0	0.0263	0.0452	0.2356	0.0	0.1642	0.0295	1.501137	0.0	0.000193	0.0	1.11456	0.47806999	500.0	0.001763	
443.0	0.7379	0.1051	0.0	0.0257	0.0485	0.2378	0.0	0.1636	0.0309	1.500972	0.0	0.000163	0.0	1.152421	0.49815038	500.0	0.001757	
445.0	0.7366	0.1012	0.0	0.0255	0.0502	0.2435	0.0	0.1678	0.0255	1.500807	0.0	0.000139	0.0	1.192967	0.51485425	500.0	0.00175	
447.0	0.7416	0.0973	0.0	0.0241	0.0513	0.2425	0.0	0.1671	0.0219	1.500642	0.0	0.000119	0.0	1.234705	0.5286792	500.0	0.00174	
449.0	0.7387	0.094	0.0	0.0244	0.0471	0.246	0.0	0.1745	0.0225	1.500481	0.0	0.000103	0.0	1.276517	0.54009471	500.0	0.001723	
451.0	0.747	0.0911	0.0	0.0227	0.0473	0.2398	0.0	0.1698	0.0211	1.500334	0.0	8.9e-05	0.0	1.317787	0.54957764	500.0	0.001694	
453.0	0.7502	0.0847	0.0	0.0224	0.0454	0.2405	0.0	0.1726	0.0169	1.500187	0.0	7.7e-05	0.0	1.35808	0.55748098	500.0	0.001647	
455.0	0.7489	0.085	0.0	0.0217	0.0443	0.2385	0.0	0.1725	0.019	1.500041	0.0	6.8e-05	0.0	1.397309	0.56412222	500.0	0.001579	
457.0	0.7683	0.0769	0.0	0.0193	0.0422	0.2223	0.0	0.1608	0.0153	1.499895	0.0	6e-05	0.0	1.435527	0.56973248	500.0	0.001499	
459.0	0.78	0.0738	0.0	0.0174	0.0409	0.2109	0.0	0.1526	0.0155	1.499748	0.0	5.3e-05	0.0	1.472935	0.57447757	500.0	0.001348	
461.0	0.8039	0.0637	0.0	0.0154	0.036	0.1888	0.0	0.1374	0.0122	1.499602	0.0	4.7e-05	0.0	1.50993	0.57849143	500.0	0.001039	
463.0	0.8468	0.0583	0.0	0.0114	0.0307	0.1465	0.0031	0.1046	0.0162	1.499456	0.0	4.2e-05	0.0	1.546874	0.5818305	500.0	0.000556	
465.0	0.967	0.0417	0.0011	0.0008	0.0015	0.0093	0.0155	0.0071	0.0394	1.499309	0.0	3.7e-05	0.0	1.583851	0.58448102	500.0	1e-05	
467.0	0.9866	0.0359	0.0011	0.0	0.0	0.0	0.0234	0.0	0.0359	1.499163	0.0	3.4e-05	0.0	1.620452	0.58627713	500.0	0.0	
469.0	0.993	0.0321	0.0019	0.0	0.0	0.0	0.0266	0.0	0.0321	1.499016	0.0	3e-05	0.0	1.656917	0.58732979	500.0	0.0	
471.0	0.9982	0.0328	0.0019	0.0	0.0	0.0	0.0325	0.0	0.0328	1.498875	0.0	2.8e-05	0.0	1.692952	0.58752024	500.0	0.0	
473.0	1.0081	0.0287	0.0031	0.0	0.0	0.0	0.0395	0.0	0.0287	1.498746	0.0	2.5e-05	0.0	1.72746	0.58682519	500.0	0.0	
475.0	1.0127	0.0326	0.003	0.0	0.0	0.0	0.0477	0.0	0.0326	1.498618	0.0	2.3e-05	0.0	1.758953	0.58522381	500.0	0.0	
477.0	1.025	0.0268	0.0023	0.0	0.0	0.0	0.0536	0.0	0.0268	1.49849	0.0	2.1e-05	0.0	1.785621	0.58276193	500.0	0.0	
479.0	1.0332	0.0248	0.0026	0.0	0.0	0.0	0.0597	0.0	0.0248	1.498362	0.0	1.9e-05	0.0	1.80525	0.57970698	500.0	0.0	
481.0	1.0389	0.0239	0.0024	0.0	0.0	0.0	0.0644	0.0	0.0239	1.498234	0.0	1.7e-05	0.0	1.816136	0.57629353	500.0	0.0	
483.0	1.0467	0.0223	0.0026	0.0	0.0	0.0	0.0711	0.0	0.0223	1.49812	0.0	1.5e-05	0.0	1.817274	0.57302588	500.0	0.0	
485.0	1.0651	0.0207	0.004	0.0	0.0	0.0	0.0889	0.0	0.0207	1.49801	0.0	1.3e-05	0.0	1.808934	0.57036647	500.0	0.0	
487.0	1.0795	0.0184	0.0047	0.0	0.0	0.0	0.1011	0.0	0.0184	1.4979	0.0	1.2e-05	0.0	1.792638	0.5688424	500.0	0.0	
489.0	1.0754	0.0157	0.0044	0.0	0.0	0.0	0.0938	0.0	0.0157	1.49779	0.0	1e-05	0.0	1.771104	0.56878299	500.0	0.0	
491.0	1.0841	0.0157	0.0049	0.0	0.0	0.0	0.1027	0.0	0.0157	1.49768	0.0	9e-06	0.0	1.747073	0.57046555	500.0	0.0	
493.0	1.0838	0.0145	0.0066	0.0	0.0	0.0	0.1024	0.0	0.0145	1.49757	0.0	8e-06	0.0	1.723466	0.57389296	500.0	0.0	
495.0	1.0799	0.0132	0.0066	0.0	0.0	0.0	0.0976	0.0	0.0132	1.497461	0.0	7e-06	0.0	1.702331	0.57889396	500.0	0.0	
497.0	1.0835	0.0108	0.0087	0.0	0.0	0.0	0.1	0.0	0.0108	1.497351	0.0	6e-06	0.0	1.684977	0.58523755	500.0	0.0	
499.0	1.0935	0.0104	0.0092	0.0	0.0	0.0	0.1098	0.0	0.0104	1.497241	0.0	5e-06	0.0	1.672149	0.59255815	500.0	0.0	
501.0	1.0975	0.008	0.011	0.0	0.0	0.0	0.1138	0.0	0.008	1.497131	0.0	4e-06	0.0	1.663895	0.60056721	500.0	0.0	
503.0	1.1015	0.0074	0.009	0.0	0.0	0.0	0.1146	0.0	0.0074	1.497021	0.0	4e-06	0.0	1.660129	0.60888546	500.0	0.0	
505.0	1.0954	0.0076	0.0137	0.0	0.0	0.0	0.1126	0.0	0.0076	1.496912	0.0	3e-06	0.0	1.660375	0.61727502	500.0	0.0	
507.0	1.0949	0.0056	0.0125	0.0	0.0	0.0	0.1093	0.0	0.0056	1.496802	0.0	3e-06	0.0	1.6641	0.6255877	500.0	0.0	
509.0	1.0893	0.0046	0.0134	0.0	0.0	0.0	0.1036	0.0	0.0046	1.496692	0.0	2e-06	0.0	1.670924	0.63355407	500.0	0.0	
511.0	1.0911	0.005	0.0138	0.0	0.0	0.0	0.1058	0.0	0.005	1.496582	0.0	2e-06	0.0	1.680272	0.641129	500.0	0.0	
513.0	1.0869	0.0043	0.014	0.0	0.0	0.0	0.1012	0.0	0.0043	1.496474	0.0	2e-06	0.0	1.691826	0.6482095	500.0	0.0	
515.0	1.0871	0.0042	0.0132	0.0	0.0	0.0	0.1005	0.0	0.0042	1.496372	0.0	2e-06	0.0	1.70508	0.65474908	500.0	0.0	
517.0	1.0857	0.0041	0.0119	0.0	0.0	0.0	0.0987	0.0	0.0041	1.496277	0.0	2e-06	0.0	1.719634	0.66079525	500.0	0.0	
519.0	1.0894	0.0029	0.0144	0.0	0.0	0.0	0.1025	0.0	0.0029	1.496186	0.0	1e-06	0.0	1.73539	0.66625204	500.0	0.0	
521.0	1.0806	0.0023	0.0126	0.0	0.0	0.0	0.0923	0.0	0.0023	1.496094	0.0	1e-06	0.0	1.751912	0.67119274	500.0	0.0	
523.0	1.0652	0.0027	0.0133	0.0	0.0	0.0	0.0782	0.0	0.0027	1.496003	0.0	1e-06	0.0	1.76912	0.67560226	500.0	0.0	
525.0	1.0627	0.0026	0.0128	0.0	0.0	0.0	0.0758	0.0	0.0026	1.495915	0.0	1e-06	0.0	1.786786	0.67951483	500.0	0.0	
527.0	1.0596	0.0028	0.0116	0.0	0.0	0.0	0.0712	0.0	0.0028	1.495837	0.0	1e-06	0.0	1.804699	0.68299496	500.0	0.0	
529.0	1.0533	0.0019	0.0132	0.0	0.0	0.0	0.066	0.0	0.0019	1.495763	0.0	1e-06	0.0	1.822895	0.6860023	500.0	0.0	
531.0	1.0468	0.0016	0.0119	0.0	0.0	0.0	0.0579	0.0	0.0016	1.49569	0.0	1e-06	0.0	1.841042	0.68863633	500.0	0.0	
533.0	1.0481	0.0016	0.0101	0.0	0.0	0.0	0.0576	0.0	0.0016	1.495617	0.0	1e-06	0.0	1.859121	0.69091659	500.0	0.0	
535.0	1.0397	0.0018	0.0133	0.0	0.0	0.0	0.0531	0.0	0.0018	1.495544	0.0	1e-06	0.0	1.877141	0.6928043	500.0	0.0	
537.0	1.0337	0.0016	0.0144	0.0	0.0	0.0	0.0484	0.0	0.0016	1.49547	0.0	1e-06	0.0	1.894833	0.69440134	500.0	0.0	
539.0	1.0311	0.0012	0.0138	0.0	0.0	0.0	0.0438	0.0	0.0012	1.495397	0.0	1e-06	0.0	1.912233	0.69568873	500.0	0.0	
541.0	1.0338	0.0015	0.0109	0.0	0.0	0.0	0.0444	0.0	0.0015	1.495324	0.0	0.0	0.0	1.929204	0.69667642	500.0	0.0	
543.0	1.0268	0.0006	0.0148	0.0	0.0	0.0	0.0403	0.0	0.0006	1.495251	0.0	0.0	0.0	1.945575	0.69741801	500.0	0.0	
545.0	1.0239	0.0009	0.0104	0.0	0.0	0.0	0.0338	0.0	0.0009	1.495178	0.0	0.0	0.0	1.961326	0.69789826	500.0	0.0	
547.0	1.0215	0.0011	0.0115	0.0	0.0	0.0	0.0329	0.0	0.0011	1.495104	0.0	0.0	0.0	1.976257	0.69813084	500.0	0.0	
549.0	1.0183	0.0013	0.0114	0.0	0.0	0.0	0.0301	0.0	0.0013	1.495031	0.0	0.0	0.0	1.990169	0.69815341	500.0	0.0	
551.0	1.0128	0.0005	0.0119	0.0	0.0	0.0	0.0243	0.0	0.0005	1.494958	0.0	0.0	0.0	2.003036	0.69794319	500.0	0.0	
553.0	1.0104	0.0008	0.011	0.0	0.0	0.0	0.021	0.0	0.0008	1.494885	0.0	0.0	0.0	2.014578	0.69751742	500.0	0.0	
555.0	1.0091	0.0012	0.0117	0.0	0.0	0.0	0.0208	0.0	0.0012	1.494812	0.0	0.0	0.0	2.02457	0.69691493	500.0	0.0	
557.0	1.0059	0.0011	0.011	0.0	0.0	0.0	0.0168	0.0	0.0011	1.494738	0.0	0.0	0.0	2.032974	0.696098	500.0	0.0	
559.0	1.0069	0.0003	0.0113	0.0	0.0	0.0	0.0177	0.0	0.0003	1.494665	0.0	0.0	0.0	2.039485	0.6950958	500.0	0.0	
561.0	1.0077	0.0005	0.0091	0.0	0.0	0.0	0.0167	0.0	0.0005	1.494592	0.0	0.0	0.0	2.043886	0.69394494	500.0	0.0	
563.0	1.0033	0.0004	0.01	0.0	0.0	0.0	0.013	0.0	0.0004	1.494519	0.0	0.0	0.0	2.046192	0.69261365	500.0	0.0	
565.0	1.0021	0.0005	0.0108	0.0	0.0	0.0	0.013	0.0	0.0005	1.494446	0.0	0.0	0.0	2.046156	0.69113522	500.0	0.0	
567.0	0.9982	0.0003	0.0123	0.0	0.0	0.0	0.0101	0.0	0.0003	1.494372	0.0	0.0	0.0	2.043672	0.68954867	500.0	0.0	
569.0	0.9994	0.0001	0.0108	0.0	0.0	0.0	0.0098	0.0	0.0001	1.494307	0.0	0.0	0.0	2.03885	0.68784594	500.0	0.0	
571.0	0.9978	0.0006	0.0104	0.0	0.0	0.0	0.0086	0.0	0.0006	1.494245	0.0	0.0	0.0	2.031632	0.68605421	500.0	0.0	
573.0	0.9981	0.0004	0.0099	0.0	0.0	0.0	0.0081	0.0	0.0004	1.49419	0.0	0.0	0.0	2.022089	0.68422305	500.0	0.0	
575.0	0.9962	0.0	0.0102	0.0	0.0	0.0	0.0063	0.0	0.0	1.494135	0.0	0.0	0.0	2.010486	0.68235518	500.0	0.0	
577.0	0.9966	0.0	0.0106	0.0	0.0	0.0	0.0072	0.0	0.0	1.49408	0.0	0.0	0.0	1.997029	0.68046372	500.0	0.0	
579.0	0.9959	0.0	0.0104	0.0	0.0	0.0	0.0058	0.0	0.0	1.494025	0.0	0.0	0.0	1.981879	0.67861621	500.0	0.0	
581.0	0.9958	0.0	0.0096	0.0	0.0	0.0	0.0053	0.0	0.0	1.49397	0.0	0.0	0.0	1.965416	0.6768265	500.0	0.0	
583.0	0.9943	0.0	0.0095	0.0	0.0	0.0	0.0037	0.0	0.0	1.493915	0.0	0.0	0.0	1.948075	0.67507676	500.0	0.0	
585.0	0.9938	0.0	0.0093	0.0	0.0	0.0	0.0031	0.0	0.0	1.493861	0.0	0.0	0.0	1.929942	0.67345463	500.0	0.0	
587.0	0.9917	0.0	0.0113	0.0	0.0	0.0	0.0028	0.0	0.0	1.493806	0.0	0.0	0.0	1.91139	0.67198701	500.0	0.0	
589.0	0.9928	0.0	0.0103	0.0	0.0	0.0	0.0029	0.0	0.0	1.493751	0.0	0.0	0.0	1.892922	0.67062169	500.0	0.0	
591.0	0.9933	0.0	0.0094	0.0	0.0	0.0	0.0026	0.0	0.0	1.493696	0.0	0.0	0.0	1.874583	0.66942323	500.0	0.0	
593.0	0.9936	0.0	0.009	0.0	0.0	0.0	0.0026	0.0	0.0	1.493641	0.0	0.0	0.0	1.856624	0.66841672	500.0	0.0	
595.0	0.9911	0.0	0.0107	0.0	0.0	0.0	0.0017	0.0	0.0	1.493586	0.0	0.0	0.0	1.839369	0.66757413	500.0	0.0	
597.0	0.9906	0.0	0.0112	0.0	0.0	0.0	0.0017	0.0	0.0	1.493531	0.0	0.0	0.0	1.822932	0.66689429	500.0	0.0	
599.0	0.9919	0.0	0.0099	0.0	0.0	0.0	0.0018	0.0	0.0	1.493476	0.0	0.0	0.0	1.807323	0.66641814	500.0	0.0	
601.0	0.9899	0.0	0.0115	0.0	0.0	0.0	0.0013	0.0	0.0	1.493421	0.0	0.0	0.0	1.792691	0.66613847	500.0	0.0	
603.0	0.9919	0.0	0.0095	0.0	0.0	0.0	0.0013	0.0	0.0	1.493367	0.0	0.0	0.0	1.779236	0.66599507	500.0	0.0	
605.0	0.9911	0.0	0.0106	0.0	0.0	0.0	0.0016	0.0	0.0	1.493312	0.0	0.0	0.0	1.766765	0.66603876	500.0	0.0	
607.0	0.9897	0.0	0.0119	0.0	0.0	0.0	0.0016	0.0	0.0	1.493257	0.0	0.0	0.0	1.755304	0.66627139	500.0	0.0	
609.0	0.9897	0.0	0.0111	0.0	0.0	0.0	0.0009	0.0	0.0	1.493202	0.0	0.0	0.0	1.74501	0.66663559	500.0	0.0	
611.0	0.9925	0.0	0.009	0.0	0.0	0.0	0.0014	0.0	0.0	1.493147	0.0	0.0	0.0	1.735806	0.66711894	500.0	0.0	
613.0	0.9888	0.0	0.0117	0.0	0.0	0.0	0.0005	0.0	0.0	1.493101	0.0	0.0	0.0	1.727532	0.6677595	500.0	0.0	
615.0	0.9895	0.0	0.0107	0.0	0.0	0.0	0.0002	0.0	0.0	1.493058	0.0	0.0	0.0	1.720175	0.66855063	500.0	0.0	
617.0	0.9904	0.0	0.0105	0.0	0.0	0.0	0.0009	0.0	0.0	1.493022	0.0	0.0	0.0	1.71386	0.66941419	500.0	0.0	
619.0	0.9884	0.0	0.0122	0.0	0.0	0.0	0.0006	0.0	0.0	1.492985	0.0	0.0	0.0	1.708366	0.67037965	500.0	0.0	
621.0	0.9901	0.0	0.0104	0.0	0.0	0.0	0.0005	0.0	0.0	1.492948	0.0	0.0	0.0	1.703625	0.67144903	500.0	0.0	
623.0	0.9885	0.0	0.0121	0.0	0.0	0.0	0.0005	0.0	0.0	1.492907	0.0	0.0	0.0	1.699679	0.67259331	500.0	0.0	
625.0	0.991	0.0	0.0097	0.0	0.0	0.0	0.0007	0.0	0.0	1.49286	0.0	0.0	0.0	1.696541	0.67376488	500.0	0.0	
627.0	0.9884	0.0	0.0121	0.0	0.0	0.0	0.0005	0.0	0.0	1.492808	0.0	0.0	0.0	1.693978	0.675006	500.0	0.0	
629.0	0.9895	0.0	0.0111	0.0	0.0	0.0	0.0005	0.0	0.0	1.492753	0.0	0.0	0.0	1.69193	0.67632188	500.0	0.0	
631.0	0.9871	0.0	0.0132	0.0	0.0	0.0	0.0003	0.0	0.0	1.492698	0.0	0.0	0.0	1.690515	0.67765508	500.0	0.0	
633.0	0.9866	0.0	0.0138	0.0	0.0	0.0	0.0003	0.0	0.0	1.492644	0.0	0.0	0.0	1.689665	0.67898762	500.0	0.0	
635.0	0.989	0.0	0.0115	0.0	0.0	0.0	0.0005	0.0	0.0	1.492599	0.0	0.0	0.0	1.689167	0.68036401	500.0	0.0	
637.0	0.9885	0.0	0.0116	0.0	0.0	0.0	0.0001	0.0	0.0	1.492556	0.0	0.0	0.0	1.688964	0.68179292	500.0	0.0	
639.0	0.9869	0.0	0.0134	0.0	0.0	0.0	0.0002	0.0	0.0	1.492519	0.0	0.0	0.0	1.689209	0.68320252	500.0	0.0	
641.0	0.9885	0.0	0.0119	0.0	0.0	0.0	0.0004	0.0	0.0	1.492483	0.0	0.0	0.0	1.689825	0.68458291	500.0	0.0	
643.0	0.9891	0.0	0.011	0.0	0.0	0.0	0.0001	0.0	0.0	1.492446	0.0	0.0	0.0	1.690624	0.6859778	500.0	0.0	
645.0	0.9877	0.0	0.0123	0.0	0.0	0.0	0.0	0.0	0.0	1.492409	0.0	0.0	0.0	1.69155	0.68739778	500.0	0.0	
647.0	0.9859	0.0	0.0141	0.0	0.0	0.0	0.0	0.0	0.0	1.492373	0.0	0.0	0.0	1.692765	0.68877358	500.0	0.0	
649.0	0.9868	0.0	0.0132	0.0	0.0	0.0	0.0	0.0	0.0	1.492336	0.0	0.0	0.0	1.694196	0.69009705	500.0	0.0	
651.0	0.9867	0.0	0.0133	0.0	0.0	0.0	0.0	0.0	0.0	1.4923	0.0	0.0	0.0	1.695651	0.69141742	500.0	0.0	
653.0	0.9871	0.0	0.0129	0.0	0.0	0.0	0.0	0.0	0.0	1.492263	0.0	0.0	0.0	1.697093	0.69274067	500.0	0.0	
655.0	0.988	0.0	0.012	0.0	0.0	0.0	0.0	0.0	0.0	1.492226	0.0	0.0	0.0	1.698662	0.69401091	500.0	0.0	
657.0	0.9891	0.0	0.0109	0.0	0.0	0.0	0.0	0.0	0.0	1.49219	0.0	0.0	0.0	1.70032	0.69521293	500.0	0.0	
659.0	0.9875	0.0	0.0125	0.0	0.0	0.0	0.0	0.0	0.0	1.492153	0.0	0.0	0.0	1.701868	0.69639632	500.0	0.0	
661.0	0.9884	0.0	0.0116	0.0	0.0	0.0	0.0	0.0	0.0	1.492117	0.0	0.0	0.0	1.703286	0.69756233	500.0	0.0	
663.0	0.9872	0.0	0.0128	0.0	0.0	0.0	0.0	0.0	0.0	1.49208	0.0	0.0	0.0	1.70467	0.69867838	500.0	0.0	
665.0	0.9878	0.0	0.0122	0.0	0.0	0.0	0.0	0.0	0.0	1.492043	0.0	0.0	0.0	1.706018	0.69972056	500.0	0.0	
667.0	0.9865	0.0	0.0135	0.0	0.0	0.0	0.0	0.0	0.0	1.492007	0.0	0.0	0.0	1.707169	0.70072136	500.0	0.0	
669.0	0.9894	0.0	0.0106	0.0	0.0	0.0	0.0	0.0	0.0	1.49197	0.0	0.0	0.0	1.708087	0.70168998	500.0	0.0	
671.0	0.9872	0.0	0.0128	0.0	0.0	0.0	0.0	0.0	0.0	1.491934	0.0	0.0	0.0	1.708788	0.70262607	500.0	0.0	
673.0	0.9879	0.0	0.0121	0.0	0.0	0.0	0.0	0.0	0.0	1.491897	0.0	0.0	0.0	1.709344	0.70348276	500.0	0.0	
675.0	0.9874	0.0	0.0126	0.0	0.0	0.0	0.0	0.0	0.0	1.491861	0.0	0.0	0.0	1.709664	0.70427043	500.0	0.0	
677.0	0.9865	0.0	0.0135	0.0	0.0	0.0	0.0	0.0	0.0	1.491824	0.0	0.0	0.0	1.709638	0.70502215	500.0	0.0	
679.0	0.9863	0.0	0.0137	0.0	0.0	0.0	0.0	0.0	0.0	1.491787	0.0	0.0	0.0	1.709216	0.70575701	500.0	0.0	
681.0	0.9876	0.0	0.0124	0.0	0.0	0.0	0.0	0.0	0.0	1.491751	0.0	0.0	0.0	1.708555	0.70641147	500.0	0.0	
683.0	0.9864	0.0	0.0136	0.0	0.0	0.0	0.0	0.0	0.0	1.491714	0.0	0.0	0.0	1.707608	0.70698454	500.0	0.0	
685.0	0.9854	0.0	0.0146	0.0	0.0	0.0	0.0	0.0	0.0	1.491678	0.0	0.0	0.0	1.70622	0.70751339	500.0	0.0	
687.0	0.9873	0.0	0.0127	0.0	0.0	0.0	0.0	0.0	0.0	1.491642	0.0	0.0	0.0	1.704374	0.70800459	500.0	0.0	
689.0	0.9899	0.0	0.0101	0.0	0.0	0.0	0.0	0.0	0.0	1.491607	0.0	0.0	0.0	1.702119	0.70844957	500.0	0.0	
691.0	0.9885	0.0	0.0115	0.0	0.0	0.0	0.0	0.0	0.0	1.491584	0.0	0.0	0.0	1.699484	0.708814	500.0	0.0	
693.0	0.9875	0.0	0.0125	0.0	0.0	0.0	0.0	0.0	0.0	1.491566	0.0	0.0	0.0	1.696412	0.7091031	500.0	0.0	
695.0	0.9862	0.0	0.0138	0.0	0.0	0.0	0.0	0.0	0.0	1.491547	0.0	0.0	0.0	1.692825	0.70934837	500.0	0.0	
697.0	0.9872	0.0	0.0128	0.0	0.0	0.0	0.0	0.0	0.0	1.491529	0.0	0.0	0.0	1.688677	0.70956717	500.0	0.0	
699.0	0.9845	0.0	0.0155	0.0	0.0	0.0	0.0	0.0	0.0	1.491506	0.0	0.0	0.0	1.684148	0.70970701	500.0	0.0	
701.0	0.9848	0.0	0.0152	0.0	0.0	0.0	0.0	0.0	0.0	1.491481	0.0	0.0	0.0	1.679203	0.70976123	500.0	0.0	
703.0	0.9874	0.0	0.0126	0.0	0.0	0.0	0.0	0.0	0.0	1.491448	0.0	0.0	0.0	1.673792	0.70974209	500.0	0.0	
705.0	0.9873	0.0	0.0127	0.0	0.0	0.0	0.0	0.0	0.0	1.491412	0.0	0.0	0.0	1.667853	0.70967218	500.0	0.0	
707.0	0.9855	0.0	0.0145	0.0	0.0	0.0	0.0	0.0	0.0	1.491375	0.0	0.0	0.0	1.661368	0.70957222	500.0	0.0	
709.0	0.9866	0.0	0.0134	0.0	0.0	0.0	0.0	0.0	0.0	1.491338	0.0	0.0	0.0	1.65449	0.70938456	500.0	0.0	
711.0	0.9875	0.0	0.0125	0.0	0.0	0.0	0.0	0.0	0.0	1.49131	0.0	0.0	0.0	1.647188	0.70911099	500.0	0.0	
713.0	0.9869	0.0	0.0131	0.0	0.0	0.0	0.0	0.0	0.0	1.491285	0.0	0.0	0.0	1.639386	0.70877201	500.0	0.0	
715.0	0.9881	0.0	0.0119	0.0	0.0	0.0	0.0	0.0	0.0	1.491264	0.0	0.0	0.0	1.631089	0.70838044	500.0	0.0	
717.0	0.9878	0.0	0.0122	0.0	0.0	0.0	0.0	0.0	0.0	1.491246	0.0	0.0	0.0	1.622306	0.70795391	500.0	0.0	
719.0	0.9865	0.0	0.0135	0.0	0.0	0.0	0.0	0.0	0.0	1.491228	0.0	0.0	0.0	1.613206	0.70743654	500.0	0.0	
721.0	0.9876	0.0	0.0124	0.0	0.0	0.0	0.0	0.0	0.0	1.491209	0.0	0.0	0.0	1.60378	0.70682998	500.0	0.0	
723.0	0.9871	0.0	0.0129	0.0	0.0	0.0	0.0	0.0	0.0	1.491191	0.0	0.0	0.0	1.593969	0.70615442	500.0	0.0	
725.0	0.9859	0.0	0.0141	0.0	0.0	0.0	0.0	0.0	0.0	1.491173	0.0	0.0	0.0	1.583782	0.70542396	500.0	0.0	
727.0	0.9862	0.0	0.0138	0.0	0.0	0.0	0.0	0.0	0.0	1.491155	0.0	0.0	0.0	1.573233	0.70465842	500.0	0.0	
729.0	0.986	0.0	0.014	0.0	0.0	0.0	0.0	0.0	0.0	1.491136	0.0	0.0	0.0	1.562492	0.70380516	500.0	0.0	
731.0	0.9869	0.0	0.0131	0.0	0.0	0.0	0.0	0.0	0.0	1.491116	0.0	0.0	0.0	1.551565	0.70286423	500.0	0.0	
733.0	0.9858	0.0	0.0142	0.0	0.0	0.0	0.0	0.0	0.0	1.491091	0.0	0.0	0.0	1.540428	0.70184922	500.0	0.0	
735.0	0.9891	0.0	0.0109	0.0	0.0	0.0	0.0	0.0	0.0	1.491063	0.0	0.0	0.0	1.529065	0.70078121	500.0	0.0	
737.0	0.9862	0.0	0.0138	0.0	0.0	0.0	0.0	0.0	0.0	1.491026	0.0	0.0	0.0	1.517507	0.69968053	500.0	0.0	
739.0	0.9855	0.0	0.0145	0.0	0.0	0.0	0.0	0.0	0.0	1.49099	0.0	0.0	0.0	1.505885	0.69850583	500.0	0.0	
741.0	0.9871	0.0	0.0129	0.0	0.0	0.0	0.0	0.0	0.0	1.490953	0.0	0.0	0.0	1.494241	0.69725108	500.0	0.0	
743.0	0.9881	0.0	0.0119	0.0	0.0	0.0	0.0	0.0	0.0	1.490917	0.0	0.0	0.0	1.482538	0.69592388	500.0	0.0	
745.0	0.9862	0.0	0.0138	0.0	0.0	0.0	0.0	0.0	0.0	1.490895	0.0	0.0	0.0	1.470732	0.69455775	500.0	0.0	
747.0	0.9843	0.0	0.0157	0.0	0.0	0.0	0.0	0.0	0.0	1.490872	0.0	0.0	0.0	1.458841	0.69316371	500.0	0.0	
749.0	0.9869	0.0	0.0131	0.0	0.0	0.0	0.0	0.0	0.0	1.490853	0.0	0.0	0.0	1.446998	0.69172835	500.0	0.0	
751.0	0.9864	0.0	0.0136	0.0	0.0	0.0	0.0	0.0	0.0	1.490835	0.0	0.0	0.0	1.435255	0.69022434	500.0	0.0	
753.0	0.9859	0.0	0.0141	0.0	0.0	0.0	0.0	0.0	0.0	1.490817	0.0	0.0	0.0	1.423633	0.68865611	500.0	0.0	
755.0	0.9858	0.0	0.0142	0.0	0.0	0.0	0.0	0.0	0.0	1.490798	0.0	0.0	0.0	1.412066	0.68704648	500.0	0.0	
757.0	0.9843	0.0	0.0157	0.0	0.0	0.0	0.0	0.0	0.0	1.49078	0.0	0.0	0.0	1.400572	0.68541037	500.0	0.0	
759.0	0.9864	0.0	0.0136	0.0	0.0	0.0	0.0	0.0	0.0	1.490762	0.0	0.0	0.0	1.389157	0.68376943	500.0	0.0	
761.0	0.9864	0.0	0.0136	0.0	0.0	0.0	0.0	0.0	0.0	1.490744	0.0	0.0	0.0	1.377955	0.68208081	500.0	0.0	
763.0	0.9839	0.0	0.0161	0.0	0.0	0.0	0.0	0.0	0.0	1.490725	0.0	0.0	0.0	1.366971	0.68034309	500.0	0.0	
765.0	0.9852	0.0	0.0148	0.0	0.0	0.0	0.0	0.0	0.0	1.490707	0.0	0.0	0.0	1.356178	0.67856337	500.0	0.0	
767.0	0.9853	0.0	0.0147	0.0	0.0	0.0	0.0	0.0	0.0	1.490689	0.0	0.0	0.0	1.345537	0.67676812	500.0	0.0	
769.0	0.9854	0.0	0.0146	0.0	0.0	0.0	0.0	0.0	0.0	1.49067	0.0	0.0	0.0	1.33503	0.6749728	500.0	0.0	
771.0	0.9836	0.0	0.0164	0.0	0.0	0.0	0.0	0.0	0.0	1.490652	0.0	0.0	0.0	1.324736	0.67317972	500.0	0.0	
773.0	0.9864	0.0	0.0136	0.0	0.0	0.0	0.0	0.0	0.0	1.490634	0.0	0.0	0.0	1.314711	0.67135463	500.0	0.0	
775.0	0.9851	0.0	0.0149	0.0	0.0	0.0	0.0	0.0	0.0	1.490615	0.0	0.0	0.0	1.30496	0.66950057	500.0	0.0	
777.0	0.9842	0.0	0.0158	0.0	0.0	0.0	0.0	0.0	0.0	1.490597	0.0	0.0	0.0	1.295429	0.66762746	500.0	0.0	
779.0	0.9858	0.0	0.0142	0.0	0.0	0.0	0.0	0.0	0.0	1.490579	0.0	0.0	0.0	1.286089	0.66575786	500.0	0.0	
781.0	0.9864	0.0	0.0136	0.0	0.0	0.0	0.0	0.0	0.0	1.490561	0.0	0.0	0.0	1.276919	0.66391058	500.0	0.0	
783.0	0.9855	0.0	0.0145	0.0	0.0	0.0	0.0	0.0	0.0	1.490542	0.0	0.0	0.0	1.267996	0.66207611	500.0	0.0	
785.0	0.9834	0.0	0.0166	0.0	0.0	0.0	0.0	0.0	0.0	1.490524	0.0	0.0	0.0	1.259366	0.6602279	500.0	0.0	
787.0	0.9835	0.0	0.0165	0.0	0.0	0.0	0.0	0.0	0.0	1.490506	0.0	0.0	0.0	1.251002	0.65836856	500.0	0.0	
789.0	0.9864	0.0	0.0136	0.0	0.0	0.0	0.0	0.0	0.0	1.490487	0.0	0.0	0.0	1.242875	0.65650747	500.0	0.0	
791.0	0.9842	0.0	0.0158	0.0	0.0	0.0	0.0	0.0	0.0	1.490469	0.0	0.0	0.0	1.234929	0.65466454	500.0	0.0	
793.0	0.9878	0.0	0.0122	0.0	0.0	0.0	0.0	0.0	0.0	1.490451	0.0	0.0	0.0	1.227162	0.65285777	500.0	0.0	
795.0	0.9839	0.0	0.0161	0.0	0.0	0.0	0.0	0.0	0.0	1.490433	0.0	0.0	0.0	1.219621	0.65108017	500.0	0.0	
797.0	0.9871	0.0	0.0129	0.0	0.0	0.0	0.0	0.0	0.0	1.490414	0.0	0.0	0.0	1.212359	0.64930451	500.0	0.0	
799.0	0.9828	0.0	0.0172	0.0	0.0	0.0	0.0	0.0	0.0	1.490396	0.0	0.0	0.0	1.205349	0.6475317	500.0	0.0	
801.0	0.9851	0.0	0.0149	0.0	0.0	0.0	0.0	0.0	0.0	1.490378	0.0	0.0	0.0	1.198556	0.64576745	500.0	0.0	
803.0	0.9861	0.0	0.0139	0.0	0.0	0.0	0.0	0.0	0.0	1.490359	0.0	0.0	0.0	1.191935	0.64402983	500.0	0.0	
805.0	0.983	0.0	0.017	0.0	0.0	0.0	0.0	0.0	0.0	1.490341	0.0	0.0	0.0	1.185461	0.64233355	500.0	0.0	
807.0	0.9865	0.0	0.0135	0.0	0.0	0.0	0.0	0.0	0.0	1.490323	0.0	0.0	0.0	1.179176	0.64068465	500.0	0.0	
809.0	0.9843	0.0	0.0157	0.0	0.0	0.0	0.0	0.0	0.0	1.490304	0.0	0.0	0.0	1.173129	0.63905246	500.0	0.0	
811.0	0.9855	0.0	0.0145	0.0	0.0	0.0	0.0	0.0	0.0	1.490286	0.0	0.0	0.0	1.167313	0.63743337	500.0	0.0	
813.0	0.9852	0.0	0.0148	0.0	0.0	0.0	0.0	0.0	0.0	1.490268	0.0	0.0	0.0	1.161694	0.63582939	500.0	0.0	
815.0	0.9857	0.0	0.0143	0.0	0.0	0.0	0.0	0.0	0.0	1.49025	0.0	0.0	0.0	1.156223	0.63425334	500.0	0.0	
817.0	0.9868	0.0	0.0132	0.0	0.0	0.0	0.0	0.0	0.0	1.490231	0.0	0.0	0.0	1.150884	0.63271758	500.0	0.0	
819.0	0.9847	0.0	0.0153	0.0	0.0	0.0	0.0	0.0	0.0	1.490213	0.0	0.0	0.0	1.145658	0.63123955	500.0	0.0	
821.0	0.9848	0.0	0.0152	0.0	0.0	0.0	0.0	0.0	0.0	1.490195	0.0	0.0	0.0	1.14063	0.62979646	500.0	0.0	
823.0	0.9841	0.0	0.0159	0.0	0.0	0.0	0.0	0.0	0.0	1.490176	0.0	0.0	0.0	1.135795	0.62837395	500.0	0.0	
825.0	0.9852	0.0	0.0148	0.0	0.0	0.0	0.0	0.0	0.0	1.490158	0.0	0.0	0.0	1.13114	0.62697168	500.0	0.0	
827.0	0.9833	0.0	0.0167	0.0	0.0	0.0	0.0	0.0	0.0	1.49014	0.0	0.0	0.0	1.126622	0.62559426	500.0	0.0	
829.0	0.9856	0.0	0.0144	0.0	0.0	0.0	0.0	0.0	0.0	1.490122	0.0	0.0	0.0	1.122206	0.62425453	500.0	0.0	
831.0	0.9858	0.0	0.0142	0.0	0.0	0.0	0.0	0.0	0.0	1.490103	0.0	0.0	0.0	1.117875	0.62296527	500.0	0.0	
833.0	0.9859	0.0	0.0141	0.0	0.0	0.0	0.0	0.0	0.0	1.490085	0.0	0.0	0.0	1.113647	0.6217329	500.0	0.0	
835.0	0.985	0.0	0.015	0.0	0.0	0.0	0.0	0.0	0.0	1.490067	0.0	0.0	0.0	1.109587	0.62053128	500.0	0.0	
837.0	0.9843	0.0	0.0157	0.0	0.0	0.0	0.0	0.0	0.0	1.490048	0.0	0.0	0.0	1.105674	0.61935383	500.0	0.0	
839.0	0.9827	0.0	0.0173	0.0	0.0	0.0	0.0	0.0	0.0	1.490031	0.0	0.0	0.0	1.101892	0.61820037	500.0	0.0	
841.0	0.9841	0.0	0.0159	0.0	0.0	0.0	0.0	0.0	0.0	1.490013	0.0	0.0	0.0	1.098201	0.61707647	500.0	0.0	
843.0	0.9863	0.0	0.0137	0.0	0.0	0.0	0.0	0.0	0.0	1.49	0.0	0.0	0.0	1.094566	0.61599481	500.0	0.0	
845.0	0.9848	0.0	0.0152	0.0	0.0	0.0	0.0	0.0	0.0	1.49	0.0	0.0	0.0	1.090954	0.61497311	500.0	0.0	
847.0	0.9837	0.0	0.0163	0.0	0.0	0.0	0.0	0.0	0.0	1.49	0.0	0.0	0.0	1.087421	0.61400555	500.0	0.0	
849.0	0.984	0.0	0.016	0.0	0.0	0.0	0.0	0.0	0.0	1.49	0.0	0.0	0.0	1.084017	0.61306928	500.0	0.0	
851.0	0.9832	0.0	0.0168	0.0	0.0	0.0	0.0	0.0	0.0	1.49	0.0	0.0	0.0	1.080723	0.61215873	500.0	0.0	
853.0	0.9845	0.0	0.0155	0.0	0.0	0.0	0.0	0.0	0.0	1.489995	0.0	0.0	0.0	1.077533	0.61127056	500.0	0.0	
855.0	0.9859	0.0	0.0141	0.0	0.0	0.0	0.0	0.0	0.0	1.48998	0.0	0.0	0.0	1.074423	0.61040695	500.0	0.0	
857.0	0.985	0.0	0.015	0.0	0.0	0.0	0.0	0.0	0.0	1.489965	0.0	0.0	0.0	1.071343	0.60958214	500.0	0.0	
859.0	0.9836	0.0	0.0164	0.0	0.0	0.0	0.0	0.0	0.0	1.489947	0.0	0.0	0.0	1.068292	0.60880602	500.0	0.0	
861.0	0.9846	0.0	0.0154	0.0	0.0	0.0	0.0	0.0	0.0	1.489929	0.0	0.0	0.0	1.065284	0.60808352	500.0	0.0	
863.0	0.9864	0.0	0.0136	0.0	0.0	0.0	0.0	0.0	0.0	1.489911	0.0	0.0	0.0	1.062365	0.60739466	500.0	0.0	
865.0	0.9855	0.0	0.0145	0.0	0.0	0.0	0.0	0.0	0.0	1.489892	0.0	0.0	0.0	1.05953	0.6067315	500.0	0.0	
867.0	0.9837	0.0	0.0163	0.0	0.0	0.0	0.0	0.0	0.0	1.489874	0.0	0.0	0.0	1.056756	0.60609312	500.0	0.0	
869.0	0.9836	0.0	0.0164	0.0	0.0	0.0	0.0	0.0	0.0	1.489856	0.0	0.0	0.0	1.054025	0.60548035	500.0	0.0	
871.0	0.9839	0.0	0.0161	0.0	0.0	0.0	0.0	0.0	0.0	1.489837	0.0	0.0	0.0	1.051301	0.60490156	500.0	0.0	
873.0	0.9874	0.0	0.0126	0.0	0.0	0.0	0.0	0.0	0.0	1.489823	0.0	0.0	0.0	1.048565	0.60436759	500.0	0.0	
875.0	0.9851	0.0	0.0149	0.0	0.0	0.0	0.0	0.0	0.0	1.489811	0.0	0.0	0.0	1.045825	0.60388751	500.0	0.0	
877.0	0.9872	0.0	0.0128	0.0	0.0	0.0	0.0	0.0	0.0	1.4898	0.0	0.0	0.0	1.04313	0.60344615	500.0	0.0	
879.0	0.9833	0.0	0.0167	0.0	0.0	0.0	0.0	0.0	0.0	1.4898	0.0	0.0	0.0	1.040474	0.60303513	500.0	0.0	
881.0	0.9838	0.0	0.0162	0.0	0.0	0.0	0.0	0.0	0.0	1.4898	0.0	0.0	0.0	1.037856	0.60264738	500.0	0.0	
883.0	0.9844	0.0	0.0156	0.0	0.0	0.0	0.0	0.0	0.0	1.489798	0.0	0.0	0.0	1.035268	0.60228099	500.0	0.0	
885.0	0.9843	0.0	0.0157	0.0	0.0	0.0	0.0	0.0	0.0	1.489794	0.0	0.0	0.0	1.032682	0.60193972	500.0	0.0	
887.0	0.9847	0.0	0.0153	0.0	0.0	0.0	0.0	0.0	0.0	1.48979	0.0	0.0	0.0	1.030071	0.6016324	500.0	0.0	
889.0	0.9826	0.0	0.0174	0.0	0.0	0.0	0.0	0.0	0.0	1.489773	0.0	0.0	0.0	1.027462	0.60136281	500.0	0.0	
891.0	0.9848	0.0	0.0152	0.0	0.0	0.0	0.0	0.0	0.0	1.489754	0.0	0.0	0.0	1.024849	0.60113804	500.0	0.0	
893.0	0.9833	0.0	0.0167	0.0	0.0	0.0	0.0	0.0	0.0	1.489737	0.0	0.0	0.0	1.022265	0.60094323	500.0	0.0	
895.0	0.9821	0.0	0.0179	0.0	0.0	0.0	0.0	0.0	0.0	1.48972	0.0	0.0	0.0	1.019707	0.60077061	500.0	0.0	
897.0	0.9849	0.0	0.0151	0.0	0.0	0.0	0.0	0.0	0.0	1.489703	0.0	0.0	0.0	1.017159	0.60061809	500.0	0.0	
899.0	0.9847	0.0	0.0153	0.0	0.0	0.0	0.0	0.0	0.0	1.4897	0.0	0.0	0.0	1.014578	0.60049054	500.0	0.0	
901.0	0.9844	0.0	0.0156	0.0	0.0	0.0	0.0	0.0	0.0	1.4897	0.0	0.0	0.0	1.01196	0.6003876	500.0	0.0	
903.0	0.9828	0.0	0.0172	0.0	0.0	0.0	0.0	0.0	0.0	1.4897	0.0	0.0	0.0	1.009296	0.60031495	500.0	0.0	
905.0	0.9836	0.0	0.0164	0.0	0.0	0.0	0.0	0.0	0.0	1.4897	0.0	0.0	0.0	1.006586	0.60028168	500.0	0.0	
907.0	0.9848	0.0	0.0152	0.0	0.0	0.0	0.0	0.0	0.0	1.4897	0.0	0.0	0.0	1.003856	0.60028647	500.0	0.0	
909.0	0.9835	0.0	0.0165	0.0	0.0	0.0	0.0	0.0	0.0	1.489688	0.0	0.0	0.0	1.001161	0.60031082	500.0	0.0	
911.0	0.9838	0.0	0.0162	0.0	0.0	0.0	0.0	0.0	0.0	1.489671	0.0	0.0	0.0	0.998481	0.60035122	500.0	0.0	
913.0	0.9839	0.0	0.0161	0.0	0.0	0.0	0.0	0.0	0.0	1.489653	0.0	0.0	0.0	0.995792	0.60040784	500.0	0.0	
915.0	0.9844	0.0	0.0156	0.0	0.0	0.0	0.0	0.0	0.0	1.489635	0.0	0.0	0.0	0.993084	0.60047882	500.0	0.0	
917.0	0.9834	0.0	0.0166	0.0	0.0	0.0	0.0	0.0	0.0	1.489617	0.0	0.0	0.0	0.990328	0.6005684	500.0	0.0	
919.0	0.9827	0.0	0.0173	0.0	0.0	0.0	0.0	0.0	0.0	1.489598	0.0	0.0	0.0	0.987514	0.60068191	500.0	0.0	
921.0	0.9841	0.0	0.0159	0.0	0.0	0.0	0.0	0.0	0.0	1.48958	0.0	0.0	0.0	0.984639	0.60082776	500.0	0.0	
923.0	0.9854	0.0	0.0146	0.0	0.0	0.0	0.0	0.0	0.0	1.489562	0.0	0.0	0.0	0.981721	0.60100701	500.0	0.0	
925.0	0.9838	0.0	0.0162	0.0	0.0	0.0	0.0	0.0	0.0	1.489543	0.0	0.0	0.0	0.978795	0.60120765	500.0	0.0	
927.0	0.9836	0.0	0.0164	0.0	0.0	0.0	0.0	0.0	0.0	1.489525	0.0	0.0	0.0	0.975856	0.60142286	500.0	0.0	
929.0	0.9855	0.0	0.0145	0.0	0.0	0.0	0.0	0.0	0.0	1.489509	0.0	0.0	0.0	0.972889	0.60165063	500.0	0.0	
931.0	0.9824	0.0	0.0176	0.0	0.0	0.0	0.0	0.0	0.0	1.489506	0.0	0.0	0.0	0.969865	0.60189255	500.0	0.0	
933.0	0.9854	0.0	0.0146	0.0	0.0	0.0	0.0	0.0	0.0	1.489502	0.0	0.0	0.0	0.966789	0.60214607	500.0	0.0	
935.0	0.9828	0.0	0.0172	0.0	0.0	0.0	0.0	0.0	0.0	1.4895	0.0	0.0	0.0	0.963645	0.60241552	500.0	0.0	
937.0	0.9837	0.0	0.0163	0.0	0.0	0.0	0.0	0.0	0.0	1.4895	0.0	0.0	0.0	0.960426	0.60270784	500.0	0.0	
939.0	0.9852	0.0	0.0148	0.0	0.0	0.0	0.0	0.0	0.0	1.4895	0.0	0.0	0.0	0.957142	0.60302808	500.0	0.0	
941.0	0.9828	0.0	0.0172	0.0	0.0	0.0	0.0	0.0	0.0	1.489489	0.0	0.0	0.0	0.953856	0.60336474	500.0	0.0	
943.0	0.9838	0.0	0.0162	0.0	0.0	0.0	0.0	0.0	0.0	1.489475	0.0	0.0	0.0	0.950552	0.60371265	500.0	0.0	
945.0	0.985	0.0	0.015	0.0	0.0	0.0	0.0	0.0	0.0	1.48946	0.0	0.0	0.0	0.947222	0.60406775	500.0	0.0	
947.0	0.9848	0.0	0.0152	0.0	0.0	0.0	0.0	0.0	0.0	1.489442	0.0	0.0	0.0	0.943872	0.60442572	500.0	0.0	
949.0	0.9842	0.0	0.0158	0.0	0.0	0.0	0.0	0.0	0.0	1.489424	0.0	0.0	0.0	0.940473	0.60478819	500.0	0.0	
951.0	0.9811	0.0	0.0189	0.0	0.0	0.0	0.0	0.0	0.0	1.489411	0.0	0.0	0.0	0.937001	0.60515844	500.0	0.0	
953.0	0.9818	0.0	0.0182	0.0	0.0	0.0	0.0	0.0	0.0	1.489406	0.0	0.0	0.0	0.933443	0.60554142	500.0	0.0	
955.0	0.9835	0.0	0.0165	0.0	0.0	0.0	0.0	0.0	0.0	1.489401	0.0	0.0	0.0	0.929809	0.60594161	500.0	0.0	
957.0	0.9841	0.0	0.0159	0.0	0.0	0.0	0.0	0.0	0.0	1.4894	0.0	0.0	0.0	0.926114	0.6063619	500.0	0.0	
959.0	0.9833	0.0	0.0167	0.0	0.0	0.0	0.0	0.0	0.0	1.4894	0.0	0.0	0.0	0.922382	0.60679501	500.0	0.0	
961.0	0.9838	0.0	0.0162	0.0	0.0	0.0	0.0	0.0	0.0	1.4894	0.0	0.0	0.0	0.918623	0.60723301	500.0	0.0	
963.0	0.9821	0.0	0.0179	0.0	0.0	0.0	0.0	0.0	0.0	1.4894	0.0	0.0	0.0	0.91484	0.60767081	500.0	0.0	
965.0	0.9816	0.0	0.0184	0.0	0.0	0.0	0.0	0.0	0.0	1.4894	0.0	0.0	0.0	0.91102	0.60810723	500.0	0.0	
967.0	0.9816	0.0	0.0184	0.0	0.0	0.0	0.0	0.0	0.0	1.4894	0.0	0.0	0.0	0.907152	0.60854133	500.0	0.0	
969.0	0.9836	0.0	0.0164	0.0	0.0	0.0	0.0	0.0	0.0	1.4894	0.0	0.0	0.0	0.90323	0.60897385	500.0	0.0	
971.0	0.98	0.0	0.02	0.0	0.0	0.0	0.0	0.0	0.0	1.4894	0.0	0.0	0.0	0.89924	0.60940941	500.0	0.0	
973.0	0.9806	0.0	0.0194	0.0	0.0	0.0	0.0	0.0	0.0	1.489394	0.0	0.0	0.0	0.895195	0.60985148	500.0	0.0	
975.0	0.981	0.0	0.019	0.0	0.0	0.0	0.0	0.0	0.0	1.48938	0.0	0.0	0.0	0.891116	0.61030209	500.0	0.0	
977.0	0.9819	0.0	0.0181	0.0	0.0	0.0	0.0	0.0	0.0	1.489366	0.0	0.0	0.0	0.887003	0.61075932	500.0	0.0	
979.0	0.9817	0.0	0.0183	0.0	0.0	0.0	0.0	0.0	0.0	1.489349	0.0	0.0	0.0	0.882876	0.61121432	500.0	0.0	
981.0	0.9817	0.0	0.0183	0.0	0.0	0.0	0.0	0.0	0.0	1.489331	0.0	0.0	0.0	0.878731	0.61166316	500.0	0.0	
983.0	0.9813	0.0	0.0187	0.0	0.0	0.0	0.0	0.0	0.0	1.489313	0.0	0.0	0.0	0.874554	0.61210419	500.0	0.0	
985.0	0.983	0.0	0.017	0.0	0.0	0.0	0.0	0.0	0.0	1.489307	0.0	0.0	0.0	0.870319	0.61253928	500.0	0.0	
987.0	0.9813	0.0	0.0187	0.0	0.0	0.0	0.0	0.0	0.0	1.489303	0.0	0.0	0.0	0.866033	0.61296632	500.0	0.0	
989.0	0.9805	0.0	0.0195	0.0	0.0	0.0	0.0	0.0	0.0	1.4893	0.0	0.0	0.0	0.861692	0.61338726	500.0	0.0	
991.0	0.9805	0.0	0.0195	0.0	0.0	0.0	0.0	0.0	0.0	1.4893	0.0	0.0	0.0	0.857292	0.61380708	500.0	0.0	
993.0	0.981	0.0	0.019	0.0	0.0	0.0	0.0	0.0	0.0	1.4893	0.0	0.0	0.0	0.852839	0.61423028	500.0	0.0	
995.0	0.9792	0.0	0.0208	0.0	0.0	0.0	0.0	0.0	0.0	1.489297	0.0	0.0	0.0	0.84836	0.61465472	500.0	0.0	
997.0	0.9816	0.0	0.0184	0.0	0.0	0.0	0.0	0.0	0.0	1.489281	0.0	0.0	0.0	0.843898	0.61507032	500.0	0.0	
999.0	0.9805	0.0	0.0195	0.0	0.0	0.0	0.0	0.0	0.0	1.489265	0.0	0.0	0.0	0.839422	0.61547625	500.0	0.0	
1001.0	0.9813	0.0	0.0187	0.0	0.0	0.0	0.0	0.0	0.0	1.489248	0.0	0.0	0.0	0.834933	0.61586864	500.0	0.0	
1003.0	0.9795	0.0	0.0205	0.0	0.0	0.0	0.0	0.0	0.0	1.48923	0.0	0.0	0.0	0.830432	0.61624492	500.0	0.0	
1005.0	0.9827	0.0	0.0173	0.0	0.0	0.0	0.0	0.0	0.0	1.489212	0.0	0.0	0.0	0.825903	0.61660518	500.0	0.0	
1007.0	0.9816	0.0	0.0184	0.0	0.0	0.0	0.0	0.0	0.0	1.489201	0.0	0.0	0.0	0.821327	0.61695214	500.0	0.0	
1009.0	0.9788	0.0	0.0212	0.0	0.0	0.0	0.0	0.0	0.0	1.489201	0.0	0.0	0.0	0.816693	0.61728916	500.0	0.0	
1011.0	0.9814	0.0	0.0186	0.0	0.0	0.0	0.0	0.0	0.0	1.4892	0.0	0.0	0.0	0.812018	0.61761843	500.0	0.0	
1013.0	0.9795	0.0	0.0205	0.0	0.0	0.0	0.0	0.0	0.0	1.4892	0.0	0.0	0.0	0.807313	0.61794333	500.0	0.0	
1015.0	0.9796	0.0	0.0204	0.0	0.0	0.0	0.0	0.0	0.0	1.4892	0.0	0.0	0.0	0.802596	0.61826224	500.0	0.0	
1017.0	0.9798	0.0	0.0202	0.0	0.0	0.0	0.0	0.0	0.0	1.4892	0.0	0.0	0.0	0.797876	0.61856995	500.0	0.0	
1019.0	0.9787	0.0	0.0213	0.0	0.0	0.0	0.0	0.0	0.0	1.4892	0.0	0.0	0.0	0.793162	0.61886117	500.0	0.0	
1021.0	0.9784	0.0	0.0216	0.0	0.0	0.0	0.0	0.0	0.0	1.4892	0.0	0.0	0.0	0.788448	0.61913304	500.0	0.0	
1023.0	0.9798	0.0	0.0202	0.0	0.0	0.0	0.0	0.0	0.0	1.4892	0.0	0.0	0.0	0.783731	0.61938389	500.0	0.0	
1025.0	0.9785	0.0	0.0215	0.0	0.0	0.0	0.0	0.0	0.0	1.489197	0.0	0.0	0.0	0.779013	0.61961151	500.0	0.0	
1027.0	0.9788	0.0	0.0212	0.0	0.0	0.0	0.0	0.0	0.0	1.489193	0.0	0.0	0.0	0.774283	0.61981718	500.0	0.0	
1029.0	0.9789	0.0	0.0211	0.0	0.0	0.0	0.0	0.0	0.0	1.489189	0.0	0.0	0.0	0.769532	0.62000365	500.0	0.0	
1031.0	0.9797	0.0	0.0203	0.0	0.0	0.0	0.0	0.0	0.0	1.489174	0.0	0.0	0.0	0.764783	0.62017151	500.0	0.0	
1033.0	0.9774	0.0	0.0226	0.0	0.0	0.0	0.0	0.0	0.0	1.489155	0.0	0.0	0.0	0.760024	0.62032736	500.0	0.0	
1035.0	0.9772	0.0	0.0228	0.0	0.0	0.0	0.0	0.0	0.0	1.489137	0.0	0.0	0.0	0.755261	0.62047222	500.0	0.0	
1037.0	0.9791	0.0	0.0209	0.0	0.0	0.0	0.0	0.0	0.0	1.489125	0.0	0.0	0.0	0.750503	0.62060314	500.0	0.0	
1039.0	0.9777	0.0	0.0223	0.0	0.0	0.0	0.0	0.0	0.0	1.489113	0.0	0.0	0.0	0.74576	0.62071461	500.0	0.0	
1041.0	0.9762	0.0	0.0238	0.0	0.0	0.0	0.0	0.0	0.0	1.489102	0.0	0.0	0.0	0.741031	0.6208031	500.0	0.0	
1043.0	0.9779	0.0	0.0221	0.0	0.0	0.0	0.0	0.0	0.0	1.4891	0.0	0.0	0.0	0.736303	0.62086875	500.0	0.0	
1045.0	0.9791	0.0	0.0209	0.0	0.0	0.0	0.0	0.0	0.0	1.4891	0.0	0.0	0.0	0.731581	0.62090841	500.0	0.0	
1047.0	0.9759	0.0	0.0241	0.0	0.0	0.0	0.0	0.0	0.0	1.4891	0.0	0.0	0.0	0.726863	0.62092147	500.0	0.0	
1049.0	0.9812	0.0	0.0188	0.0	0.0	0.0	0.0	0.0	0.0	1.4891	0.0	0.0	0.0	0.722148	0.6209088	500.0	0.0	
1051.0	0.977	0.0	0.023	0.0	0.0	0.0	0.0	0.0	0.0	1.4891	0.0	0.0	0.0	0.717428	0.62087365	500.0	0.0	
1053.0	0.9761	0.0	0.0239	0.0	0.0	0.0	0.0	0.0	0.0	1.4891	0.0	0.0	0.0	0.712705	0.62082017	500.0	0.0	
1055.0	0.9779	0.0	0.0221	0.0	0.0	0.0	0.0	0.0	0.0	1.4891	0.0	0.0	0.0	0.70799	0.62075098	500.0	0.0	
1057.0	0.9746	0.0	0.0254	0.0	0.0	0.0	0.0	0.0	0.0	1.4891	0.0	0.0	0.0	0.703293	0.62066549	500.0	0.0	
1059.0	0.9771	0.0	0.0229	0.0	0.0	0.0	0.0	0.0	0.0	1.4891	0.0	0.0	0.0	0.698622	0.6205601	500.0	0.0	
1061.0	0.9777	0.0	0.0223	0.0	0.0	0.0	0.0	0.0	0.0	1.489087	0.0	0.0	0.0	0.694006	0.6204274	500.0	0.0	
1063.0	0.977	0.0	0.023	0.0	0.0	0.0	0.0	0.0	0.0	1.489071	0.0	0.0	0.0	0.689423	0.62026777	500.0	0.0	
1065.0	0.9768	0.0	0.0232	0.0	0.0	0.0	0.0	0.0	0.0	1.489055	0.0	0.0	0.0	0.684865	0.62008008	500.0	0.0	
1067.0	0.9748	0.0	0.0252	0.0	0.0	0.0	0.0	0.0	0.0	1.489039	0.0	0.0	0.0	0.680334	0.61986281	500.0	0.0	
1069.0	0.9738	0.0	0.0262	0.0	0.0	0.0	0.0	0.0	0.0	1.489021	0.0	0.0	0.0	0.675821	0.61961622	500.0	0.0	
1071.0	0.9753	0.0	0.0247	0.0	0.0	0.0	0.0	0.0	0.0	1.489004	0.0	0.0	0.0	0.671319	0.61934159	500.0	0.0	
1073.0	0.9747	0.0	0.0253	0.0	0.0	0.0	0.0	0.0	0.0	1.489	0.0	0.0	0.0	0.66681	0.6190448	500.0	0.0	
1075.0	0.9747	0.0	0.0253	0.0	0.0	0.0	0.0	0.0	0.0	1.489	0.0	0.0	0.0	0.662306	0.61872755	500.0	0.0	
1077.0	0.9755	0.0	0.0245	0.0	0.0	0.0	0.0	0.0	0.0	1.489	0.0	0.0	0.0	0.657817	0.61839187	500.0	0.0	
1079.0	0.9752	0.0	0.0248	0.0	0.0	0.0	0.0	0.0	0.0	1.489	0.0	0.0	0.0	0.653358	0.61803779	500.0	0.0	
1081.0	0.9748	0.0	0.0252	0.0	0.0	0.0	0.0	0.0	0.0	1.489	0.0	0.0	0.0	0.648934	0.6176628	500.0	0.0	
1083.0	0.9727	0.0	0.0273	0.0	0.0	0.0	0.0	0.0	0.0	1.489	0.0	0.0	0.0	0.644549	0.61726379	500.0	0.0	
1085.0	0.9738	0.0	0.0262	0.0	0.0	0.0	0.0	0.0	0.0	1.489	0.0	0.0	0.0	0.640203	0.61683819	500.0	0.0	
1087.0	0.971	0.0	0.029	0.0	0.0	0.0	0.0	0.0	0.0	1.489	0.0	0.0	0.0	0.635895	0.61638434	500.0	0.0	
1089.0	0.9755	0.0	0.0245	0.0	0.0	0.0	0.0	0.0	0.0	1.489	0.0	0.0	0.0	0.631619	0.61590126	500.0	0.0	
1091.0	0.9724	0.0	0.0276	0.0	0.0	0.0	0.0	0.0	0.0	1.488997	0.0	0.0	0.0	0.627377	0.6153877	500.0	0.0	
1093.0	0.9738	0.0	0.0262	0.0	0.0	0.0	0.0	0.0	0.0	1.48899	0.0	0.0	0.0	0.623167	0.61484418	500.0	0.0	
1095.0	0.9738	0.0	0.0262	0.0	0.0	0.0	0.0	0.0	0.0	1.488982	0.0	0.0	0.0	0.618976	0.61427355	500.0	0.0	
1097.0	0.9722	0.0	0.0278	0.0	0.0	0.0	0.0	0.0	0.0	1.488972	0.0	0.0	0.0	0.61481	0.61367799	500.0	0.0	
1099.0	0.9759	0.0	0.0241	0.0	0.0	0.0	0.0	0.0	0.0	1.488954	0.0	0.0	0.0	0.610676	0.61306025	500.0	0.0	
1101.0	0.9711	0.0	0.0289	0.0	0.0	0.0	0.0	0.0	0.0	1.488936	0.0	0.0	0.0	0.60657	0.61242431	500.0	0.0	
1103.0	0.9736	0.0	0.0264	0.0	0.0	0.0	0.0	0.0	0.0	1.488921	0.0	0.0	0.0	0.602496	0.61177022	500.0	0.0	
1105.0	0.9736	0.0	0.0264	0.0	0.0	0.0	0.0	0.0	0.0	1.488914	0.0	0.0	0.0	0.598455	0.61109735	500.0	0.0	
1107.0	0.9722	0.0	0.0278	0.0	0.0	0.0	0.0	0.0	0.0	1.488907	0.0	0.0	0.0	0.594455	0.61040088	500.0	0.0	
1109.0	0.9731	0.0	0.0269	0.0	0.0	0.0	0.0	0.0	0.0	1.4889	0.0	0.0	0.0	0.590497	0.60967885	500.0	0.0	
1111.0	0.9715	0.0	0.0285	0.0	0.0	0.0	0.0	0.0	0.0	1.4889	0.0	0.0	0.0	0.586572	0.60893167	500.0	0.0	
1113.0	0.9711	0.0	0.0289	0.0	0.0	0.0	0.0	0.0	0.0	1.4889	0.0	0.0	0.0	0.582682	0.60815674	500.0	0.0	
1115.0	0.9717	0.0	0.0283	0.0	0.0	0.0	0.0	0.0	0.0	1.4889	0.0	0.0	0.0	0.578824	0.6073539	500.0	0.0	
1117.0	0.972	0.0	0.028	0.0	0.0	0.0	0.0	0.0	0.0	1.4889	0.0	0.0	0.0	0.574997	0.60652395	500.0	0.0	
1119.0	0.974	0.0	0.026	0.0	0.0	0.0	0.0	0.0	0.0	1.4889	0.0	0.0	0.0	0.571194	0.60566865	500.0	0.0	
1121.0	0.9701	0.0	0.0299	0.0	0.0	0.0	0.0	0.0	0.0	1.4889	0.0	0.0	0.0	0.567415	0.60479099	500.0	0.0	
1123.0	0.9722	0.0	0.0278	0.0	0.0	0.0	0.0	0.0	0.0	1.4889	0.0	0.0	0.0	0.563662	0.60389451	500.0	0.0	
1125.0	0.9716	0.0	0.0284	0.0	0.0	0.0	0.0	0.0	0.0	1.4889	0.0	0.0	0.0	0.55994	0.60298168	500.0	0.0	
1127.0	0.9735	0.0	0.0265	0.0	0.0	0.0	0.0	0.0	0.0	1.4889	0.0	0.0	0.0	0.556254	0.60205284	500.0	0.0	
1129.0	0.9703	0.0	0.0297	0.0	0.0	0.0	0.0	0.0	0.0	1.4889	0.0	0.0	0.0	0.552609	0.60110659	500.0	0.0	
1131.0	0.9696	0.0	0.0304	0.0	0.0	0.0	0.0	0.0	0.0	1.4889	0.0	0.0	0.0	0.549009	0.60014084	500.0	0.0	
1133.0	0.9713	0.0	0.0287	0.0	0.0	0.0	0.0	0.0	0.0	1.4889	0.0	0.0	0.0	0.545451	0.59915358	500.0	0.0	
1135.0	0.976	0.0005	0.0236	0.0	0.0	0.0	0.0	0.0	0.0005	1.488899	0.0	0.0	0.0	0.541935	0.59814309	500.0	0.0	
1137.0	0.9716	0.0025	0.0259	0.0	0.0	0.0	0.0	0.0	0.0025	1.488893	0.0	0.0	1e-06	0.538463	0.59710756	500.0	0.0	
1139.0	0.9657	0.0044	0.0299	0.0	0.0	0.0	0.0	0.0	0.0044	1.488887	0.0	0.0	2e-06	0.535024	0.59604766	500.0	0.0	
1141.0	0.9676	0.0049	0.0275	0.0	0.0	0.0	0.0	0.0	0.0049	1.488882	0.0	0.0	2e-06	0.531615	0.59496358	500.0	0.0	
1143.0	0.9618	0.01	0.0282	0.0	0.0	0.0	0.0	0.0	0.01	1.488865	0.0	0.0	5e-06	0.528248	0.59385346	500.0	0.0	
1145.0	0.9612	0.0151	0.0237	0.0	0.0	0.0	0.0	0.0	0.0151	1.488847	1e-06	0.0	7e-06	0.524906	0.59272215	500.0	0.0	
1147.0	0.9305	0.0582	0.0113	0.0	0.0	0.0	0.0	0.0	0.0582	1.488829	1e-06	2.7e-05	9e-06	0.521559	0.59157321	500.0	0.0	
1149.0	0.9529	0.0253	0.0218	0.0	0.0	0.0	0.0	0.0	0.0253	1.488819	1e-06	0.0	1.2e-05	0.518287	0.59041151	500.0	0.0	
1151.0	0.9455	0.0337	0.0208	0.0	0.0	0.0	0.0	0.0	0.0337	1.488812	1e-06	0.0	1.4e-05	0.515015	0.5892385	500.0	0.0	
1153.0	0.9465	0.0352	0.0183	0.0	0.0	0.0	0.0	0.0	0.0352	1.488804	2e-06	0.0	1.7e-05	0.511778	0.58805318	500.0	0.0	
1155.0	0.945	0.0384	0.0166	0.0	0.0	0.0	0.0	0.0	0.0384	1.4888	2e-06	0.0	2e-05	0.508577	0.58685522	500.0	1e-06	
1157.0	0.9364	0.0469	0.0166	0.0	0.0	0.0	0.0	0.0	0.0469	1.4888	2e-06	5e-06	2.2e-05	0.505409	0.58564347	500.0	1e-06	
1159.0	0.9376	0.0478	0.0146	0.0	0.0	0.0	0.0	0.0	0.0478	1.4888	3e-06	1e-06	2.5e-05	0.502287	0.58441485	500.0	1e-06	
1161.0	0.939	0.0467	0.0142	0.0	0.0	0.0	0.0	0.0	0.0467	1.4888	3e-06	1e-06	2.8e-05	0.499198	0.58316814	500.0	1e-06	
1163.0	0.9249	0.0622	0.0129	0.0	0.0	0.0	0.0	0.0	0.0622	1.4888	3e-06	3e-06	3.3e-05	0.496143	0.58190263	500.0	1e-06	
1165.0	0.9293	0.0588	0.0118	0.0	0.0	0.0	0.0	0.0	0.0588	1.4888	4e-06	1e-06	3.7e-05	0.493122	0.58061759	500.0	1e-06	
1167.0	0.9251	0.0648	0.0101	0.0	0.0	0.0	0.0	0.0	0.0648	1.4888	4e-06	1e-06	4.2e-05	0.490127	0.57931312	500.0	1e-06	
1169.0	0.9203	0.0714	0.0083	0.0	0.0	0.0	0.0	0.0	0.0714	1.4888	5e-06	0.0	4.6e-05	0.487159	0.57799028	500.0	1e-06	
1171.0	0.9143	0.0769	0.0087	0.0	0.0	0.0	0.0	0.0	0.0769	1.4888	5e-06	1e-06	5.1e-05	0.484211	0.57665079	500.0	1e-06	
1173.0	0.9082	0.0829	0.0089	0.0	0.0	0.0	0.0	0.0	0.0829	1.4888	6e-06	1e-06	5.5e-05	0.481287	0.57529726	500.0	2e-06	
1175.0	0.9115	0.0807	0.0079	0.0	0.0	0.0	0.0	0.0	0.0807	1.4888	6e-06	1e-06	5.9e-05	0.478387	0.57393286	500.0	2e-06	
1177.0	0.9077	0.0844	0.0079	0.0	0.0	0.0	0.0	0.0	0.0844	1.4888	7e-06	0.0	6.2e-05	0.475514	0.57256012	500.0	2e-06	
1179.0	0.9077	0.0854	0.0069	0.0	0.0	0.0	0.0	0.0	0.0854	1.4888	7e-06	1e-06	6.5e-05	0.472672	0.57117993	500.0	2e-06	
1181.0	0.9056	0.0883	0.0062	0.0	0.0	0.0	0.0	0.0	0.0883	1.4888	7e-06	0.0	6.8e-05	0.469864	0.56979191	500.0	2e-06	
1183.0	0.906	0.0881	0.006	0.0	0.0	0.0	0.0	0.0	0.0881	1.4888	7e-06	1e-06	6.8e-05	0.467092	0.56839511	500.0	2e-06	
1185.0	0.9024	0.091	0.0065	0.0	0.0	0.0	0.0	0.0	0.091	1.4888	7e-06	0.0	6.8e-05	0.464355	0.56698769	500.0	2e-06	
1187.0	0.8988	0.095	0.0062	0.0	0.0	0.0	0.0	0.0	0.095	1.4888	7e-06	1e-06	6.8e-05	0.461651	0.56556824	500.0	2e-06	
1189.0	0.9068	0.0858	0.0074	0.0	0.0	0.0	0.0	0.0	0.0858	1.4888	7e-06	1e-06	6.6e-05	0.458979	0.56413579	500.0	2e-06	
1191.0	0.9059	0.0857	0.0085	0.0	0.0	0.0	0.0	0.0	0.0857	1.4888	7e-06	0.0	6.3e-05	0.456336	0.56268942	500.0	2e-06	
1193.0	0.906	0.0853	0.0087	0.0	0.0	0.0	0.0	0.0	0.0853	1.4888	6e-06	0.0	6.1e-05	0.453718	0.56122855	500.0	2e-06	
1195.0	0.9078	0.083	0.0092	0.0	0.0	0.0	0.0	0.0	0.083	1.488797	6e-06	0.0	5.7e-05	0.451127	0.55975236	500.0	2e-06	
1197.0	0.9181	0.0729	0.009	0.0	0.0	0.0	0.0	0.0	0.0729	1.488781	6e-06	1e-06	5.2e-05	0.448568	0.55825915	500.0	2e-06	
1199.0	0.9172	0.072	0.0108	0.0	0.0	0.0	0.0	0.0	0.072	1.488766	5e-06	0.0	4.7e-05	0.44603	0.5567542	500.0	1e-06	
1201.0	0.9237	0.0651	0.0112	0.0	0.0	0.0	0.0	0.0	0.0651	1.48875	5e-06	0.0	4.2e-05	0.443508	0.55524014	500.0	1e-06	
1203.0	0.9265	0.0597	0.0137	0.0	0.0	0.0	0.0	0.0	0.0597	1.488736	4e-06	0.0	3.8e-05	0.441008	0.55372058	500.0	1e-06	
1205.0	0.9265	0.0611	0.0125	0.0	0.0	0.0	0.0	0.0	0.0611	1.488722	4e-06	2e-06	3.3e-05	0.438525	0.55219745	500.0	1e-06	
1207.0	0.9302	0.0556	0.0142	0.0	0.0	0.0	0.0	0.0	0.0556	1.488709	3e-06	0.0	2.8e-05	0.436075	0.55067169	500.0	1e-06	
1209.0	0.9352	0.0498	0.015	0.0	0.0	0.0	0.0	0.0	0.0498	1.4887	3e-06	0.0	2.4e-05	0.433646	0.5491449	500.0	1e-06	
1211.0	0.9439	0.0397	0.0163	0.0	0.0	0.0	0.0	0.0	0.0397	1.4887	2e-06	1e-06	2.1e-05	0.431237	0.54761768	500.0	1e-06	
1213.0	0.9427	0.0376	0.0197	0.0	0.0	0.0	0.0	0.0	0.0376	1.4887	2e-06	4e-06	1.8e-05	0.428856	0.54608564	500.0	1e-06	
1215.0	0.9456	0.0308	0.0237	0.0	0.0	0.0	0.0	0.0	0.0308	1.4887	2e-06	0.0	1.4e-05	0.42651	0.54454736	500.0	0.0	
1217.0	0.9514	0.0259	0.0228	0.0	0.0	0.0	0.0	0.0	0.0259	1.4887	1e-06	0.0	1.2e-05	0.424187	0.54300192	500.0	0.0	
1219.0	0.9479	0.0325	0.0196	0.0	0.0	0.0	0.0	0.0	0.0325	1.4887	1e-06	6e-06	1e-05	0.421882	0.54144804	500.0	0.0	
1221.0	0.959	0.017	0.0239	0.0	0.0	0.0	0.0	0.0	0.017	1.4887	1e-06	0.0	8e-06	0.419611	0.53988474	500.0	0.0	
1223.0	0.9291	0.056	0.0149	0.0	0.0	0.0	0.0	0.0	0.056	1.4887	1e-06	2.5e-05	5e-06	0.417328	0.53831222	500.0	0.0	
1225.0	0.9639	0.0082	0.0279	0.0	0.0	0.0	0.0	0.0	0.0082	1.4887	0.0	0.0	4e-06	0.415114	0.53673007	500.0	0.0	
1227.0	0.9632	0.0046	0.0322	0.0	0.0	0.0	0.0	0.0	0.0046	1.4887	0.0	0.0	2e-06	0.41289	0.5351398	500.0	0.0	
1229.0	0.9708	0.0005	0.0287	0.0	0.0	0.0	0.0	0.0	0.0005	1.4887	0.0	0.0	0.0	0.41068	0.53354313	500.0	0.0	
1231.0	0.9667	0.0	0.0333	0.0	0.0	0.0	0.0	0.0	0.0	1.4887	0.0	0.0	0.0	0.408487	0.53194286	500.0	0.0	
1233.0	0.9683	0.0	0.0317	0.0	0.0	0.0	0.0	0.0	0.0	1.4887	0.0	0.0	0.0	0.406311	0.5303413	500.0	0.0	
1235.0	0.9677	0.0	0.0323	0.0	0.0	0.0	0.0	0.0	0.0	1.4887	0.0	0.0	0.0	0.404154	0.52874043	500.0	0.0	
1237.0	0.9686	0.0	0.0314	0.0	0.0	0.0	0.0	0.0	0.0	1.4887	0.0	0.0	0.0	0.40202	0.52714133	500.0	0.0	
1239.0	0.9689	0.0	0.0311	0.0	0.0	0.0	0.0	0.0	0.0	1.4887	0.0	0.0	0.0	0.399911	0.52554405	500.0	0.0	
1241.0	0.9685	0.0	0.0315	0.0	0.0	0.0	0.0	0.0	0.0	1.4887	0.0	0.0	0.0	0.397825	0.52394764	500.0	0.0	
1243.0	0.9673	0.0	0.0327	0.0	0.0	0.0	0.0	0.0	0.0	1.4887	0.0	0.0	0.0	0.395763	0.52235094	500.0	0.0	
1245.0	0.9663	0.0	0.0337	0.0	0.0	0.0	0.0	0.0	0.0	1.4887	0.0	0.0	0.0	0.393724	0.52075295	500.0	0.0	
1247.0	0.9672	0.0	0.0328	0.0	0.0	0.0	0.0	0.0	0.0	1.4887	0.0	0.0	0.0	0.391707	0.51915225	500.0	0.0	
1249.0	0.9664	0.0	0.0336	0.0	0.0	0.0	0.0	0.0	0.0	1.4887	0.0	0.0	0.0	0.389709	0.51754768	500.0	0.0	
1251.0	0.9697	0.0	0.0303	0.0	0.0	0.0	0.0	0.0	0.0	1.488697	0.0	0.0	0.0	0.387731	0.51593734	500.0	0.0	
1253.0	0.9663	0.0	0.0337	0.0	0.0	0.0	0.0	0.0	0.0	1.488682	0.0	0.0	0.0	0.385778	0.5143183	500.0	0.0	
1255.0	0.9668	0.0	0.0332	0.0	0.0	0.0	0.0	0.0	0.0	1.488667	0.0	0.0	0.0	0.383838	0.51269396	500.0	0.0	
1257.0	0.9668	0.0	0.0332	0.0	0.0	0.0	0.0	0.0	0.0	1.488653	0.0	0.0	0.0	0.38191	0.51106499	500.0	0.0	
1259.0	0.9684	0.0	0.0316	0.0	0.0	0.0	0.0	0.0	0.0	1.488639	0.0	0.0	0.0	0.379994	0.50943329	500.0	0.0	
1261.0	0.9663	0.0	0.0337	0.0	0.0	0.0	0.0	0.0	0.0	1.488626	0.0	0.0	0.0	0.378089	0.50780073	500.0	0.0	
1263.0	0.9677	0.0	0.0323	0.0	0.0	0.0	0.0	0.0	0.0	1.488613	0.0	0.0	0.0	0.376196	0.50616938	500.0	0.0	
1265.0	0.9686	0.0	0.0314	0.0	0.0	0.0	0.0	0.0	0.0	1.4886	0.0	0.0	0.0	0.374319	0.50454149	500.0	0.0	
1267.0	0.9667	0.0	0.0333	0.0	0.0	0.0	0.0	0.0	0.0	1.4886	0.0	0.0	0.0	0.372449	0.50292274	500.0	0.0	
1269.0	0.9658	0.0	0.0342	0.0	0.0	0.0	0.0	0.0	0.0	1.4886	0.0	0.0	0.0	0.370598	0.50130912	500.0	0.0	
1271.0	0.9656	0.0	0.0344	0.0	0.0	0.0	0.0	0.0	0.0	1.4886	0.0	0.0	0.0	0.368766	0.49970032	500.0	0.0	
1273.0	0.9687	0.0	0.0313	0.0	0.0	0.0	0.0	0.0	0.0	1.4886	0.0	0.0	0.0	0.366954	0.49809559	500.0	0.0	
1275.0	0.9677	0.0	0.0323	0.0	0.0	0.0	0.0	0.0	0.0	1.4886	0.0	0.0	0.0	0.365161	0.49649384	500.0	0.0	
1277.0	0.9659	0.0	0.0341	0.0	0.0	0.0	0.0	0.0	0.0	1.4886	0.0	0.0	0.0	0.363386	0.49489367	500.0	0.0	
1279.0	0.9653	0.0	0.0347	0.0	0.0	0.0	0.0	0.0	0.0	1.4886	0.0	0.0	0.0	0.361627	0.49329386	500.0	0.0	
1281.0	0.9668	0.0	0.0332	0.0	0.0	0.0	0.0	0.0	0.0	1.4886	0.0	0.0	0.0	0.359883	0.49169352	500.0	0.0	
1283.0	0.9671	0.0	0.0329	0.0	0.0	0.0	0.0	0.0	0.0	1.4886	0.0	0.0	0.0	0.358152	0.49009161	500.0	0.0	
1285.0	0.9644	0.0	0.0356	0.0	0.0	0.0	0.0	0.0	0.0	1.4886	0.0	0.0	0.0	0.356433	0.48848751	500.0	0.0	
1287.0	0.9677	0.0	0.0323	0.0	0.0	0.0	0.0	0.0	0.0	1.4886	0.0	0.0	0.0	0.354723	0.48688116	500.0	0.0	
1289.0	0.9646	0.0	0.0354	0.0	0.0	0.0	0.0	0.0	0.0	1.4886	0.0	0.0	0.0	0.353024	0.48527333	500.0	0.0	
1291.0	0.9684	0.0	0.0316	0.0	0.0	0.0	0.0	0.0	0.0	1.4886	0.0	0.0	0.0	0.351333	0.48366497	500.0	0.0	
1293.0	0.9662	0.0	0.0338	0.0	0.0	0.0	0.0	0.0	0.0	1.4886	0.0	0.0	0.0	0.349651	0.48205791	500.0	0.0	
1295.0	0.9668	0.0	0.0332	0.0	0.0	0.0	0.0	0.0	0.0	1.4886	0.0	0.0	0.0	0.34798	0.48045435	500.0	0.0	
1297.0	0.9688	0.0	0.0312	0.0	0.0	0.0	0.0	0.0	0.0	1.4886	0.0	0.0	0.0	0.34632	0.47885636	500.0	0.0	
1299.0	0.9648	0.0	0.0352	0.0	0.0	0.0	0.0	0.0	0.0	1.4886	0.0	0.0	0.0	0.344673	0.47726524	500.0	0.0	
1301.0	0.9653	0.0	0.0347	0.0	0.0	0.0	0.0	0.0	0.0	1.4886	0.0	0.0	0.0	0.343041	0.47568173	500.0	0.0	
1303.0	0.9633	0.0	0.0367	0.0	0.0	0.0	0.0	0.0	0.0	1.4886	0.0	0.0	0.0	0.341425	0.474106	500.0	0.0	
1305.0	0.968	0.0	0.032	0.0	0.0	0.0	0.0	0.0	0.0	1.4886	0.0	0.0	0.0	0.339825	0.47253736	500.0	0.0	
1307.0	0.9667	0.0	0.0333	0.0	0.0	0.0	0.0	0.0	0.0	1.4886	0.0	0.0	0.0	0.338239	0.47097477	500.0	0.0	
1309.0	0.9668	0.0	0.0332	0.0	0.0	0.0	0.0	0.0	0.0	1.4886	0.0	0.0	0.0	0.336668	0.46941706	500.0	0.0	
1311.0	0.9651	0.0	0.0349	0.0	0.0	0.0	0.0	0.0	0.0	1.4886	0.0	0.0	0.0	0.335111	0.46786322	500.0	0.0	
1313.0	0.9669	0.0	0.0331	0.0	0.0	0.0	0.0	0.0	0.0	1.4886	0.0	0.0	0.0	0.333566	0.46631182	500.0	0.0	
1315.0	0.9638	0.0	0.0362	0.0	0.0	0.0	0.0	0.0	0.0	1.4886	0.0	0.0	0.0	0.332032	0.46476175	500.0	0.0	
1317.0	0.9668	0.0	0.0332	0.0	0.0	0.0	0.0	0.0	0.0	1.4886	0.0	0.0	0.0	0.330507	0.46321216	500.0	0.0	
1319.0	0.9637	0.0	0.0363	0.0	0.0	0.0	0.0	0.0	0.0	1.4886	0.0	0.0	0.0	0.328992	0.46166265	500.0	0.0	
1321.0	0.9624	0.0	0.0376	0.0	0.0	0.0	0.0	0.0	0.0	1.4886	0.0	0.0	0.0	0.327484	0.46011293	500.0	0.0	
1323.0	0.9663	0.0	0.0337	0.0	0.0	0.0	0.0	0.0	0.0	1.4886	0.0	0.0	0.0	0.325982	0.45856346	500.0	0.0	
1325.0	0.9649	0.0002	0.0349	0.0	0.0	0.0	0.0	0.0	0.0002	1.488599	0.0	0.0	0.0	0.324488	0.45701515	500.0	0.0	
1327.0	0.9658	0.0003	0.0339	0.0	0.0	0.0	0.0	0.0	0.0003	1.488597	0.0	0.0	0.0	0.323002	0.4554695	500.0	0.0	
1329.0	0.9651	0.0007	0.0342	0.0	0.0	0.0	0.0	0.0	0.0007	1.488594	0.0	0.0	0.0	0.321523	0.45392867	500.0	0.0	
1331.0	0.965	0.0016	0.0334	0.0	0.0	0.0	0.0	0.0	0.0016	1.488592	0.0	0.0	0.0	0.320054	0.45239448	500.0	0.0	
1333.0	0.9635	0.0022	0.0343	0.0	0.0	0.0	0.0	0.0	0.0022	1.488581	0.0	0.0	1e-06	0.318601	0.45086559	500.0	0.0	
1335.0	0.964	0.0057	0.0303	0.0	0.0	0.0	0.0	0.0	0.0057	1.488563	0.0	0.0	2e-06	0.317164	0.44934378	500.0	0.0	
1337.0	0.9592	0.0073	0.0335	0.0	0.0	0.0	0.0	0.0	0.0073	1.488545	0.0	0.0	3e-06	0.315738	0.44783104	500.0	0.0	
1339.0	0.9568	0.009	0.0341	0.0	0.0	0.0	0.0	0.0	0.009	1.488527	1e-06	0.0	5e-06	0.314325	0.44632689	500.0	0.0	
1341.0	0.9518	0.0162	0.032	0.0	0.0	0.0	0.0	0.0	0.0162	1.488519	1e-06	0.0	7e-06	0.312919	0.44483362	500.0	0.0	
1343.0	0.9425	0.0343	0.0232	0.0	0.0	0.0	0.0	0.0	0.0343	1.488513	1e-06	6e-06	1e-05	0.311516	0.44334818	500.0	0.0	
1345.0	0.9461	0.0263	0.0276	0.0	0.0	0.0	0.0	0.0	0.0263	1.488507	2e-06	0.0	1.3e-05	0.310137	0.44186817	500.0	0.0	
1347.0	0.9456	0.031	0.0235	0.0	0.0	0.0	0.0	0.0	0.031	1.4885	2e-06	0.0	1.5e-05	0.308761	0.44039287	500.0	0.0	
1349.0	0.9352	0.0437	0.0212	0.0	0.0	0.0	0.0	0.0	0.0437	1.4885	2e-06	1e-06	1.9e-05	0.307389	0.43892297	500.0	1e-06	
1351.0	0.9362	0.0446	0.0192	0.0	0.0	0.0	0.0	0.0	0.0446	1.4885	3e-06	0.0	2.3e-05	0.306029	0.43745552	500.0	1e-06	
1353.0	0.9239	0.0554	0.0208	0.0	0.0	0.0	0.0	0.0	0.0554	1.4885	3e-06	1e-06	2.7e-05	0.304671	0.43598989	500.0	1e-06	
1355.0	0.927	0.0558	0.0172	0.0	0.0	0.0	0.0	0.0	0.0558	1.4885	4e-06	0.0	3.1e-05	0.303325	0.43452541	500.0	1e-06	
1357.0	0.9228	0.0616	0.0156	0.0	0.0	0.0	0.0	0.0	0.0616	1.4885	4e-06	0.0	3.6e-05	0.30198	0.43306244	500.0	1e-06	
1359.0	0.9146	0.0686	0.0167	0.0	0.0	0.0	0.0	0.0	0.0686	1.4885	5e-06	0.0	4.1e-05	0.300641	0.43160129	500.0	1e-06	
1361.0	0.9094	0.0772	0.0134	0.0	0.0	0.0	0.0	0.0	0.0772	1.4885	6e-06	0.0	4.6e-05	0.299307	0.43014296	500.0	1e-06	
1363.0	0.9072	0.0796	0.0132	0.0	0.0	0.0	0.0	0.0	0.0796	1.4885	6e-06	0.0	5e-05	0.29798	0.42868897	500.0	1e-06	
1365.0	0.9096	0.077	0.0134	0.0	0.0	0.0	0.0	0.0	0.077	1.4885	7e-06	0.0	5.4e-05	0.296658	0.42724116	500.0	1e-06	
1367.0	0.9053	0.0852	0.0095	0.0	0.0	0.0	0.0	0.0	0.0852	1.4885	7e-06	0.0	5.7e-05	0.295345	0.42580083	500.0	1e-06	
1369.0	0.8999	0.0875	0.0126	0.0	0.0	0.0	0.0	0.0	0.0875	1.4885	7e-06	0.0	6.1e-05	0.294039	0.42436927	500.0	2e-06	
1371.0	0.895	0.0936	0.0114	0.0	0.0	0.0	0.0	0.0	0.0936	1.4885	8e-06	0.0	6.4e-05	0.292743	0.42294723	500.0	2e-06	
1373.0	0.8971	0.094	0.0088	0.0	0.0	0.0	0.0	0.0	0.094	1.4885	8e-06	0.0	6.6e-05	0.291456	0.42153502	500.0	2e-06	
1375.0	0.8915	0.097	0.0114	0.0	0.0	0.0	0.0	0.0	0.097	1.4885	8e-06	0.0	6.9e-05	0.29018	0.42013212	500.0	2e-06	
1377.0	0.8932	0.0958	0.0111	0.0	0.0	0.0	0.0	0.0	0.0958	1.4885	9e-06	0.0	7.1e-05	0.288913	0.41873788	500.0	2e-06	
1379.0	0.8903	0.1016	0.0081	0.0	0.0	0.0	0.0	0.0	0.1016	1.4885	9e-06	0.0	7.3e-05	0.287657	0.41735142	500.0	2e-06	
1381.0	0.8889	0.101	0.0101	0.0	0.0	0.0	0.0	0.0	0.101	1.4885	9e-06	0.0	7.4e-05	0.286409	0.41597175	500.0	2e-06	
1383.0	0.8909	0.1002	0.0089	0.0	0.0	0.0	0.0	0.0	0.1002	1.4885	9e-06	0.0	7.5e-05	0.285169	0.4145976	500.0	2e-06	
1385.0	0.8867	0.1031	0.0102	0.0	0.0	0.0	0.0	0.0	0.1031	1.4885	9e-06	0.0	7.6e-05	0.283938	0.41322785	500.0	2e-06	
1387.0	0.8914	0.0997	0.0089	0.0	0.0	0.0	0.0	0.0	0.0997	1.4885	9e-06	0.0	7.6e-05	0.282713	0.41186156	500.0	2e-06	
1389.0	0.8865	0.1039	0.0095	0.0	0.0	0.0	0.0	0.0	0.1039	1.4885	9e-06	0.0	7.6e-05	0.281494	0.41049796	500.0	2e-06	
1391.0	0.8907	0.1015	0.0078	0.0	0.0	0.0	0.0	0.0	0.1015	1.4885	9e-06	0.0	7.6e-05	0.28028	0.40913633	500.0	2e-06	
1393.0	0.8943	0.0979	0.0078	0.0	0.0	0.0	0.0	0.0	0.0979	1.4885	9e-06	0.0	7.5e-05	0.27907	0.40777641	500.0	2e-06	
1395.0	0.888	0.1015	0.0105	0.0	0.0	0.0	0.0	0.0	0.1015	1.4885	9e-06	0.0	7.5e-05	0.277865	0.40641846	500.0	2e-06	
1397.0	0.8915	0.1001	0.0084	0.0	0.0	0.0	0.0	0.0	0.1001	1.4885	9e-06	0.0	7.5e-05	0.276664	0.40506313	500.0	2e-06	
1399.0	0.8818	0.1092	0.0089	0.0	0.0	0.0	0.0	0.0	0.1092	1.4885	9e-06	0.0	7.5e-05	0.275467	0.40371141	500.0	2e-06	
1401.0	0.889	0.1035	0.0074	0.0	0.0	0.0	0.0	0.0	0.1035	1.4885	9e-06	0.0	7.5e-05	0.274274	0.40236472	500.0	2e-06	
1403.0	0.8856	0.1045	0.0099	0.0	0.0	0.0	0.0	0.0	0.1045	1.4885	9e-06	0.0	7.5e-05	0.273087	0.40102461	500.0	2e-06	
1405.0	0.8894	0.0993	0.0112	0.0	0.0	0.0	0.0	0.0	0.0993	1.4885	1e-05	0.0	7.6e-05	0.271906	0.39969256	500.0	2e-06	
1407.0	0.8913	0.0994	0.0093	0.0	0.0	0.0	0.0	0.0	0.0994	1.4885	1e-05	0.0	7.7e-05	0.270732	0.39836963	500.0	2e-06	
1409.0	0.8847	0.1068	0.0085	0.0	0.0	0.0	0.0	0.0	0.1068	1.4885	1e-05	0.0	7.7e-05	0.269565	0.39705649	500.0	2e-06	
1411.0	0.8861	0.1059	0.0081	0.0	0.0	0.0	0.0	0.0	0.1059	1.4885	1e-05	0.0	7.8e-05	0.268407	0.39575345	500.0	2e-06	
1413.0	0.8841	0.1052	0.0107	0.0	0.0	0.0	0.0	0.0	0.1052	1.4885	1e-05	0.0	7.9e-05	0.267256	0.39446031	500.0	2e-06	
1415.0	0.8796	0.111	0.0094	0.0	0.0	0.0	0.0	0.0	0.111	1.4885	1e-05	0.0	8e-05	0.266115	0.39317637	500.0	2e-06	
1417.0	0.8858	0.1046	0.0096	0.0	0.0	0.0	0.0	0.0	0.1046	1.4885	1e-05	0.0	8.1e-05	0.26498	0.39190082	500.0	2e-06	
1419.0	0.8842	0.1069	0.0088	0.0	0.0	0.0	0.0	0.0	0.1069	1.4885	1e-05	0.0	8.2e-05	0.263853	0.39063265	500.0	2e-06	
1421.0	0.881	0.1093	0.0097	0.0	0.0	0.0	0.0	0.0	0.1093	1.4885	1.1e-05	0.0	8.3e-05	0.262733	0.3893708	500.0	2e-06	
1423.0	0.8842	0.1064	0.0093	0.0	0.0	0.0	0.0	0.0	0.1064	1.4885	1.1e-05	0.0	8.4e-05	0.26162	0.38811405	500.0	2e-06	
1425.0	0.8797	0.1117	0.0086	0.0	0.0	0.0	0.0	0.0	0.1117	1.4885	1.1e-05	0.0	8.5e-05	0.260513	0.38686132	500.0	2e-06	
1427.0	0.8706	0.1185	0.0109	0.0	0.0	0.0	0.0	0.0	0.1185	1.488499	1.1e-05	0.0	8.5e-05	0.259411	0.38561136	500.0	2e-06	
1429.0	0.8756	0.1157	0.0087	0.0	0.0	0.0	0.0	0.0	0.1157	1.488494	1.1e-05	0.0	8.6e-05	0.258316	0.38436285	500.0	2e-06	
1431.0	0.8801	0.1121	0.0078	0.0	0.0	0.0	0.0	0.0	0.1121	1.488488	1.1e-05	0.0	8.6e-05	0.257224	0.38311617	500.0	2e-06	
1433.0	0.8836	0.1085	0.0079	0.0	0.0	0.0	0.0	0.0	0.1085	1.488483	1.1e-05	0.0	8.6e-05	0.256136	0.38187114	500.0	2e-06	
1435.0	0.873	0.1161	0.0109	0.0	0.0	0.0	0.0	0.0	0.1161	1.488476	1.1e-05	0.0	8.7e-05	0.255053	0.38062748	500.0	2e-06	
1437.0	0.8824	0.1093	0.0083	0.0	0.0	0.0	0.0	0.0	0.1093	1.488458	1.1e-05	0.0	8.6e-05	0.253978	0.37938384	500.0	2e-06	
1439.0	0.8788	0.1115	0.0097	0.0	0.0	0.0	0.0	0.0	0.1115	1.488441	1.1e-05	0.0	8.5e-05	0.252907	0.37814377	500.0	2e-06	
1441.0	0.8855	0.1054	0.0091	0.0	0.0	0.0	0.0	0.0	0.1054	1.488423	1.1e-05	0.0	8.4e-05	0.251839	0.37690858	500.0	2e-06	
1443.0	0.8808	0.1099	0.0093	0.0	0.0	0.0	0.0	0.0	0.1099	1.488406	1.1e-05	0.0	8.3e-05	0.250775	0.37567989	500.0	2e-06	
1445.0	0.8794	0.1089	0.0116	0.0	0.0	0.0	0.0	0.0	0.1089	1.488405	1e-05	0.0	8e-05	0.249709	0.37446285	500.0	2e-06	
1447.0	0.8871	0.103	0.0099	0.0	0.0	0.0	0.0	0.0	0.103	1.488403	1e-05	0.0	7.7e-05	0.248649	0.3732545	500.0	2e-06	
1449.0	0.8852	0.1059	0.0089	0.0	0.0	0.0	0.0	0.0	0.1059	1.488402	1e-05	0.0	7.4e-05	0.247595	0.37205556	500.0	2e-06	
1451.0	0.8899	0.0989	0.0112	0.0	0.0	0.0	0.0	0.0	0.0989	1.4884	9e-06	0.0	7.1e-05	0.246548	0.37086641	500.0	2e-06	
1453.0	0.8931	0.096	0.011	0.0	0.0	0.0	0.0	0.0	0.096	1.4884	9e-06	0.0	6.8e-05	0.245507	0.36968742	500.0	1e-06	
1455.0	0.8889	0.0988	0.0123	0.0	0.0	0.0	0.0	0.0	0.0988	1.4884	8e-06	0.0	6.5e-05	0.244473	0.36851776	500.0	1e-06	
1457.0	0.8969	0.0912	0.0118	0.0	0.0	0.0	0.0	0.0	0.0912	1.4884	8e-06	0.0	6.2e-05	0.243445	0.36735673	500.0	1e-06	
1459.0	0.8919	0.0926	0.0155	0.0	0.0	0.0	0.0	0.0	0.0926	1.4884	8e-06	0.0	5.9e-05	0.242424	0.36620346	500.0	1e-06	
1461.0	0.9	0.085	0.015	0.0	0.0	0.0	0.0	0.0	0.085	1.4884	7e-06	0.0	5.6e-05	0.241409	0.36505707	500.0	1e-06	
1463.0	0.9008	0.0832	0.0161	0.0	0.0	0.0	0.0	0.0	0.0832	1.4884	7e-06	0.0	5.3e-05	0.2404	0.36391639	500.0	1e-06	
1465.0	0.9022	0.083	0.0148	0.0	0.0	0.0	0.0	0.0	0.083	1.4884	6e-06	0.0	5e-05	0.239395	0.36278042	500.0	1e-06	
1467.0	0.9089	0.0752	0.016	0.0	0.0	0.0	0.0	0.0	0.0752	1.4884	6e-06	0.0	4.7e-05	0.238395	0.36164812	500.0	1e-06	
1469.0	0.9132	0.0722	0.0146	0.0	0.0	0.0	0.0	0.0	0.0722	1.4884	6e-06	0.0	4.4e-05	0.237399	0.36051877	500.0	1e-06	
1471.0	0.9117	0.0686	0.0196	0.0	0.0	0.0	0.0	0.0	0.0686	1.4884	5e-06	0.0	4.1e-05	0.236408	0.35939156	500.0	1e-06	
1473.0	0.9133	0.0646	0.0221	0.0	0.0	0.0	0.0	0.0	0.0646	1.4884	5e-06	0.0	3.9e-05	0.235418	0.35826617	500.0	1e-06	
1475.0	0.9136	0.0661	0.0204	0.0	0.0	0.0	0.0	0.0	0.0661	1.4884	5e-06	0.0	3.7e-05	0.234432	0.35714239	500.0	1e-06	
1477.0	0.9188	0.0616	0.0196	0.0	0.0	0.0	0.0	0.0	0.0616	1.4884	5e-06	0.0	3.5e-05	0.233448	0.35602049	500.0	1e-06	
1479.0	0.9196	0.0604	0.02	0.0	0.0	0.0	0.0	0.0	0.0604	1.4884	4e-06	0.0	3.3e-05	0.232469	0.35490102	500.0	1e-06	
1481.0	0.9214	0.0577	0.0209	0.0	0.0	0.0	0.0	0.0	0.0577	1.4884	4e-06	0.0	3.2e-05	0.231492	0.35378489	500.0	1e-06	
1483.0	0.9259	0.0517	0.0224	0.0	0.0	0.0	0.0	0.0	0.0517	1.4884	4e-06	0.0	3e-05	0.230519	0.35267314	500.0	1e-06	
1485.0	0.9227	0.056	0.0213	0.0	0.0	0.0	0.0	0.0	0.056	1.4884	4e-06	0.0	2.9e-05	0.229549	0.35156712	500.0	1e-06	
1487.0	0.9208	0.0556	0.0237	0.0	0.0	0.0	0.0	0.0	0.0556	1.4884	4e-06	0.0	2.8e-05	0.228582	0.35046807	500.0	1e-06	
1489.0	0.926	0.0495	0.0245	0.0	0.0	0.0	0.0	0.0	0.0495	1.4884	4e-06	0.0	2.7e-05	0.227622	0.34937683	500.0	1e-06	
1491.0	0.9261	0.0498	0.0241	0.0	0.0	0.0	0.0	0.0	0.0498	1.4884	3e-06	0.0	2.6e-05	0.226666	0.34829426	500.0	1e-06	
1493.0	0.9247	0.0473	0.028	0.0	0.0	0.0	0.0	0.0	0.0473	1.4884	3e-06	0.0	2.5e-05	0.225716	0.34722077	500.0	0.0	
1495.0	0.9271	0.0459	0.027	0.0	0.0	0.0	0.0	0.0	0.0459	1.4884	3e-06	1e-06	2.4e-05	0.22477	0.34615657	500.0	0.0	
1497.0	0.9318	0.0427	0.0255	0.0	0.0	0.0	0.0	0.0	0.0427	1.4884	3e-06	0.0	2.3e-05	0.223835	0.34510116	500.0	0.0	
1499.0	0.9354	0.0388	0.0258	0.0	0.0	0.0	0.0	0.0	0.0388	1.4884	3e-06	0.0	2.2e-05	0.222902	0.34405433	500.0	0.0	
1501.0	0.9339	0.0393	0.0268	0.0	0.0	0.0	0.0	0.0	0.0393	1.4884	3e-06	0.0	2.1e-05	0.221975	0.34301526	500.0	0.0	
1503.0	0.9342	0.0422	0.0236	0.0	0.0	0.0	0.0	0.0	0.0422	1.4884	3e-06	0.0	2e-05	0.221053	0.34198315	500.0	0.0	
1505.0	0.928	0.04	0.032	0.0	0.0	0.0	0.0	0.0	0.04	1.4884	3e-06	0.0	1.9e-05	0.220137	0.34095707	500.0	0.0	
1507.0	0.9295	0.0398	0.0307	0.0	0.0	0.0	0.0	0.0	0.0398	1.4884	3e-06	0.0	1.9e-05	0.219224	0.33993602	500.0	0.0	
1509.0	0.9385	0.0331	0.0285	0.0	0.0	0.0	0.0	0.0	0.0331	1.4884	2e-06	0.0	1.8e-05	0.218317	0.33891902	500.0	0.0	
1511.0	0.9325	0.038	0.0295	0.0	0.0	0.0	0.0	0.0	0.038	1.4884	2e-06	0.0	1.8e-05	0.217412	0.33790531	500.0	0.0	
1513.0	0.9271	0.0416	0.0312	0.0	0.0	0.0	0.0	0.0	0.0416	1.4884	2e-06	2e-06	1.7e-05	0.216509	0.33689409	500.0	0.0	
1515.0	0.9278	0.0413	0.0309	0.0	0.0	0.0	0.0	0.0	0.0413	1.4884	2e-06	3e-06	1.7e-05	0.215612	0.33588459	500.0	0.0	
1517.0	0.9355	0.0326	0.0319	0.0	0.0	0.0	0.0	0.0	0.0326	1.4884	2e-06	0.0	1.6e-05	0.214722	0.3348764	500.0	0.0	
1519.0	0.935	0.0356	0.0294	0.0	0.0	0.0	0.0	0.0	0.0356	1.4884	2e-06	0.0	1.6e-05	0.21383	0.33386973	500.0	0.0	
1521.0	0.9337	0.033	0.0334	0.0	0.0	0.0	0.0	0.0	0.033	1.4884	2e-06	0.0	1.5e-05	0.212941	0.33286457	500.0	0.0	
1523.0	0.9361	0.031	0.033	0.0	0.0	0.0	0.0	0.0	0.031	1.4884	2e-06	0.0	1.5e-05	0.212053	0.33186152	500.0	0.0	
1525.0	0.9356	0.0339	0.0305	0.0	0.0	0.0	0.0	0.0	0.0339	1.4884	2e-06	2e-06	1.5e-05	0.211168	0.33086121	500.0	0.0	
1527.0	0.9377	0.0317	0.0306	0.0	0.0	0.0	0.0	0.0	0.0317	1.4884	2e-06	0.0	1.5e-05	0.21029	0.32986442	500.0	0.0	
1529.0	0.93	0.0362	0.0338	0.0	0.0	0.0	0.0	0.0	0.0362	1.4884	2e-06	3e-06	1.5e-05	0.209409	0.32887277	500.0	0.0	
1531.0	0.9338	0.0331	0.0332	0.0	0.0	0.0	0.0	0.0	0.0331	1.4884	2e-06	1e-06	1.5e-05	0.208537	0.32788681	500.0	0.0	
1533.0	0.9315	0.0362	0.0323	0.0	0.0	0.0	0.0	0.0	0.0362	1.4884	2e-06	0.0	1.5e-05	0.207669	0.32690779	500.0	0.0	
1535.0	0.9394	0.0306	0.03	0.0	0.0	0.0	0.0	0.0	0.0306	1.4884	2e-06	0.0	1.6e-05	0.206804	0.3259367	500.0	0.0	
1537.0	0.9315	0.0376	0.0309	0.0	0.0	0.0	0.0	0.0	0.0376	1.4884	2e-06	1e-06	1.6e-05	0.205941	0.3249741	500.0	0.0	
1539.0	0.9292	0.0368	0.0339	0.0	0.0	0.0	0.0	0.0	0.0368	1.4884	2e-06	0.0	1.6e-05	0.205088	0.32402001	500.0	0.0	
1541.0	0.9324	0.0347	0.0329	0.0	0.0	0.0	0.0	0.0	0.0347	1.4884	2e-06	0.0	1.6e-05	0.204237	0.32307478	500.0	0.0	
1543.0	0.9339	0.0341	0.0319	0.0	0.0	0.0	0.0	0.0	0.0341	1.4884	2e-06	0.0	1.6e-05	0.20339	0.32213814	500.0	0.0	
1545.0	0.9345	0.0352	0.0303	0.0	0.0	0.0	0.0	0.0	0.0352	1.4884	2e-06	0.0	1.6e-05	0.202551	0.32120931	500.0	0.0	
1547.0	0.9282	0.0384	0.0335	0.0	0.0	0.0	0.0	0.0	0.0384	1.4884	2e-06	2e-06	1.7e-05	0.201712	0.32028811	500.0	0.0	
1549.0	0.9295	0.0358	0.0347	0.0	0.0	0.0	0.0	0.0	0.0358	1.4884	2e-06	0.0	1.7e-05	0.200884	0.31937313	500.0	0.0	
1551.0	0.9263	0.0375	0.0362	0.0	0.0	0.0	0.0	0.0	0.0375	1.4884	2e-06	0.0	1.7e-05	0.200058	0.31846397	500.0	0.0	
1553.0	0.9295	0.0378	0.0327	0.0	0.0	0.0	0.0	0.0	0.0378	1.4884	2e-06	0.0	1.7e-05	0.199234	0.31755968	500.0	0.0	
1555.0	0.9297	0.0372	0.0331	0.0	0.0	0.0	0.0	0.0	0.0372	1.4884	2e-06	0.0	1.8e-05	0.198416	0.31665908	500.0	0.0	
1557.0	0.9279	0.0387	0.0335	0.0	0.0	0.0	0.0	0.0	0.0387	1.4884	2e-06	0.0	1.8e-05	0.197601	0.31576153	500.0	0.0	
1559.0	0.9338	0.0351	0.0312	0.0	0.0	0.0	0.0	0.0	0.0351	1.488391	2e-06	0.0	1.8e-05	0.196792	0.31486425	500.0	0.0	
1561.0	0.9281	0.0388	0.0331	0.0	0.0	0.0	0.0	0.0	0.0388	1.488367	3e-06	0.0	1.8e-05	0.19599	0.31396566	500.0	0.0	
1563.0	0.9267	0.0398	0.0335	0.0	0.0	0.0	0.0	0.0	0.0398	1.488343	3e-06	0.0	1.8e-05	0.195193	0.31306801	500.0	0.0	
1565.0	0.9291	0.0377	0.0332	0.0	0.0	0.0	0.0	0.0	0.0377	1.488323	3e-06	0.0	1.8e-05	0.194396	0.31217229	500.0	0.0	
1567.0	0.9281	0.0403	0.0316	0.0	0.0	0.0	0.0	0.0	0.0403	1.488315	3e-06	0.0	1.8e-05	0.193597	0.31127976	500.0	0.0	
1569.0	0.9287	0.0375	0.0338	0.0	0.0	0.0	0.0	0.0	0.0375	1.488307	3e-06	0.0	1.9e-05	0.1928	0.31038838	500.0	0.0	
1571.0	0.9263	0.0418	0.0319	0.0	0.0	0.0	0.0	0.0	0.0418	1.4883	3e-06	1e-06	1.9e-05	0.192002	0.30949916	500.0	0.0	
1573.0	0.927	0.0401	0.0329	0.0	0.0	0.0	0.0	0.0	0.0401	1.4883	3e-06	0.0	1.9e-05	0.19121	0.30861349	500.0	0.0	
1575.0	0.9235	0.0403	0.0362	0.0	0.0	0.0	0.0	0.0	0.0403	1.4883	3e-06	0.0	1.9e-05	0.190419	0.30773123	500.0	0.0	
1577.0	0.9321	0.039	0.0288	0.0	0.0	0.0	0.0	0.0	0.039	1.4883	3e-06	0.0	1.9e-05	0.18963	0.30685333	500.0	0.0	
1579.0	0.9263	0.0414	0.0322	0.0	0.0	0.0	0.0	0.0	0.0414	1.4883	3e-06	0.0	1.9e-05	0.188845	0.30598079	500.0	0.0	
1581.0	0.9256	0.0414	0.033	0.0	0.0	0.0	0.0	0.0	0.0414	1.4883	3e-06	2e-06	1.9e-05	0.188059	0.30511473	500.0	0.0	
1583.0	0.9251	0.0375	0.0374	0.0	0.0	0.0	0.0	0.0	0.0375	1.4883	3e-06	0.0	1.8e-05	0.187285	0.30425527	500.0	0.0	
1585.0	0.9267	0.0395	0.0337	0.0	0.0	0.0	0.0	0.0	0.0395	1.4883	3e-06	0.0	1.9e-05	0.186511	0.30340369	500.0	0.0	
1587.0	0.9282	0.0387	0.0332	0.0	0.0	0.0	0.0	0.0	0.0387	1.4883	3e-06	0.0	1.9e-05	0.185742	0.30256008	500.0	0.0	
1589.0	0.9306	0.0363	0.0331	0.0	0.0	0.0	0.0	0.0	0.0363	1.4883	3e-06	0.0	1.9e-05	0.184975	0.30172466	500.0	0.0	
1591.0	0.924	0.043	0.033	0.0	0.0	0.0	0.0	0.0	0.043	1.4883	3e-06	0.0	1.9e-05	0.184215	0.30089708	500.0	0.0	
1593.0	0.9283	0.0364	0.0353	0.0	0.0	0.0	0.0	0.0	0.0364	1.4883	3e-06	0.0	1.9e-05	0.183461	0.30007706	500.0	0.0	
1595.0	0.9271	0.0384	0.0345	0.0	0.0	0.0	0.0	0.0	0.0384	1.4883	3e-06	0.0	1.9e-05	0.182709	0.29926426	500.0	0.0	
1597.0	0.9251	0.0378	0.0371	0.0	0.0	0.0	0.0	0.0	0.0378	1.4883	3e-06	0.0	1.9e-05	0.181961	0.29845804	500.0	0.0	
1599.0	0.9269	0.0408	0.0323	0.0	0.0	0.0	0.0	0.0	0.0408	1.4883	3e-06	0.0	2e-05	0.181217	0.29765758	500.0	0.0	
1601.0	0.9197	0.0425	0.0378	0.0	0.0	0.0	0.0	0.0	0.0425	1.4883	3e-06	0.0	2e-05	0.180478	0.29686199	500.0	0.0	
1603.0	0.9251	0.0427	0.0322	0.0	0.0	0.0	0.0	0.0	0.0427	1.4883	3e-06	0.0	2e-05	0.179742	0.29607067	500.0	0.0	
1605.0	0.9254	0.0412	0.0334	0.0	0.0	0.0	0.0	0.0	0.0412	1.4883	3e-06	0.0	2.1e-05	0.179009	0.29528273	500.0	0.0	
1607.0	0.925	0.0425	0.0325	0.0	0.0	0.0	0.0	0.0	0.0425	1.4883	3e-06	0.0	2.1e-05	0.178279	0.29449741	500.0	0.0	
1609.0	0.9211	0.0429	0.0361	0.0	0.0	0.0	0.0	0.0	0.0429	1.4883	3e-06	0.0	2.2e-05	0.177551	0.29371405	500.0	0.0	
1611.0	0.9205	0.0445	0.035	0.0	0.0	0.0	0.0	0.0	0.0445	1.4883	3e-06	0.0	2.2e-05	0.176826	0.2929321	500.0	0.0	
1613.0	0.9181	0.0465	0.0354	0.0	0.0	0.0	0.0	0.0	0.0465	1.4883	3e-06	1e-06	2.3e-05	0.176101	0.29215122	500.0	0.0	
1615.0	0.9232	0.0464	0.0304	0.0	0.0	0.0	0.0	0.0	0.0464	1.4883	3e-06	0.0	2.3e-05	0.175384	0.29137084	500.0	0.0	
1617.0	0.9171	0.0501	0.0328	0.0	0.0	0.0	0.0	0.0	0.0501	1.4883	3e-06	0.0	2.4e-05	0.174666	0.29059142	500.0	0.0	
1619.0	0.9161	0.0501	0.0338	0.0	0.0	0.0	0.0	0.0	0.0501	1.4883	4e-06	0.0	2.4e-05	0.17395	0.28981291	500.0	0.0	
1621.0	0.9184	0.0472	0.0344	0.0	0.0	0.0	0.0	0.0	0.0472	1.4883	4e-06	0.0	2.5e-05	0.173234	0.28903593	500.0	0.0	
1623.0	0.9214	0.0484	0.0302	0.0	0.0	0.0	0.0	0.0	0.0484	1.4883	4e-06	0.0	2.5e-05	0.172524	0.28826069	500.0	0.0	
1625.0	0.9161	0.0511	0.0329	0.0	0.0	0.0	0.0	0.0	0.0511	1.4883	4e-06	0.0	2.6e-05	0.171816	0.28748815	500.0	0.0	
1627.0	0.9132	0.0547	0.0321	0.0	0.0	0.0	0.0	0.0	0.0547	1.4883	4e-06	0.0	2.7e-05	0.17111	0.28671913	500.0	0.0	
1629.0	0.9161	0.0549	0.029	0.0	0.0	0.0	0.0	0.0	0.0549	1.4883	4e-06	0.0	2.7e-05	0.170407	0.28595446	500.0	0.0	
1631.0	0.9125	0.0537	0.0338	0.0	0.0	0.0	0.0	0.0	0.0537	1.4883	4e-06	0.0	2.8e-05	0.169708	0.28519491	500.0	0.0	
1633.0	0.908	0.0572	0.0348	0.0	0.0	0.0	0.0	0.0	0.0572	1.4883	4e-06	0.0	2.9e-05	0.169011	0.2844414	500.0	0.0	
1635.0	0.9114	0.0565	0.0321	0.0	0.0	0.0	0.0	0.0	0.0565	1.4883	4e-06	0.0	3e-05	0.168318	0.2836943	500.0	0.0	
1637.0	0.9084	0.0598	0.0318	0.0	0.0	0.0	0.0	0.0	0.0598	1.4883	5e-06	0.0	3.2e-05	0.16763	0.28295408	500.0	0.0	
1639.0	0.9067	0.0644	0.0288	0.0	0.0	0.0	0.0	0.0	0.0644	1.4883	5e-06	0.0	3.3e-05	0.166944	0.28222111	500.0	0.0	
1641.0	0.9042	0.0706	0.0252	0.0	0.0	0.0	0.0	0.0	0.0706	1.4883	5e-06	0.0	3.6e-05	0.166263	0.28149529	500.0	1e-06	
1643.0	0.9055	0.0697	0.0248	0.0	0.0	0.0	0.0	0.0	0.0697	1.4883	6e-06	0.0	3.9e-05	0.165585	0.28077652	500.0	1e-06	
1645.0	0.8976	0.0773	0.0251	0.0	0.0	0.0	0.0	0.0	0.0773	1.4883	6e-06	0.0	4.1e-05	0.164912	0.28006451	500.0	1e-06	
1647.0	0.8917	0.0841	0.0241	0.0	0.0	0.0	0.0	0.0	0.0841	1.4883	7e-06	0.0	4.7e-05	0.164241	0.27935869	500.0	1e-06	
1649.0	0.8899	0.0874	0.0227	0.0	0.0	0.0	0.0	0.0	0.0874	1.4883	8e-06	0.0	5.3e-05	0.163575	0.27865863	500.0	1e-06	
1651.0	0.888	0.0896	0.0224	0.0	0.0	0.0	0.0	0.0	0.0896	1.4883	9e-06	0.0	5.9e-05	0.162912	0.27796373	500.0	1e-06	
1653.0	0.8734	0.1099	0.0167	0.0	0.0	0.0	0.0	0.0	0.1099	1.4883	1e-05	0.0	7e-05	0.162252	0.27727307	500.0	1e-06	
1655.0	0.8634	0.1203	0.0163	0.0	0.0	0.0	0.0	0.0	0.1203	1.4883	1.2e-05	0.0	8.1e-05	0.161594	0.27658616	500.0	1e-06	
1657.0	0.8546	0.1308	0.0146	0.0	0.0	0.0	0.0	0.0	0.1308	1.4883	1.4e-05	0.0	9.3e-05	0.16094	0.27590234	500.0	1e-06	
1659.0	0.8395	0.1477	0.0128	0.0	0.0	0.0	0.0	0.0	0.1477	1.4883	1.6e-05	0.0	0.000111	0.160289	0.27522054	500.0	2e-06	
1661.0	0.836	0.1556	0.0085	0.0	0.0	0.0	0.0	0.0	0.1556	1.4883	1.9e-05	0.0	0.000131	0.159639	0.27454048	500.0	2e-06	
1663.0	0.819	0.173	0.008	0.0	0.0	0.0	0.0	0.0	0.173	1.4883	2.2e-05	0.0	0.000151	0.158992	0.27386175	500.0	2e-06	
1665.0	0.809	0.185	0.0061	0.0	0.0	0.0	0.0	0.0	0.185	1.4883	2.7e-05	0.0	0.000179	0.158347	0.27318344	500.0	3e-06	
1667.0	0.8011	0.1932	0.0058	0.0	0.0	0.0	0.0	0.0	0.1932	1.4883	3.1e-05	0.0	0.00021	0.157704	0.2725056	500.0	3e-06	
1669.0	0.7811	0.2145	0.0044	0.0	0.0	0.0	0.0	0.0	0.2145	1.4883	3.6e-05	0.0	0.000241	0.157062	0.27182836	500.0	4e-06	
1671.0	0.7653	0.2312	0.0035	0.0	0.0	0.0	0.0	0.0	0.2312	1.4883	4.1e-05	0.0	0.000277	0.156423	0.27115155	500.0	4e-06	
1673.0	0.7549	0.2429	0.0022	0.0	0.0	0.0	0.0	0.0	0.2429	1.4883	4.7e-05	0.0	0.000315	0.155785	0.27047549	500.0	5e-06	
1675.0	0.7441	0.2542	0.0016	0.0	0.0	0.0	0.0	0.0	0.2542	1.4883	5.3e-05	0.0	0.000353	0.15515	0.26980076	500.0	5e-06	
1677.0	0.7318	0.2672	0.001	0.0	0.0	0.0	0.0	0.0	0.2672	1.4883	5.8e-05	0.0	0.000389	0.154517	0.26912805	500.0	6e-06	
1679.0	0.7286	0.2698	0.0016	0.0	0.0	0.0	0.0	0.0	0.2698	1.4883	6.4e-05	0.0	0.000423	0.153886	0.26845801	500.0	6e-06	
1681.0	0.7172	0.2817	0.0011	0.0	0.0	0.0	0.0	0.0	0.2817	1.4883	6.9e-05	0.0	0.000457	0.153258	0.26779126	500.0	7e-06	
1683.0	0.7095	0.2895	0.001	0.0	0.0	0.0	0.0	0.0	0.2895	1.4883	7.3e-05	0.0	0.000487	0.152633	0.26712885	500.0	7e-06	
1685.0	0.7009	0.2984	0.0008	0.0	0.0	0.0	0.0	0.0	0.2984	1.4883	7.7e-05	0.0	0.000508	0.152011	0.2664717	500.0	7e-06	
1687.0	0.7052	0.2941	0.0007	0.0	0.0	0.0	0.0	0.0	0.2941	1.4883	8e-05	0.0	0.00053	0.151393	0.26581993	500.0	8e-06	
1689.0	0.692	0.3076	0.0004	0.0	0.0	0.0	0.0	0.0	0.3076	1.4883	8.3e-05	0.0	0.000548	0.150778	0.2651744	500.0	8e-06	
1691.0	0.6918	0.3078	0.0004	0.0	0.0	0.0	0.0	0.0	0.3078	1.4883	8.4e-05	0.0	0.000555	0.150167	0.26453592	500.0	8e-06	
1693.0	0.6899	0.3101	0.0	0.0	0.0	0.0	0.0	0.0	0.3101	1.4883	8.5e-05	0.0	0.000562	0.149559	0.26390403	500.0	8e-06	
1695.0	0.6871	0.3123	0.0006	0.0	0.0	0.0	0.0	0.0	0.3123	1.4883	8.6e-05	0.0	0.000567	0.148955	0.26327896	500.0	8e-06	
1697.0	0.6871	0.3126	0.0003	0.0	0.0	0.0	0.0	0.0	0.3126	1.4883	8.6e-05	0.0	0.000564	0.148354	0.26266108	500.0	8e-06	
1699.0	0.6941	0.3047	0.0012	0.0	0.0	0.0	0.0	0.0	0.3047	1.4883	8.5e-05	0.0	0.000562	0.147757	0.26204962	500.0	8e-06	
1701.0	0.6849	0.3148	0.0003	0.0	0.0	0.0	0.0	0.0	0.3148	1.4883	8.5e-05	0.0	0.000559	0.147164	0.26144428	500.0	8e-06	
1703.0	0.692	0.3072	0.0008	0.0	0.0	0.0	0.0	0.0	0.3072	1.4883	8.4e-05	0.0	0.000553	0.146574	0.26084485	500.0	8e-06	
1705.0	0.6887	0.3105	0.0009	0.0	0.0	0.0	0.0	0.0	0.3105	1.4883	8.3e-05	0.0	0.000546	0.145987	0.26025058	500.0	8e-06	
1707.0	0.6898	0.3099	0.0003	0.0	0.0	0.0	0.0	0.0	0.3099	1.4883	8.2e-05	0.0	0.00054	0.145403	0.25966087	500.0	8e-06	
1709.0	0.6919	0.3079	0.0002	0.0	0.0	0.0	0.0	0.0	0.3079	1.4883	8.2e-05	0.0	0.000536	0.144822	0.25907498	500.0	8e-06	
1711.0	0.6904	0.3087	0.0009	0.0	0.0	0.0	0.0	0.0	0.3087	1.4883	8.1e-05	0.0	0.000532	0.144243	0.25849241	500.0	8e-06	
1713.0	0.6867	0.3126	0.0008	0.0	0.0	0.0	0.0	0.0	0.3126	1.4883	8.1e-05	0.0	0.000528	0.143667	0.25791254	500.0	8e-06	
1715.0	0.6897	0.3095	0.0008	0.0	0.0	0.0	0.0	0.0	0.3095	1.4883	8.1e-05	0.0	0.000527	0.143094	0.25733456	500.0	8e-06	
1717.0	0.6963	0.3034	0.0003	0.0	0.0	0.0	0.0	0.0	0.3034	1.4883	8.1e-05	0.0	0.000526	0.142523	0.2567581	500.0	8e-06	
1719.0	0.6952	0.3041	0.0007	0.0	0.0	0.0	0.0	0.0	0.3041	1.4883	8.1e-05	0.0	0.000525	0.141953	0.25618274	500.0	8e-06	
1721.0	0.6918	0.3073	0.0009	0.0	0.0	0.0	0.0	0.0	0.3073	1.4883	8.1e-05	0.0	0.000524	0.141387	0.25560815	500.0	8e-06	
1723.0	0.6874	0.3115	0.0011	0.0	0.0	0.0	0.0	0.0	0.3115	1.4883	8e-05	0.0	0.000522	0.140822	0.25503404	500.0	7e-06	
1725.0	0.6893	0.3098	0.0009	0.0	0.0	0.0	0.0	0.0	0.3098	1.4883	8e-05	0.0	0.000521	0.140259	0.25446026	500.0	7e-06	
1727.0	0.7005	0.2991	0.0004	0.0	0.0	0.0	0.0	0.0	0.2991	1.4883	8e-05	0.0	0.000516	0.139698	0.25388706	500.0	7e-06	
1729.0	0.6933	0.3057	0.0011	0.0	0.0	0.0	0.0	0.0	0.3057	1.4883	7.9e-05	0.0	0.000511	0.139139	0.25331444	500.0	7e-06	
1731.0	0.6926	0.3066	0.0008	0.0	0.0	0.0	0.0	0.0	0.3066	1.4883	7.8e-05	0.0	0.000505	0.138582	0.25274261	500.0	7e-06	
1733.0	0.6989	0.3002	0.001	0.0	0.0	0.0	0.0	0.0	0.3002	1.4883	7.7e-05	0.0	0.000497	0.138027	0.25217219	500.0	7e-06	
1735.0	0.7027	0.2966	0.0007	0.0	0.0	0.0	0.0	0.0	0.2966	1.4883	7.6e-05	0.0	0.000487	0.137474	0.25160363	500.0	7e-06	
1737.0	0.6999	0.2988	0.0012	0.0	0.0	0.0	0.0	0.0	0.2988	1.4883	7.4e-05	0.0	0.000477	0.136924	0.25103738	500.0	7e-06	
1739.0	0.6992	0.2996	0.0012	0.0	0.0	0.0	0.0	0.0	0.2996	1.4883	7.2e-05	0.0	0.000466	0.136376	0.2504742	500.0	7e-06	
1741.0	0.7071	0.2916	0.0012	0.0	0.0	0.0	0.0	0.0	0.2916	1.4883	7.1e-05	0.0	0.000454	0.13583	0.24991472	500.0	6e-06	
1743.0	0.7152	0.284	0.0008	0.0	0.0	0.0	0.0	0.0	0.284	1.4883	6.9e-05	0.0	0.000443	0.135287	0.24935953	500.0	6e-06	
1745.0	0.7126	0.2866	0.0008	0.0	0.0	0.0	0.0	0.0	0.2866	1.4883	6.7e-05	0.0	0.000431	0.134746	0.2488092	500.0	6e-06	
1747.0	0.7061	0.2922	0.0017	0.0	0.0	0.0	0.0	0.0	0.2922	1.4883	6.5e-05	0.0	0.000419	0.134209	0.24826424	500.0	6e-06	
1749.0	0.717	0.2812	0.0017	0.0	0.0	0.0	0.0	0.0	0.2812	1.4883	6.4e-05	0.0	0.000408	0.133674	0.24772506	500.0	6e-06	
1751.0	0.7191	0.2793	0.0016	0.0	0.0	0.0	0.0	0.0	0.2793	1.4883	6.2e-05	0.0	0.000396	0.133142	0.24719191	500.0	6e-06	
1753.0	0.726	0.2723	0.0017	0.0	0.0	0.0	0.0	0.0	0.2723	1.4883	6e-05	0.0	0.000384	0.132612	0.24666496	500.0	5e-06	
1755.0	0.7246	0.2733	0.0021	0.0	0.0	0.0	0.0	0.0	0.2733	1.4883	5.8e-05	0.0	0.000373	0.132086	0.24614422	500.0	5e-06	
1757.0	0.7242	0.2734	0.0024	0.0	0.0	0.0	0.0	0.0	0.2734	1.488296	5.7e-05	0.0	0.000361	0.131564	0.24562859	500.0	5e-06	
1759.0	0.7326	0.2637	0.0037	0.0	0.0	0.0	0.0	0.0	0.2637	1.488277	5.5e-05	0.0	0.000348	0.131047	0.24511474	500.0	5e-06	
1761.0	0.7391	0.2579	0.0031	0.0	0.0	0.0	0.0	0.0	0.2579	1.488258	5.3e-05	0.0	0.000335	0.130534	0.24460643	500.0	5e-06	
1763.0	0.7365	0.2593	0.0042	0.0	0.0	0.0	0.0	0.0	0.2593	1.488239	5.1e-05	0.0	0.000322	0.130023	0.24410347	500.0	5e-06	
1765.0	0.7392	0.2569	0.0038	0.0	0.0	0.0	0.0	0.0	0.2569	1.488226	4.9e-05	0.0	0.000309	0.129513	0.24360683	500.0	4e-06	
1767.0	0.7427	0.2534	0.0039	0.0	0.0	0.0	0.0	0.0	0.2534	1.488213	4.7e-05	0.0	0.000296	0.129006	0.24311439	500.0	4e-06	
1769.0	0.759	0.2365	0.0044	0.0	0.0	0.0	0.0	0.0	0.2365	1.4882	4.5e-05	0.0	0.000282	0.128502	0.24262559	500.0	4e-06	
1771.0	0.7533	0.2416	0.0051	0.0	0.0	0.0	0.0	0.0	0.2416	1.4882	4.3e-05	0.0	0.00027	0.127998	0.24214334	500.0	4e-06	
1773.0	0.7599	0.234	0.0061	0.0	0.0	0.0	0.0	0.0	0.234	1.4882	4.1e-05	0.0	0.000258	0.127496	0.24166366	500.0	4e-06	
1775.0	0.7668	0.2264	0.0067	0.0	0.0	0.0	0.0	0.0	0.2264	1.4882	3.9e-05	0.0	0.000246	0.126996	0.241186	500.0	4e-06	
1777.0	0.7704	0.2237	0.0059	0.0	0.0	0.0	0.0	0.0	0.2237	1.4882	3.8e-05	0.0	0.000238	0.126497	0.24070961	500.0	3e-06	
1779.0	0.7656	0.228	0.0064	0.0	0.0	0.0	0.0	0.0	0.228	1.4882	3.6e-05	0.0	0.000229	0.126001	0.2402343	500.0	3e-06	
1781.0	0.7713	0.2234	0.0054	0.0	0.0	0.0	0.0	0.0	0.2234	1.4882	3.5e-05	0.0	0.000221	0.125507	0.23975975	500.0	3e-06	
1783.0	0.7705	0.221	0.0086	0.0	0.0	0.0	0.0	0.0	0.221	1.4882	3.4e-05	0.0	0.000216	0.125014	0.23928538	500.0	3e-06	
1785.0	0.769	0.2236	0.0074	0.0	0.0	0.0	0.0	0.0	0.2236	1.4882	3.4e-05	0.0	0.000212	0.124523	0.23881125	500.0	3e-06	
1787.0	0.7844	0.2078	0.0078	0.0	0.0	0.0	0.0	0.0	0.2078	1.4882	3.3e-05	0.0	0.000208	0.124034	0.2383374	500.0	3e-06	
1789.0	0.7777	0.2132	0.0091	0.0	0.0	0.0	0.0	0.0	0.2132	1.4882	3.3e-05	0.0	0.000205	0.123546	0.2378637	500.0	3e-06	
1791.0	0.7813	0.2115	0.0072	0.0	0.0	0.0	0.0	0.0	0.2115	1.4882	3.3e-05	0.0	0.000204	0.12306	0.23739043	500.0	3e-06	
1793.0	0.784	0.2066	0.0094	0.0	0.0	0.0	0.0	0.0	0.2066	1.4882	3.2e-05	0.0	0.000202	0.122576	0.23691793	500.0	3e-06	
1795.0	0.7826	0.2104	0.007	0.0	0.0	0.0	0.0	0.0	0.2104	1.4882	3.2e-05	0.0	0.000201	0.122094	0.23644655	500.0	3e-06	
1797.0	0.7848	0.2069	0.0083	0.0	0.0	0.0	0.0	0.0	0.2069	1.4882	3.2e-05	0.0	0.0002	0.121613	0.23597676	500.0	3e-06	
1799.0	0.7868	0.2046	0.0086	0.0	0.0	0.0	0.0	0.0	0.2046	1.4882	3.2e-05	0.0	0.000199	0.121134	0.2355091	500.0	3e-06	
1801.0	0.7825	0.2091	0.0084	0.0	0.0	0.0	0.0	0.0	0.2091	1.4882	3.2e-05	0.0	0.000198	0.120658	0.23504413	500.0	3e-06	
1803.0	0.7823	0.2092	0.0085	0.0	0.0	0.0	0.0	0.0	0.2092	1.4882	3.2e-05	0.0	0.000197	0.120183	0.23458242	500.0	3e-06	
1805.0	0.7735	0.2166	0.0099	0.0	0.0	0.0	0.0	0.0	0.2166	1.4882	3.2e-05	0.0	0.000196	0.119711	0.2341245	500.0	3e-06	
1807.0	0.7858	0.2047	0.0095	0.0	0.0	0.0	0.0	0.0	0.2047	1.4882	3.1e-05	0.0	0.000194	0.11924	0.23367092	500.0	3e-06	
1809.0	0.7877	0.2039	0.0084	0.0	0.0	0.0	0.0	0.0	0.2039	1.4882	3.1e-05	0.0	0.000192	0.118773	0.23322214	500.0	3e-06	
1811.0	0.7847	0.2057	0.0096	0.0	0.0	0.0	0.0	0.0	0.2057	1.4882	3.1e-05	0.0	0.000191	0.118308	0.23277847	500.0	3e-06	
1813.0	0.7851	0.2038	0.0111	0.0	0.0	0.0	0.0	0.0	0.2038	1.4882	3.1e-05	0.0	0.000189	0.117845	0.23234019	500.0	3e-06	
1815.0	0.7879	0.2009	0.0112	0.0	0.0	0.0	0.0	0.0	0.2009	1.4882	3e-05	0.0	0.000187	0.117384	0.23190749	500.0	3e-06	
1817.0	0.7858	0.2039	0.0103	0.0	0.0	0.0	0.0	0.0	0.2039	1.4882	3e-05	0.0	0.000184	0.116927	0.2314804	500.0	3e-06	
1819.0	0.7897	0.1977	0.0126	0.0	0.0	0.0	0.0	0.0	0.1977	1.4882	3e-05	0.0	0.000182	0.116472	0.23105892	500.0	3e-06	
1821.0	0.7878	0.2021	0.0101	0.0	0.0	0.0	0.0	0.0	0.2021	1.4882	2.9e-05	0.0	0.00018	0.116019	0.23064295	500.0	3e-06	
1823.0	0.7821	0.2059	0.012	0.0	0.0	0.0	0.0	0.0	0.2059	1.4882	2.9e-05	0.0	0.000178	0.115569	0.23023225	500.0	3e-06	
1825.0	0.788	0.1984	0.0137	0.0	0.0	0.0	0.0	0.0	0.1984	1.4882	2.9e-05	0.0	0.000175	0.115121	0.22982652	500.0	3e-06	
1827.0	0.7938	0.1936	0.0126	0.0	0.0	0.0	0.0	0.0	0.1936	1.4882	2.8e-05	0.0	0.000171	0.114676	0.22942552	500.0	3e-06	
1829.0	0.7906	0.196	0.0135	0.0	0.0	0.0	0.0	0.0	0.196	1.4882	2.7e-05	0.0	0.000168	0.114233	0.22902873	500.0	3e-06	
1831.0	0.8005	0.1867	0.0128	0.0	0.0	0.0	0.0	0.0	0.1867	1.4882	2.7e-05	0.0	0.000164	0.113793	0.22863571	500.0	2e-06	
1833.0	0.7974	0.19	0.0126	0.0	0.0	0.0	0.0	0.0	0.19	1.4882	2.6e-05	0.0	0.00016	0.113354	0.22824605	500.0	2e-06	
1835.0	0.793	0.1935	0.0136	0.0	0.0	0.0	0.0	0.0	0.1935	1.4882	2.6e-05	0.0	0.000156	0.112918	0.22785921	500.0	2e-06	
1837.0	0.7971	0.1886	0.0143	0.0	0.0	0.0	0.0	0.0	0.1886	1.4882	2.5e-05	0.0	0.000152	0.112484	0.22747472	500.0	2e-06	
1839.0	0.8029	0.1825	0.0146	0.0	0.0	0.0	0.0	0.0	0.1825	1.4882	2.4e-05	0.0	0.000148	0.112051	0.22709217	500.0	2e-06	
1841.0	0.8026	0.1814	0.016	0.0	0.0	0.0	0.0	0.0	0.1814	1.4882	2.4e-05	0.0	0.000143	0.111621	0.22671109	500.0	2e-06	
1843.0	0.8059	0.1798	0.0143	0.0	0.0	0.0	0.0	0.0	0.1798	1.4882	2.3e-05	0.0	0.000139	0.111192	0.22633112	500.0	2e-06	
1845.0	0.807	0.1763	0.0166	0.0	0.0	0.0	0.0	0.0	0.1763	1.4882	2.2e-05	0.0	0.000135	0.110765	0.22595185	500.0	2e-06	
1847.0	0.8056	0.1766	0.0178	0.0	0.0	0.0	0.0	0.0	0.1766	1.4882	2.2e-05	0.0	0.000132	0.11034	0.22557307	500.0	2e-06	
1849.0	0.8147	0.1679	0.0174	0.0	0.0	0.0	0.0	0.0	0.1679	1.4882	2.1e-05	0.0	0.000128	0.109916	0.22519465	500.0	2e-06	
1851.0	0.8162	0.1652	0.0187	0.0	0.0	0.0	0.0	0.0	0.1652	1.4882	2.1e-05	0.0	0.000126	0.109494	0.2248164	500.0	2e-06	
1853.0	0.8108	0.1688	0.0204	0.0	0.0	0.0	0.0	0.0	0.1688	1.4882	2e-05	0.0	0.000123	0.109073	0.22443835	500.0	2e-06	
1855.0	0.8102	0.1675	0.0223	0.0	0.0	0.0	0.0	0.0	0.1675	1.4882	2e-05	0.0	0.000121	0.108654	0.22406067	500.0	2e-06	
1857.0	0.8172	0.1606	0.0222	0.0	0.0	0.0	0.0	0.0	0.1606	1.4882	2e-05	0.0	0.00012	0.108236	0.22368346	500.0	2e-06	
1859.0	0.8132	0.1662	0.0206	0.0	0.0	0.0	0.0	0.0	0.1662	1.4882	2e-05	0.0	0.000118	0.10782	0.22330702	500.0	2e-06	
1861.0	0.8086	0.1686	0.0229	0.0	0.0	0.0	0.0	0.0	0.1686	1.4882	1.9e-05	0.0	0.000117	0.107406	0.22293172	500.0	2e-06	
1863.0	0.8182	0.1615	0.0203	0.0	0.0	0.0	0.0	0.0	0.1615	1.4882	1.9e-05	0.0	0.000116	0.106993	0.22255786	500.0	2e-06	
1865.0	0.8136	0.1643	0.0221	0.0	0.0	0.0	0.0	0.0	0.1643	1.4882	1.9e-05	0.0	0.000117	0.106581	0.22218589	500.0	2e-06	
1867.0	0.818	0.1621	0.0199	0.0	0.0	0.0	0.0	0.0	0.1621	1.4882	2e-05	0.0	0.000117	0.106172	0.22181638	500.0	2e-06	
1869.0	0.8189	0.1608	0.0204	0.0	0.0	0.0	0.0	0.0	0.1608	1.4882	2e-05	0.0	0.000118	0.105764	0.22144974	500.0	2e-06	
1871.0	0.8169	0.161	0.0221	0.0	0.0	0.0	0.0	0.0	0.161	1.4882	2e-05	0.0	0.00012	0.105358	0.2210864	500.0	2e-06	
1873.0	0.8128	0.1655	0.0217	0.0	0.0	0.0	0.0	0.0	0.1655	1.4882	2e-05	0.0	0.000122	0.104954	0.22072696	500.0	2e-06	
1875.0	0.8117	0.169	0.0192	0.0	0.0	0.0	0.0	0.0	0.169	1.4882	2.1e-05	0.0	0.000124	0.104551	0.22037178	500.0	2e-06	
1877.0	0.8061	0.1736	0.0203	0.0	0.0	0.0	0.0	0.0	0.1736	1.4882	2.1e-05	0.0	0.000127	0.104151	0.22002117	500.0	2e-06	
1879.0	0.8064	0.1742	0.0193	0.0	0.0	0.0	0.0	0.0	0.1742	1.4882	2.2e-05	0.0	0.00013	0.103753	0.21967547	500.0	2e-06	
1881.0	0.8036	0.1765	0.0199	0.0	0.0	0.0	0.0	0.0	0.1765	1.4882	2.2e-05	0.0	0.000134	0.103357	0.21933489	500.0	2e-06	
1883.0	0.8025	0.1811	0.0163	0.0	0.0	0.0	0.0	0.0	0.1811	1.4882	2.3e-05	0.0	0.000138	0.102963	0.21899941	500.0	2e-06	
1885.0	0.7899	0.1916	0.0185	0.0	0.0	0.0	0.0	0.0	0.1916	1.4882	2.4e-05	0.0	0.000143	0.102571	0.21866923	500.0	2e-06	
1887.0	0.7914	0.1917	0.0168	0.0	0.0	0.0	0.0	0.0	0.1917	1.4882	2.5e-05	0.0	0.000147	0.102182	0.21834428	500.0	2e-06	
1889.0	0.795	0.1879	0.0171	0.0	0.0	0.0	0.0	0.0	0.1879	1.4882	2.6e-05	0.0	0.000154	0.101794	0.21802426	500.0	2e-06	
1891.0	0.7859	0.1996	0.0145	0.0	0.0	0.0	0.0	0.0	0.1996	1.4882	2.7e-05	0.0	0.00016	0.101409	0.21770919	500.0	3e-06	
1893.0	0.7782	0.2046	0.0172	0.0	0.0	0.0	0.0	0.0	0.2046	1.4882	2.8e-05	0.0	0.000166	0.101025	0.21739879	500.0	3e-06	
1895.0	0.7742	0.2119	0.0138	0.0	0.0	0.0	0.0	0.0	0.2119	1.4882	2.9e-05	0.0	0.000173	0.100644	0.2170927	500.0	3e-06	
1897.0	0.7767	0.2086	0.0146	0.0	0.0	0.0	0.0	0.0	0.2086	1.4882	3e-05	0.0	0.00018	0.100264	0.2167906	500.0	3e-06	
1899.0	0.7715	0.2142	0.0143	0.0	0.0	0.0	0.0	0.0	0.2142	1.4882	3.2e-05	0.0	0.000186	0.099887	0.21649213	500.0	3e-06	
1901.0	0.7666	0.2202	0.0132	0.0	0.0	0.0	0.0	0.0	0.2202	1.4882	3.3e-05	0.0	0.000192	0.099511	0.21619702	500.0	3e-06	
1903.0	0.7649	0.2199	0.0152	0.0	0.0	0.0	0.0	0.0	0.2199	1.4882	3.4e-05	0.0	0.000198	0.099138	0.2159047	500.0	3e-06	
1905.0	0.7608	0.2267	0.0125	0.0	0.0	0.0	0.0	0.0	0.2267	1.4882	3.5e-05	0.0	0.000203	0.098766	0.21561473	500.0	3e-06	
1907.0	0.755	0.2304	0.0146	0.0	0.0	0.0	0.0	0.0	0.2304	1.4882	3.5e-05	0.0	0.000207	0.098395	0.21532693	500.0	3e-06	
1909.0	0.7577	0.2316	0.0107	0.0	0.0	0.0	0.0	0.0	0.2316	1.4882	3.6e-05	0.0	0.00021	0.098027	0.21504073	500.0	3e-06	
1911.0	0.7539	0.2335	0.0126	0.0	0.0	0.0	0.0	0.0	0.2335	1.4882	3.6e-05	0.0	0.000213	0.09766	0.2147557	500.0	4e-06	
1913.0	0.7569	0.2319	0.0112	0.0	0.0	0.0	0.0	0.0	0.2319	1.4882	3.7e-05	0.0	0.000214	0.097295	0.21447183	500.0	4e-06	
1915.0	0.7529	0.236	0.0112	0.0	0.0	0.0	0.0	0.0	0.236	1.4882	3.7e-05	0.0	0.000214	0.096931	0.21418869	500.0	4e-06	
1917.0	0.7565	0.232	0.0114	0.0	0.0	0.0	0.0	0.0	0.232	1.4882	3.7e-05	0.0	0.000214	0.096569	0.21390589	500.0	4e-06	
1919.0	0.7524	0.235	0.0126	0.0	0.0	0.0	0.0	0.0	0.235	1.4882	3.6e-05	0.0	0.000212	0.096208	0.2136235	500.0	4e-06	
1921.0	0.7551	0.2324	0.0125	0.0	0.0	0.0	0.0	0.0	0.2324	1.4882	3.6e-05	0.0	0.00021	0.095848	0.21334136	500.0	4e-06	
1923.0	0.7554	0.2315	0.0131	0.0	0.0	0.0	0.0	0.0	0.2315	1.4882	3.6e-05	0.0	0.000207	0.09549	0.21305932	500.0	4e-06	
1925.0	0.752	0.2336	0.0143	0.0	0.0	0.0	0.0	0.0	0.2336	1.4882	3.5e-05	0.0	0.000205	0.095133	0.21277738	500.0	4e-06	
1927.0	0.7597	0.2269	0.0134	0.0	0.0	0.0	0.0	0.0	0.2269	1.4882	3.5e-05	0.0	0.000203	0.094778	0.21249569	500.0	3e-06	
1929.0	0.7615	0.2246	0.0139	0.0	0.0	0.0	0.0	0.0	0.2246	1.4882	3.5e-05	0.0	0.000201	0.094424	0.21221448	500.0	3e-06	
1931.0	0.7575	0.2277	0.0148	0.0	0.0	0.0	0.0	0.0	0.2277	1.4882	3.4e-05	0.0	0.000199	0.094071	0.21193396	500.0	3e-06	
1933.0	0.7558	0.2308	0.0135	0.0	0.0	0.0	0.0	0.0	0.2308	1.4882	3.4e-05	0.0	0.000199	0.09372	0.21165441	500.0	3e-06	
1935.0	0.7574	0.2297	0.0129	0.0	0.0	0.0	0.0	0.0	0.2297	1.4882	3.4e-05	0.0	0.000198	0.09337	0.21137632	500.0	3e-06	
1937.0	0.7609	0.2255	0.0137	0.0	0.0	0.0	0.0	0.0	0.2255	1.4882	3.4e-05	0.0	0.000197	0.093021	0.21110003	500.0	3e-06	
1939.0	0.7586	0.2253	0.0162	0.0	0.0	0.0	0.0	0.0	0.2253	1.4882	3.4e-05	0.0	0.000197	0.092674	0.21082593	500.0	3e-06	
1941.0	0.7621	0.2226	0.0153	0.0	0.0	0.0	0.0	0.0	0.2226	1.4882	3.4e-05	0.0	0.000198	0.092329	0.21055453	500.0	3e-06	
1943.0	0.7569	0.2271	0.016	0.0	0.0	0.0	0.0	0.0	0.2271	1.4882	3.4e-05	0.0	0.000198	0.091985	0.21028625	500.0	3e-06	
1945.0	0.7544	0.2317	0.0138	0.0	0.0	0.0	0.0	0.0	0.2317	1.4882	3.4e-05	0.0	0.000198	0.091643	0.21002147	500.0	3e-06	
1947.0	0.7643	0.2207	0.015	0.0	0.0	0.0	0.0	0.0	0.2207	1.4882	3.5e-05	0.0	0.000199	0.091302	0.20976058	500.0	3e-06	
1949.0	0.7521	0.2312	0.0166	0.0	0.0	0.0	0.0	0.0	0.2312	1.4882	3.5e-05	0.0	0.000199	0.090963	0.20950394	500.0	4e-06	
1951.0	0.7629	0.2204	0.0167	0.0	0.0	0.0	0.0	0.0	0.2204	1.4882	3.4e-05	0.0	0.000197	0.090626	0.20925206	500.0	3e-06	
1953.0	0.761	0.2227	0.0163	0.0	0.0	0.0	0.0	0.0	0.2227	1.4882	3.4e-05	0.0	0.000196	0.090291	0.20900488	500.0	3e-06	
1955.0	0.7599	0.2254	0.0147	0.0	0.0	0.0	0.0	0.0	0.2254	1.4882	3.4e-05	0.0	0.000194	0.089958	0.20876256	500.0	3e-06	
1957.0	0.7567	0.2271	0.0162	0.0	0.0	0.0	0.0	0.0	0.2271	1.4882	3.3e-05	0.0	0.000191	0.089626	0.20852543	500.0	3e-06	
1959.0	0.7689	0.2156	0.0156	0.0	0.0	0.0	0.0	0.0	0.2156	1.4882	3.3e-05	0.0	0.000188	0.089296	0.20829326	500.0	3e-06	
1961.0	0.762	0.2214	0.0165	0.0	0.0	0.0	0.0	0.0	0.2214	1.4882	3.2e-05	0.0	0.000185	0.088968	0.208066	500.0	3e-06	
1963.0	0.7529	0.2297	0.0174	0.0	0.0	0.0	0.0	0.0	0.2297	1.4882	3.2e-05	0.0	0.000181	0.088642	0.20784361	500.0	3e-06	
1965.0	0.7755	0.2081	0.0164	0.0	0.0	0.0	0.0	0.0	0.2081	1.4882	3.1e-05	0.0	0.000178	0.088317	0.20762588	500.0	3e-06	
1967.0	0.7618	0.2172	0.021	0.0	0.0	0.0	0.0	0.0	0.2172	1.4882	3.1e-05	0.0	0.000174	0.087995	0.20741258	500.0	3e-06	
1969.0	0.7642	0.2147	0.0211	0.0	0.0	0.0	0.0	0.0	0.2147	1.4882	3e-05	0.0	0.000171	0.087673	0.20720342	500.0	3e-06	
1971.0	0.7726	0.209	0.0184	0.0	0.0	0.0	0.0	0.0	0.209	1.4882	3e-05	0.0	0.000168	0.087354	0.20699811	500.0	3e-06	
1973.0	0.769	0.2086	0.0224	0.0	0.0	0.0	0.0	0.0	0.2086	1.4882	2.9e-05	0.0	0.000164	0.087036	0.20679635	500.0	3e-06	
1975.0	0.7727	0.2047	0.0226	0.0	0.0	0.0	0.0	0.0	0.2047	1.4882	2.9e-05	0.0	0.000163	0.08672	0.2065975	500.0	3e-06	
1977.0	0.7719	0.2058	0.0223	0.0	0.0	0.0	0.0	0.0	0.2058	1.4882	2.9e-05	0.0	0.000162	0.086405	0.20640135	500.0	3e-06	
1979.0	0.777	0.2017	0.0212	0.0	0.0	0.0	0.0	0.0	0.2017	1.4882	2.8e-05	0.0	0.000161	0.086091	0.20620767	500.0	3e-06	
1981.0	0.7718	0.207	0.0212	0.0	0.0	0.0	0.0	0.0	0.207	1.4882	2.9e-05	0.0	0.000161	0.085779	0.20601591	500.0	3e-06	
1983.0	0.7735	0.205	0.0215	0.0	0.0	0.0	0.0	0.0	0.205	1.4882	2.9e-05	0.0	0.000162	0.085469	0.20582579	500.0	3e-06	
1985.0	0.7685	0.2092	0.0223	0.0	0.0	0.0	0.0	0.0	0.2092	1.4882	2.9e-05	0.0	0.000163	0.085159	0.20563707	500.0	3e-06	
1987.0	0.7732	0.2062	0.0206	0.0	0.0	0.0	0.0	0.0	0.2062	1.4882	2.9e-05	0.0	0.000164	0.084851	0.20544941	500.0	3e-06	
1989.0	0.7722	0.2054	0.0224	0.0	0.0	0.0	0.0	0.0	0.2054	1.4882	2.9e-05	0.0	0.000165	0.084544	0.20526255	500.0	3e-06	
1991.0	0.7695	0.21	0.0205	0.0	0.0	0.0	0.0	0.0	0.21	1.4882	3e-05	0.0	0.000166	0.084239	0.20507627	500.0	3e-06	
1993.0	0.7635	0.2142	0.0223	0.0	0.0	0.0	0.0	0.0	0.2142	1.4882	3e-05	0.0	0.000167	0.083934	0.20489035	500.0	3e-06	
1995.0	0.7636	0.2158	0.0207	0.0	0.0	0.0	0.0	0.0	0.2158	1.4882	3e-05	0.0	0.000169	0.083631	0.20470463	500.0	3e-06	
1997.0	0.7685	0.2101	0.0214	0.0	0.0	0.0	0.0	0.0	0.2101	1.4882	3.1e-05	0.0	0.000171	0.083329	0.20451909	500.0	3e-06	
1999.0	0.768	0.2112	0.0208	0.0	0.0	0.0	0.0	0.0	0.2112	1.4882	3.1e-05	0.0	0.000173	0.083028	0.20433369	500.0	3e-06	
2001.0	0.7537	0.2256	0.0208	0.0	0.0	0.0	0.0	0.0	0.2256	1.4882	3.1e-05	0.0	0.000175	0.082728	0.2041484	500.0	3e-06	
2003.0	0.7579	0.2225	0.0196	0.0	0.0	0.0	0.0	0.0	0.2225	1.4882	3.2e-05	0.0	0.000178	0.082429	0.20396339	500.0	3e-06	
2005.0	0.7525	0.2248	0.0227	0.0	0.0	0.0	0.0	0.0	0.2248	1.4882	3.2e-05	0.0	0.00018	0.082132	0.20377879	500.0	4e-06	
2007.0	0.7494	0.2293	0.0212	0.0	0.0	0.0	0.0	0.0	0.2293	1.4882	3.3e-05	0.0	0.000184	0.081835	0.2035947	500.0	4e-06	
2009.0	0.7536	0.2273	0.0191	0.0	0.0	0.0	0.0	0.0	0.2273	1.4882	3.4e-05	0.0	0.000187	0.08154	0.20341149	500.0	4e-06	
2011.0	0.7449	0.2361	0.0189	0.0	0.0	0.0	0.0	0.0	0.2361	1.4882	3.4e-05	0.0	0.00019	0.081246	0.20322939	500.0	4e-06	
2013.0	0.7609	0.2206	0.0186	0.0	0.0	0.0	0.0	0.0	0.2206	1.4882	3.5e-05	0.0	0.000195	0.080953	0.20304848	500.0	4e-06	
2015.0	0.7413	0.2392	0.0195	0.0	0.0	0.0	0.0	0.0	0.2392	1.4882	3.6e-05	0.0	0.000199	0.080661	0.20286937	500.0	4e-06	
2017.0	0.7402	0.2409	0.0189	0.0	0.0	0.0	0.0	0.0	0.2409	1.4882	3.7e-05	0.0	0.000204	0.080371	0.20269239	500.0	4e-06	
2019.0	0.7368	0.2485	0.0147	0.0	0.0	0.0	0.0	0.0	0.2485	1.4882	3.8e-05	0.0	0.000209	0.080082	0.20251788	500.0	4e-06	
2021.0	0.7308	0.2532	0.0161	0.0	0.0	0.0	0.0	0.0	0.2532	1.4882	3.9e-05	0.0	0.000213	0.079794	0.20234621	500.0	4e-06	
2023.0	0.7356	0.2483	0.0162	0.0	0.0	0.0	0.0	0.0	0.2483	1.4882	3.9e-05	0.0	0.000218	0.079507	0.20217769	500.0	4e-06	
2025.0	0.7244	0.2585	0.0171	0.0	0.0	0.0	0.0	0.0	0.2585	1.4882	4e-05	0.0	0.000222	0.079222	0.20201275	500.0	4e-06	
2027.0	0.7246	0.2594	0.016	0.0	0.0	0.0	0.0	0.0	0.2594	1.4882	4.1e-05	0.0	0.000226	0.078939	0.20185156	500.0	5e-06	
2029.0	0.7248	0.2591	0.0161	0.0	0.0	0.0	0.0	0.0	0.2591	1.4882	4.2e-05	0.0	0.00023	0.078657	0.20169434	500.0	5e-06	
2031.0	0.7259	0.2569	0.0172	0.0	0.0	0.0	0.0	0.0	0.2569	1.4882	4.2e-05	0.0	0.000234	0.078376	0.20154136	500.0	5e-06	
2033.0	0.7215	0.2638	0.0147	0.0	0.0	0.0	0.0	0.0	0.2638	1.4882	4.3e-05	0.0	0.000237	0.078097	0.2013927	500.0	5e-06	
2035.0	0.7302	0.2546	0.0152	0.0	0.0	0.0	0.0	0.0	0.2546	1.4882	4.4e-05	0.0	0.00024	0.077819	0.20124845	500.0	5e-06	
2037.0	0.7093	0.2774	0.0133	0.0	0.0	0.0	0.0	0.0	0.2774	1.4882	4.4e-05	0.0	0.000243	0.077543	0.20110875	500.0	5e-06	
2039.0	0.7161	0.2708	0.0132	0.0	0.0	0.0	0.0	0.0	0.2708	1.4882	4.5e-05	0.0	0.000245	0.077268	0.20097356	500.0	5e-06	
2041.0	0.719	0.2674	0.0136	0.0	0.0	0.0	0.0	0.0	0.2674	1.4882	4.5e-05	0.0	0.000248	0.076995	0.20084274	500.0	5e-06	
2043.0	0.719	0.2657	0.0153	0.0	0.0	0.0	0.0	0.0	0.2657	1.4882	4.6e-05	0.0	0.00025	0.076723	0.20071616	500.0	5e-06	
2045.0	0.7089	0.2776	0.0136	0.0	0.0	0.0	0.0	0.0	0.2776	1.4882	4.6e-05	0.0	0.000253	0.076452	0.20059369	500.0	5e-06	
2047.0	0.7184	0.2675	0.0141	0.0	0.0	0.0	0.0	0.0	0.2675	1.4882	4.7e-05	0.0	0.000256	0.076183	0.20047517	500.0	5e-06	
2049.0	0.7091	0.2766	0.0142	0.0	0.0	0.0	0.0	0.0	0.2766	1.4882	4.7e-05	0.0	0.000258	0.075916	0.20036043	500.0	5e-06	
2051.0	0.7112	0.2737	0.0151	0.0	0.0	0.0	0.0	0.0	0.2737	1.4882	4.8e-05	0.0	0.000261	0.075649	0.20024921	500.0	5e-06	
2053.0	0.7036	0.2821	0.0143	0.0	0.0	0.0	0.0	0.0	0.2821	1.4882	4.8e-05	0.0	0.000263	0.075384	0.20014123	500.0	6e-06	
2055.0	0.7014	0.2845	0.0141	0.0	0.0	0.0	0.0	0.0	0.2845	1.4882	4.9e-05	0.0	0.000266	0.075121	0.20003605	500.0	6e-06	
2057.0	0.7015	0.2851	0.0135	0.0	0.0	0.0	0.0	0.0	0.2851	1.4882	5e-05	0.0	0.000271	0.074858	0.19993329	500.0	6e-06	
2059.0	0.6982	0.2871	0.0147	0.0	0.0	0.0	0.0	0.0	0.2871	1.4882	5.1e-05	0.0	0.000275	0.074597	0.19983289	500.0	6e-06	
2061.0	0.6981	0.287	0.0149	0.0	0.0	0.0	0.0	0.0	0.287	1.4882	5.1e-05	0.0	0.000279	0.074337	0.19973452	500.0	6e-06	
2063.0	0.6967	0.2884	0.0149	0.0	0.0	0.0	0.0	0.0	0.2884	1.4882	5.2e-05	0.0	0.000284	0.074078	0.19963786	500.0	6e-06	
2065.0	0.6987	0.2871	0.0142	0.0	0.0	0.0	0.0	0.0	0.2871	1.4882	5.3e-05	0.0	0.000288	0.07382	0.19954269	500.0	6e-06	
2067.0	0.6928	0.2939	0.0133	0.0	0.0	0.0	0.0	0.0	0.2939	1.4882	5.4e-05	0.0	0.000292	0.073563	0.19944882	500.0	6e-06	
2069.0	0.6917	0.2945	0.0137	0.0	0.0	0.0	0.0	0.0	0.2945	1.4882	5.5e-05	0.0	0.000295	0.073308	0.19935625	500.0	6e-06	
2071.0	0.6898	0.2978	0.0124	0.0	0.0	0.0	0.0	0.0	0.2978	1.4882	5.5e-05	0.0	0.000298	0.073053	0.19926445	500.0	6e-06	
2073.0	0.6841	0.3034	0.0125	0.0	0.0	0.0	0.0	0.0	0.3034	1.4882	5.6e-05	0.0	0.0003	0.0728	0.19917327	500.0	7e-06	
2075.0	0.688	0.2985	0.0136	0.0	0.0	0.0	0.0	0.0	0.2985	1.4882	5.6e-05	0.0	0.000302	0.072547	0.19908277	500.0	7e-06	
2077.0	0.6837	0.3042	0.0121	0.0	0.0	0.0	0.0	0.0	0.3042	1.4882	5.6e-05	0.0	0.000303	0.072296	0.19899261	500.0	7e-06	
2079.0	0.6864	0.3029	0.0108	0.0	0.0	0.0	0.0	0.0	0.3029	1.4882	5.7e-05	0.0	0.000305	0.072045	0.19890274	500.0	7e-06	
2081.0	0.687	0.298	0.015	0.0	0.0	0.0	0.0	0.0	0.298	1.4882	5.7e-05	0.0	0.000305	0.071796	0.19881337	500.0	7e-06	
2083.0	0.696	0.2922	0.0118	0.0	0.0	0.0	0.0	0.0	0.2922	1.4882	5.7e-05	0.0	0.000306	0.071547	0.1987243	500.0	7e-06	
2085.0	0.686	0.301	0.0131	0.0	0.0	0.0	0.0	0.0	0.301	1.4882	5.7e-05	0.0	0.000306	0.071299	0.19863558	500.0	7e-06	
2087.0	0.6823	0.3053	0.0124	0.0	0.0	0.0	0.0	0.0	0.3053	1.4882	5.7e-05	0.0	0.000306	0.071053	0.19854741	500.0	7e-06	
2089.0	0.6812	0.3061	0.0127	0.0	0.0	0.0	0.0	0.0	0.3061	1.4882	5.7e-05	0.0	0.000306	0.070807	0.19845987	500.0	7e-06	
2091.0	0.6828	0.3051	0.0121	0.0	0.0	0.0	0.0	0.0	0.3051	1.4882	5.7e-05	0.0	0.000306	0.070562	0.19837313	500.0	7e-06	
2093.0	0.6816	0.304	0.0143	0.0	0.0	0.0	0.0	0.0	0.304	1.4882	5.8e-05	0.0	0.000309	0.070318	0.19828687	500.0	7e-06	
2095.0	0.6831	0.304	0.0129	0.0	0.0	0.0	0.0	0.0	0.304	1.4882	5.8e-05	0.0	0.000312	0.070075	0.19820173	500.0	7e-06	
2097.0	0.6813	0.3055	0.0133	0.0	0.0	0.0	0.0	0.0	0.3055	1.4882	5.9e-05	0.0	0.000315	0.069833	0.1981181	500.0	7e-06	
2099.0	0.6791	0.3086	0.0122	0.0	0.0	0.0	0.0	0.0	0.3086	1.4882	6e-05	0.0	0.000321	0.069592	0.19803554	500.0	7e-06	
2101.0	0.6723	0.3167	0.011	0.0	0.0	0.0	0.0	0.0	0.3167	1.4882	6.2e-05	0.0	0.000328	0.069352	0.19795474	500.0	7e-06	
2103.0	0.6703	0.3178	0.0119	0.0	0.0	0.0	0.0	0.0	0.3178	1.4882	6.3e-05	0.0	0.000335	0.069113	0.19787629	500.0	8e-06	
2105.0	0.6656	0.3236	0.0108	0.0	0.0	0.0	0.0	0.0	0.3236	1.4882	6.5e-05	0.0	0.000346	0.068875	0.1977997	500.0	8e-06	
2107.0	0.6521	0.3362	0.0116	0.0	0.0	0.0	0.0	0.0	0.3362	1.4882	6.8e-05	0.0	0.000359	0.068638	0.19772549	500.0	8e-06	
2109.0	0.6522	0.3364	0.0113	0.0	0.0	0.0	0.0	0.0	0.3364	1.4882	7e-05	0.0	0.000371	0.068402	0.19765443	500.0	9e-06	
2111.0	0.6513	0.3384	0.0104	0.0	0.0	0.0	0.0	0.0	0.3384	1.488194	7.3e-05	0.0	0.000384	0.068167	0.19758293	500.0	9e-06	
2113.0	0.6546	0.3359	0.0095	0.0	0.0	0.0	0.0	0.0	0.3359	1.488183	7.5e-05	0.0	0.000397	0.067934	0.1975111	500.0	9e-06	
2115.0	0.6383	0.3526	0.0091	0.0	0.0	0.0	0.0	0.0	0.3526	1.488171	7.8e-05	0.0	0.00041	0.067702	0.19744297	500.0	9e-06	
2117.0	0.6308	0.3614	0.0078	0.0	0.0	0.0	0.0	0.0	0.3614	1.488156	8e-05	0.0	0.000422	0.067471	0.19737641	500.0	1e-05	
2119.0	0.634	0.3566	0.0093	0.0	0.0	0.0	0.0	0.0	0.3566	1.488135	8.2e-05	0.0	0.000433	0.067242	0.19731031	500.0	1e-05	
2121.0	0.6261	0.366	0.008	0.0	0.0	0.0	0.0	0.0	0.366	1.488115	8.4e-05	0.0	0.000444	0.067014	0.19724818	500.0	1e-05	
2123.0	0.6306	0.3621	0.0073	0.0	0.0	0.0	0.0	0.0	0.3621	1.4881	8.6e-05	0.0	0.000453	0.066787	0.19719461	500.0	1.1e-05	
2125.0	0.6239	0.3682	0.008	0.0	0.0	0.0	0.0	0.0	0.3682	1.4881	8.7e-05	0.0	0.000458	0.066561	0.19715597	500.0	1.1e-05	
2127.0	0.6204	0.3719	0.0077	0.0	0.0	0.0	0.0	0.0	0.3719	1.4881	8.8e-05	0.0	0.000462	0.066335	0.19712135	500.0	1.1e-05	
2129.0	0.6156	0.3763	0.0081	0.0	0.0	0.0	0.0	0.0	0.3763	1.4881	8.9e-05	0.0	0.000467	0.066111	0.1970908	500.0	1.1e-05	
2131.0	0.6163	0.3762	0.0075	0.0	0.0	0.0	0.0	0.0	0.3762	1.4881	8.9e-05	0.0	0.000469	0.065889	0.19706466	500.0	1.1e-05	
2133.0	0.6224	0.3689	0.0087	0.0	0.0	0.0	0.0	0.0	0.3689	1.4881	9e-05	0.0	0.00047	0.065667	0.19704218	500.0	1.1e-05	
2135.0	0.6178	0.3744	0.0078	0.0	0.0	0.0	0.0	0.0	0.3744	1.4881	9e-05	0.0	0.000472	0.065447	0.19702331	500.0	1.1e-05	
2137.0	0.6211	0.3713	0.0076	0.0	0.0	0.0	0.0	0.0	0.3713	1.4881	8.9e-05	0.0	0.000468	0.065228	0.19700894	500.0	1.1e-05	
2139.0	0.6251	0.3686	0.0062	0.0	0.0	0.0	0.0	0.0	0.3686	1.4881	8.9e-05	0.0	0.000465	0.06501	0.19699764	500.0	1.1e-05	
2141.0	0.6161	0.3752	0.0087	0.0	0.0	0.0	0.0	0.0	0.3752	1.4881	8.8e-05	0.0	0.000462	0.064793	0.19698918	500.0	1.1e-05	
2143.0	0.6095	0.3827	0.0078	0.0	0.0	0.0	0.0	0.0	0.3827	1.4881	8.7e-05	0.0	0.000456	0.064577	0.19698381	500.0	1.1e-05	
2145.0	0.6218	0.3701	0.0081	0.0	0.0	0.0	0.0	0.0	0.3701	1.4881	8.7e-05	0.0	0.000451	0.064362	0.19698078	500.0	1.1e-05	
2147.0	0.6316	0.3592	0.0091	0.0	0.0	0.0	0.0	0.0	0.3592	1.4881	8.6e-05	0.0	0.000446	0.064148	0.19697986	500.0	1.1e-05	
2149.0	0.6245	0.3675	0.008	0.0	0.0	0.0	0.0	0.0	0.3675	1.4881	8.5e-05	0.0	0.000443	0.063935	0.19698028	500.0	1.1e-05	
2151.0	0.6268	0.3658	0.0074	0.0	0.0	0.0	0.0	0.0	0.3658	1.4881	8.5e-05	0.0	0.00044	0.063723	0.19698224	500.0	1.1e-05	
2153.0	0.6168	0.3744	0.0087	0.0	0.0	0.0	0.0	0.0	0.3744	1.4881	8.4e-05	0.0	0.000437	0.063512	0.19698556	500.0	1.1e-05	
2155.0	0.6276	0.3621	0.0103	0.0	0.0	0.0	0.0	0.0	0.3621	1.4881	8.3e-05	0.0	0.000432	0.063301	0.19699045	500.0	1.1e-05	
2157.0	0.6275	0.3622	0.0103	0.0	0.0	0.0	0.0	0.0	0.3622	1.4881	8.2e-05	0.0	0.000427	0.063092	0.19699639	500.0	1.1e-05	
2159.0	0.6284	0.3649	0.0067	0.0	0.0	0.0	0.0	0.0	0.3649	1.4881	8.1e-05	0.0	0.000422	0.062883	0.19700309	500.0	1e-05	
2161.0	0.6256	0.364	0.0104	0.0	0.0	0.0	0.0	0.0	0.364	1.4881	8e-05	0.0	0.000416	0.062676	0.1970108	500.0	1e-05	
2163.0	0.629	0.3607	0.0104	0.0	0.0	0.0	0.0	0.0	0.3607	1.4881	7.9e-05	0.0	0.000409	0.062469	0.19701915	500.0	1e-05	
2165.0	0.6355	0.3546	0.0099	0.0	0.0	0.0	0.0	0.0	0.3546	1.4881	7.8e-05	0.0	0.000402	0.062263	0.19702789	500.0	1e-05	
2167.0	0.6281	0.3609	0.0111	0.0	0.0	0.0	0.0	0.0	0.3609	1.4881	7.7e-05	0.0	0.000395	0.062058	0.19703668	500.0	1e-05	
2169.0	0.6315	0.3569	0.0116	0.0	0.0	0.0	0.0	0.0	0.3569	1.4881	7.6e-05	0.0	0.00039	0.061853	0.19704558	500.0	1e-05	
2171.0	0.6405	0.3486	0.0109	0.0	0.0	0.0	0.0	0.0	0.3486	1.4881	7.5e-05	0.0	0.000384	0.061649	0.19705472	500.0	1e-05	
2173.0	0.6352	0.3547	0.0101	0.0	0.0	0.0	0.0	0.0	0.3547	1.4881	7.4e-05	0.0	0.000381	0.061446	0.19706366	500.0	1e-05	
2175.0	0.6318	0.3549	0.0133	0.0	0.0	0.0	0.0	0.0	0.3549	1.4881	7.4e-05	0.0	0.000379	0.061244	0.19707242	500.0	1e-05	
2177.0	0.6353	0.351	0.0137	0.0	0.0	0.0	0.0	0.0	0.351	1.4881	7.3e-05	0.0	0.000377	0.061042	0.1970816	500.0	1e-05	
2179.0	0.6408	0.346	0.0132	0.0	0.0	0.0	0.0	0.0	0.346	1.4881	7.3e-05	0.0	0.000375	0.060842	0.19709115	500.0	1e-05	
2181.0	0.6424	0.3439	0.0137	0.0	0.0	0.0	0.0	0.0	0.3439	1.4881	7.3e-05	0.0	0.000375	0.060641	0.19710112	500.0	1e-05	
2183.0	0.6302	0.3571	0.0127	0.0	0.0	0.0	0.0	0.0	0.3571	1.4881	7.3e-05	0.0	0.000375	0.060442	0.19711194	500.0	1e-05	
2185.0	0.6319	0.3558	0.0123	0.0	0.0	0.0	0.0	0.0	0.3558	1.4881	7.3e-05	0.0	0.000376	0.060244	0.1971235	500.0	1e-05	
2187.0	0.6395	0.3463	0.0141	0.0	0.0	0.0	0.0	0.0	0.3463	1.4881	7.4e-05	0.0	0.000379	0.060046	0.19713558	500.0	1e-05	
2189.0	0.6329	0.3546	0.0125	0.0	0.0	0.0	0.0	0.0	0.3546	1.4881	7.5e-05	0.0	0.000382	0.059849	0.19714915	500.0	1e-05	
2191.0	0.6358	0.3516	0.0126	0.0	0.0	0.0	0.0	0.0	0.3516	1.4881	7.6e-05	0.0	0.000386	0.059652	0.19716411	500.0	1e-05	
2193.0	0.6325	0.3535	0.014	0.0	0.0	0.0	0.0	0.0	0.3535	1.4881	7.7e-05	0.0	0.000395	0.059457	0.19717974	500.0	1e-05	
2195.0	0.6171	0.3709	0.012	0.0	0.0	0.0	0.0	0.0	0.3709	1.4881	7.9e-05	0.0	0.000403	0.059262	0.19719754	500.0	1e-05	
2197.0	0.6252	0.3637	0.0111	0.0	0.0	0.0	0.0	0.0	0.3637	1.4881	8.1e-05	0.0	0.000412	0.059068	0.19721751	500.0	1.1e-05	
2199.0	0.6141	0.3761	0.0097	0.0	0.0	0.0	0.0	0.0	0.3761	1.4881	8.4e-05	0.0	0.000428	0.058875	0.19723802	500.0	1.1e-05	
2201.0	0.6074	0.3819	0.0107	0.0	0.0	0.0	0.0	0.0	0.3819	1.4881	8.7e-05	0.0	0.000445	0.058682	0.19726134	500.0	1.2e-05	
2203.0	0.5978	0.392	0.0102	0.0	0.0	0.0	0.0	0.0	0.392	1.4881	9.1e-05	0.0	0.000461	0.058491	0.19728765	500.0	1.2e-05	
2205.0	0.5944	0.3986	0.0069	0.0	0.0	0.0	0.0	0.0	0.3986	1.4881	9.6e-05	0.0	0.000486	0.0583	0.19731435	500.0	1.3e-05	
2207.0	0.5998	0.3926	0.0076	0.0	0.0	0.0	0.0	0.0	0.3926	1.4881	0.000101	0.0	0.000511	0.05811	0.19734433	500.0	1.3e-05	
2209.0	0.5867	0.4053	0.008	0.0	0.0	0.0	0.0	0.0	0.4053	1.4881	0.000106	0.0	0.000536	0.05792	0.19737772	500.0	1.4e-05	
2211.0	0.5806	0.4135	0.006	0.0	0.0	0.0	0.0	0.0	0.4135	1.4881	0.000114	0.0	0.000576	0.057731	0.19740993	500.0	1.5e-05	
2213.0	0.5673	0.4277	0.005	0.0	0.0	0.0	0.0	0.0	0.4277	1.4881	0.000122	0.0	0.000617	0.057543	0.19744513	500.0	1.6e-05	
2215.0	0.5594	0.4353	0.0053	0.0	0.0	0.0	0.0	0.0	0.4353	1.4881	0.000131	0.0	0.000659	0.057356	0.19748389	500.0	1.8e-05	
2217.0	0.5292	0.4682	0.0026	0.0	0.0	0.0	0.0	0.0	0.4682	1.4881	0.000142	0.0	0.000718	0.057169	0.19752079	500.0	1.9e-05	
2219.0	0.5319	0.4643	0.0037	0.0	0.0	0.0	0.0	0.0	0.4643	1.4881	0.000155	0.0	0.000781	0.056983	0.19755981	500.0	2.1e-05	
2221.0	0.514	0.482	0.004	0.0	0.0	0.0	0.0	0.0	0.482	1.4881	0.000168	0.0	0.000845	0.056797	0.19760229	500.0	2.3e-05	
2223.0	0.5028	0.4941	0.0031	0.0	0.0	0.0	0.0	0.0	0.4941	1.4881	0.000183	0.0	0.000923	0.056612	0.19764336	500.0	2.5e-05	
2225.0	0.4923	0.5055	0.0022	0.0	0.0	0.0	0.0	0.0	0.5055	1.4881	0.0002	0.0	0.001008	0.056428	0.19768558	500.0	2.7e-05	
2227.0	0.4741	0.5253	0.0006	0.0	0.0	0.0	0.0	0.0	0.5253	1.4881	0.000218	0.0	0.001092	0.056244	0.19773093	500.0	3e-05	
2229.0	0.4614	0.5374	0.0012	0.0	0.0	0.0	0.0	0.0	0.5374	1.4881	0.000237	0.0	0.001189	0.056061	0.19777546	500.0	3.2e-05	
2231.0	0.4469	0.5522	0.0009	0.0	0.0	0.0	0.0	0.0	0.5522	1.4881	0.000258	0.0	0.001293	0.055878	0.19782022	500.0	3.5e-05	
2233.0	0.4403	0.5592	0.0005	0.0	0.0	0.0	0.0	0.0	0.5592	1.4881	0.000279	0.0	0.001397	0.055696	0.19786757	500.0	3.8e-05	
2235.0	0.4148	0.5848	0.0004	0.0	0.0	0.0	0.0	0.0	0.5848	1.4881	0.000302	0.0	0.001509	0.055514	0.19791468	500.0	4.1e-05	
2237.0	0.4118	0.588	0.0002	0.0	0.0	0.0	0.0	0.0	0.588	1.4881	0.000326	0.0	0.001629	0.055333	0.19796128	500.0	4.5e-05	
2239.0	0.402	0.5978	0.0002	0.0	0.0	0.0	0.0	0.0	0.5978	1.4881	0.00035	0.0	0.001749	0.055153	0.19800987	500.0	4.8e-05	
2241.0	0.3782	0.6215	0.0003	0.0	0.0	0.0	0.0	0.0	0.6215	1.4881	0.000376	0.0	0.001876	0.054973	0.1980579	500.0	5.2e-05	
2243.0	0.3663	0.6336	0.0001	0.0	0.0	0.0	0.0	0.0	0.6336	1.4881	0.000404	0.0	0.002013	0.054794	0.19810391	500.0	5.6e-05	
2245.0	0.3682	0.6315	0.0003	0.0	0.0	0.0	0.0	0.0	0.6315	1.4881	0.000432	0.0	0.002151	0.054615	0.19815127	500.0	5.9e-05	
2247.0	0.352	0.6479	0.0001	0.0	0.0	0.0	0.0	0.0	0.6479	1.4881	0.00046	0.0	0.002292	0.054437	0.19819847	500.0	6.3e-05	
2249.0	0.3422	0.6577	0.0001	0.0	0.0	0.0	0.0	0.0	0.6577	1.4881	0.000491	0.0	0.002442	0.054259	0.19824349	500.0	6.8e-05	
2251.0	0.3392	0.6608	0.0	0.0	0.0	0.0	0.0	0.0	0.6608	1.4881	0.000522	0.0	0.002592	0.054082	0.19828927	500.0	7.2e-05	
2253.0	0.329	0.6709	0.0001	0.0	0.0	0.0	0.0	0.0	0.6709	1.4881	0.000552	0.0	0.002739	0.053905	0.19833653	500.0	7.6e-05	
2255.0	0.3146	0.6853	0.0001	0.0	0.0	0.0	0.0	0.0	0.6853	1.4881	0.00058	0.0	0.002876	0.05373	0.19838781	500.0	8e-05	
2257.0	0.3131	0.6869	0.0	0.0	0.0	0.0	0.0	0.0	0.6869	1.4881	0.000608	0.0	0.003012	0.053556	0.19843946	500.0	8.4e-05	
2259.0	0.3027	0.6973	0.0	0.0	0.0	0.0	0.0	0.0	0.6973	1.4881	0.000635	0.0	0.003143	0.053382	0.19849299	500.0	8.8e-05	
2261.0	0.3099	0.6901	0.0	0.0	0.0	0.0	0.0	0.0	0.6901	1.4881	0.000653	0.0	0.003229	0.053211	0.19856205	500.0	9.1e-05	
2263.0	0.3067	0.6933	0.0	0.0	0.0	0.0	0.0	0.0	0.6933	1.4881	0.000671	0.0	0.003315	0.053041	0.19863134	500.0	9.3e-05	
2265.0	0.3017	0.6983	0.0	0.0	0.0	0.0	0.0	0.0	0.6983	1.4881	0.000689	0.0	0.003401	0.052871	0.19870084	500.0	9.6e-05	
2267.0	0.2916	0.7084	0.0	0.0	0.0	0.0	0.0	0.0	0.7084	1.4881	0.000696	0.0	0.003432	0.052704	0.19878959	500.0	9.7e-05	
2269.0	0.2971	0.7029	0.0	0.0	0.0	0.0	0.0	0.0	0.7029	1.4881	0.000702	0.0	0.003462	0.052538	0.19887875	500.0	9.8e-05	
2271.0	0.2878	0.7122	0.0	0.0	0.0	0.0	0.0	0.0	0.7122	1.4881	0.000709	0.0	0.003492	0.052373	0.19896826	500.0	9.9e-05	
2273.0	0.2905	0.7094	0.0001	0.0	0.0	0.0	0.0	0.0	0.7094	1.4881	0.000712	0.0	0.003502	0.052209	0.1990653	500.0	0.0001	
2275.0	0.2872	0.7128	0.0	0.0	0.0	0.0	0.0	0.0	0.7128	1.4881	0.000714	0.0	0.003509	0.052046	0.1991637	500.0	0.0001	
2277.0	0.2846	0.7154	0.0	0.0	0.0	0.0	0.0	0.0	0.7154	1.4881	0.000716	0.0	0.003517	0.051884	0.19926273	500.0	0.000101	
2279.0	0.2879	0.7121	0.0	0.0	0.0	0.0	0.0	0.0	0.7121	1.4881	0.000721	0.0	0.003538	0.051721	0.19935761	500.0	0.000102	
2281.0	0.2819	0.7181	0.0	0.0	0.0	0.0	0.0	0.0	0.7181	1.4881	0.000727	0.0	0.003562	0.051559	0.19945207	500.0	0.000102	
2283.0	0.2817	0.7183	0.0	0.0	0.0	0.0	0.0	0.0	0.7183	1.4881	0.000732	0.0	0.003587	0.051398	0.1995475	500.0	0.000103	
2285.0	0.2883	0.7117	0.0	0.0	0.0	0.0	0.0	0.0	0.7117	1.4881	0.000741	0.0	0.003627	0.051236	0.19963851	500.0	0.000105	
2287.0	0.2796	0.7204	0.0	0.0	0.0	0.0	0.0	0.0	0.7204	1.4881	0.000751	0.0	0.003674	0.051075	0.19972835	500.0	0.000106	
2289.0	0.2768	0.7232	0.0	0.0	0.0	0.0	0.0	0.0	0.7232	1.4881	0.000761	0.0	0.00372	0.050915	0.19981959	500.0	0.000108	
2291.0	0.2756	0.7244	0.0	0.0	0.0	0.0	0.0	0.0	0.7244	1.4881	0.000771	0.0	0.003763	0.050755	0.19991388	500.0	0.000109	
2293.0	0.2765	0.7235	0.0	0.0	0.0	0.0	0.0	0.0	0.7235	1.4881	0.00078	0.0	0.003803	0.050597	0.20001092	500.0	0.000111	
2295.0	0.2756	0.7244	0.0	0.0	0.0	0.0	0.0	0.0	0.7244	1.4881	0.000788	0.0	0.003843	0.050439	0.20010992	500.0	0.000112	
2297.0	0.2703	0.7297	0.0	0.0	0.0	0.0	0.0	0.0	0.7297	1.4881	0.000793	0.0	0.003861	0.050282	0.20021887	500.0	0.000113	
2299.0	0.2681	0.7319	0.0	0.0	0.0	0.0	0.0	0.0	0.7319	1.4881	0.000793	0.0	0.003857	0.050128	0.20033814	500.0	0.000113	
2301.0	0.2766	0.7233	0.0001	0.0	0.0	0.0	0.0	0.0	0.7233	1.4881	0.000793	0.0	0.003854	0.049974	0.20045991	500.0	0.000113	
2303.0	0.2742	0.7258	0.0	0.0	0.0	0.0	0.0	0.0	0.7258	1.4881	0.000787	0.0	0.003821	0.049822	0.20059509	500.0	0.000112	
2305.0	0.2689	0.731	0.0001	0.0	0.0	0.0	0.0	0.0	0.731	1.4881	0.000772	0.0	0.003745	0.049672	0.2007496	500.0	0.00011	
2307.0	0.2762	0.7238	0.0	0.0	0.0	0.0	0.0	0.0	0.7238	1.4881	0.000757	0.0	0.003668	0.049524	0.20090714	500.0	0.000108	
2309.0	0.2807	0.7192	0.0001	0.0	0.0	0.0	0.0	0.0	0.7192	1.4881	0.000738	0.0	0.003576	0.049377	0.20107359	500.0	0.000106	
2311.0	0.2816	0.7184	0.0	0.0	0.0	0.0	0.0	0.0	0.7184	1.4881	0.000713	0.0	0.003448	0.049232	0.20125706	500.0	0.000102	
2313.0	0.2908	0.7092	0.0	0.0	0.0	0.0	0.0	0.0	0.7092	1.4881	0.000687	0.0	0.00332	0.049088	0.20144393	500.0	9.9e-05	
2315.0	0.2976	0.7024	0.0	0.0	0.0	0.0	0.0	0.0	0.7024	1.4881	0.000661	0.0	0.003193	0.048944	0.201634	500.0	9.5e-05	
2317.0	0.2965	0.7033	0.0002	0.0	0.0	0.0	0.0	0.0	0.7033	1.4881	0.000636	0.0	0.003069	0.048801	0.20182659	500.0	9.2e-05	
2319.0	0.2963	0.7037	0.0	0.0	0.0	0.0	0.0	0.0	0.7037	1.4881	0.000611	0.0	0.002945	0.048659	0.20202261	500.0	8.8e-05	
2321.0	0.3083	0.6916	0.0001	0.0	0.0	0.0	0.0	0.0	0.6916	1.4881	0.000586	0.0	0.002824	0.048517	0.20222074	500.0	8.5e-05	
2323.0	0.3096	0.6902	0.0002	0.0	0.0	0.0	0.0	0.0	0.6902	1.4881	0.000568	0.0	0.002735	0.048375	0.20240995	500.0	8.3e-05	
2325.0	0.317	0.683	0.0	0.0	0.0	0.0	0.0	0.0	0.683	1.4881	0.00055	0.0	0.002646	0.048234	0.20260235	500.0	8e-05	
2327.0	0.3195	0.6804	0.0001	0.0	0.0	0.0	0.0	0.0	0.6804	1.4881	0.000532	0.0	0.002558	0.048093	0.20279787	500.0	7.8e-05	
2329.0	0.3296	0.6703	0.0001	0.0	0.0	0.0	0.0	0.0	0.6703	1.4881	0.000524	0.0	0.002517	0.04795	0.20297776	500.0	7.7e-05	
2331.0	0.3219	0.6778	0.0003	0.0	0.0	0.0	0.0	0.0	0.6778	1.4881	0.000516	0.0	0.002476	0.047809	0.20316035	500.0	7.6e-05	
2333.0	0.3267	0.6733	0.0	0.0	0.0	0.0	0.0	0.0	0.6733	1.4881	0.000508	0.0	0.002436	0.047668	0.2033456	500.0	7.5e-05	
2335.0	0.3316	0.6683	0.0001	0.0	0.0	0.0	0.0	0.0	0.6683	1.4881	0.000506	0.0	0.002421	0.047526	0.20352287	500.0	7.4e-05	
2337.0	0.3261	0.6737	0.0002	0.0	0.0	0.0	0.0	0.0	0.6737	1.4881	0.000504	0.0	0.00241	0.047385	0.20370123	500.0	7.4e-05	
2339.0	0.3211	0.6788	0.0001	0.0	0.0	0.0	0.0	0.0	0.6788	1.4881	0.000502	0.0	0.002399	0.047245	0.20388175	500.0	7.4e-05	
2341.0	0.3251	0.6747	0.0002	0.0	0.0	0.0	0.0	0.0	0.6747	1.4881	0.000501	0.0	0.002394	0.047105	0.2040619	500.0	7.4e-05	
2343.0	0.3263	0.6736	0.0001	0.0	0.0	0.0	0.0	0.0	0.6736	1.4881	0.000501	0.0	0.00239	0.046965	0.20424328	500.0	7.4e-05	
2345.0	0.3226	0.677	0.0004	0.0	0.0	0.0	0.0	0.0	0.677	1.4881	0.0005	0.0	0.002387	0.046826	0.20442633	500.0	7.4e-05	
2347.0	0.3316	0.6683	0.0002	0.0	0.0	0.0	0.0	0.0	0.6683	1.4881	0.000499	0.0	0.002377	0.046688	0.20461339	500.0	7.4e-05	
2349.0	0.3264	0.6734	0.0002	0.0	0.0	0.0	0.0	0.0	0.6734	1.4881	0.000497	0.0	0.002364	0.046551	0.20480292	500.0	7.4e-05	
2351.0	0.328	0.6719	0.0001	0.0	0.0	0.0	0.0	0.0	0.6719	1.4881	0.000494	0.0	0.002352	0.046414	0.20499369	500.0	7.3e-05	
2353.0	0.3223	0.6776	0.0001	0.0	0.0	0.0	0.0	0.0	0.6776	1.4881	0.00049	0.0	0.002327	0.046278	0.20519073	500.0	7.3e-05	
2355.0	0.3342	0.6658	0.0	0.0	0.0	0.0	0.0	0.0	0.6658	1.4881	0.000483	0.0	0.002294	0.046143	0.20539228	500.0	7.2e-05	
2357.0	0.3405	0.6593	0.0002	0.0	0.0	0.0	0.0	0.0	0.6593	1.4881	0.000477	0.0	0.002261	0.046009	0.20559473	500.0	7.1e-05	
2359.0	0.337	0.6627	0.0003	0.0	0.0	0.0	0.0	0.0	0.6627	1.4881	0.00047	0.0	0.002229	0.045875	0.20579774	500.0	7e-05	
2361.0	0.3379	0.6619	0.0002	0.0	0.0	0.0	0.0	0.0	0.6619	1.4881	0.000464	0.0	0.002197	0.045742	0.20600121	500.0	6.9e-05	
2363.0	0.3302	0.6694	0.0004	0.0	0.0	0.0	0.0	0.0	0.6694	1.4881	0.000457	0.0	0.002165	0.045609	0.20620528	500.0	6.9e-05	
2365.0	0.3434	0.6565	0.0001	0.0	0.0	0.0	0.0	0.0	0.6565	1.4881	0.000452	0.0	0.002139	0.045477	0.20640715	500.0	6.8e-05	
2367.0	0.3341	0.6658	0.0002	0.0	0.0	0.0	0.0	0.0	0.6658	1.4881	0.000449	0.0	0.002124	0.045344	0.20660528	500.0	6.8e-05	
2369.0	0.3422	0.6575	0.0003	0.0	0.0	0.0	0.0	0.0	0.6575	1.4881	0.000447	0.0	0.002108	0.045212	0.20680379	500.0	6.7e-05	
2371.0	0.3442	0.6553	0.0006	0.0	0.0	0.0	0.0	0.0	0.6553	1.4881	0.000445	0.0	0.002098	0.04508	0.20700041	500.0	6.7e-05	
2373.0	0.3391	0.6606	0.0004	0.0	0.0	0.0	0.0	0.0	0.6606	1.4881	0.000446	0.0	0.0021	0.044948	0.207192	500.0	6.7e-05	
2375.0	0.3334	0.6663	0.0003	0.0	0.0	0.0	0.0	0.0	0.6663	1.4881	0.000446	0.0	0.002102	0.044817	0.2073839	500.0	6.7e-05	
2377.0	0.3335	0.6663	0.0002	0.0	0.0	0.0	0.0	0.0	0.6663	1.4881	0.000448	0.0	0.002106	0.044686	0.2075756	500.0	6.8e-05	
2379.0	0.3447	0.6551	0.0002	0.0	0.0	0.0	0.0	0.0	0.6551	1.4881	0.00045	0.0	0.002114	0.044555	0.20776548	500.0	6.8e-05	
2381.0	0.3463	0.6534	0.0003	0.0	0.0	0.0	0.0	0.0	0.6534	1.4881	0.000452	0.0	0.002123	0.044425	0.2079558	500.0	6.9e-05	
2383.0	0.3367	0.6631	0.0003	0.0	0.0	0.0	0.0	0.0	0.6631	1.4881	0.000454	0.0	0.002133	0.044295	0.20814592	500.0	6.9e-05	
2385.0	0.3363	0.6633	0.0005	0.0	0.0	0.0	0.0	0.0	0.6633	1.4881	0.00046	0.0	0.002158	0.044165	0.20832995	500.0	7e-05	
2387.0	0.3292	0.6708	0.0001	0.0	0.0	0.0	0.0	0.0	0.6708	1.4881	0.000466	0.0	0.002183	0.044035	0.20851464	500.0	7.1e-05	
2389.0	0.3272	0.6726	0.0002	0.0	0.0	0.0	0.0	0.0	0.6726	1.4881	0.000472	0.0	0.002208	0.043906	0.20870011	500.0	7.2e-05	
2391.0	0.3234	0.6765	0.0001	0.0	0.0	0.0	0.0	0.0	0.6765	1.4881	0.000475	0.0	0.002223	0.043777	0.20889067	500.0	7.2e-05	
2393.0	0.3305	0.6692	0.0003	0.0	0.0	0.0	0.0	0.0	0.6692	1.4881	0.000479	0.0	0.002239	0.04365	0.20908231	500.0	7.3e-05	
2395.0	0.3242	0.6758	0.0001	0.0	0.0	0.0	0.0	0.0	0.6758	1.4881	0.000483	0.0	0.002255	0.043522	0.20927516	500.0	7.4e-05	
2397.0	0.3196	0.6802	0.0002	0.0	0.0	0.0	0.0	0.0	0.6802	1.4881	0.000487	0.0	0.002273	0.043395	0.20946836	500.0	7.4e-05	
2399.0	0.3295	0.6703	0.0002	0.0	0.0	0.0	0.0	0.0	0.6703	1.4881	0.000491	0.0	0.002291	0.043269	0.20966293	500.0	7.5e-05	
2401.0	0.3196	0.6803	0.0001	0.0	0.0	0.0	0.0	0.0	0.6803	1.4881	0.000496	0.0	0.002309	0.043143	0.20985916	500.0	7.6e-05	
2403.0	0.3114	0.6883	0.0003	0.0	0.0	0.0	0.0	0.0	0.6883	1.4881	0.0005	0.0	0.002326	0.043018	0.21005772	500.0	7.7e-05	
2405.0	0.3145	0.6853	0.0002	0.0	0.0	0.0	0.0	0.0	0.6853	1.4881	0.000504	0.0	0.002342	0.042893	0.21025835	500.0	7.7e-05	
2407.0	0.3169	0.683	0.0001	0.0	0.0	0.0	0.0	0.0	0.683	1.4881	0.000508	0.0	0.002359	0.042769	0.21046105	500.0	7.8e-05	
2409.0	0.3067	0.6931	0.0003	0.0	0.0	0.0	0.0	0.0	0.6931	1.4881	0.000512	0.0	0.002376	0.042645	0.21066564	500.0	7.9e-05	
2411.0	0.3079	0.6917	0.0004	0.0	0.0	0.0	0.0	0.0	0.6917	1.4881	0.000516	0.0	0.002393	0.042522	0.21087242	500.0	7.9e-05	
2413.0	0.3153	0.6845	0.0002	0.0	0.0	0.0	0.0	0.0	0.6845	1.4881	0.00052	0.0	0.002411	0.042399	0.21108162	500.0	8e-05	
2415.0	0.3045	0.6954	0.0001	0.0	0.0	0.0	0.0	0.0	0.6954	1.4881	0.000524	0.0	0.002426	0.042277	0.21129451	500.0	8.1e-05	
2417.0	0.3081	0.6916	0.0003	0.0	0.0	0.0	0.0	0.0	0.6916	1.4881	0.000527	0.0	0.002439	0.042156	0.21151081	500.0	8.1e-05	
2419.0	0.3094	0.6904	0.0002	0.0	0.0	0.0	0.0	0.0	0.6904	1.4881	0.00053	0.0	0.002452	0.042035	0.2117298	500.0	8.2e-05	
2421.0	0.2972	0.7028	0.0	0.0	0.0	0.0	0.0	0.0	0.7028	1.4881	0.000534	0.0	0.002469	0.041914	0.21195006	500.0	8.2e-05	
2423.0	0.2998	0.7001	0.0001	0.0	0.0	0.0	0.0	0.0	0.7001	1.4881	0.000539	0.0	0.002488	0.041794	0.2121716	500.0	8.3e-05	
2425.0	0.2988	0.7011	0.0001	0.0	0.0	0.0	0.0	0.0	0.7011	1.4881	0.000544	0.0	0.002508	0.041675	0.21239596	500.0	8.4e-05	
2427.0	0.3028	0.6971	0.0001	0.0	0.0	0.0	0.0	0.0	0.6971	1.4881	0.00055	0.0	0.002534	0.041556	0.21261988	500.0	8.5e-05	
2429.0	0.2956	0.704	0.0004	0.0	0.0	0.0	0.0	0.0	0.704	1.4881	0.000558	0.0	0.002571	0.041437	0.21284163	500.0	8.6e-05	
2431.0	0.2997	0.7	0.0003	0.0	0.0	0.0	0.0	0.0	0.7	1.4881	0.000567	0.0	0.002608	0.041318	0.21306613	500.0	8.8e-05	
2433.0	0.2986	0.7014	0.0	0.0	0.0	0.0	0.0	0.0	0.7014	1.4881	0.000575	0.0	0.002643	0.0412	0.21329422	500.0	8.9e-05	
2435.0	0.2843	0.7153	0.0004	0.0	0.0	0.0	0.0	0.0	0.7153	1.4881	0.000582	0.0	0.002673	0.041083	0.21352704	500.0	9e-05	
2437.0	0.2898	0.7101	0.0001	0.0	0.0	0.0	0.0	0.0	0.7101	1.4881	0.000589	0.0	0.002704	0.040967	0.21376248	500.0	9.1e-05	
2439.0	0.2865	0.7134	0.0001	0.0	0.0	0.0	0.0	0.0	0.7134	1.4881	0.000596	0.0	0.002732	0.040851	0.21400137	500.0	9.3e-05	
2441.0	0.2848	0.715	0.0002	0.0	0.0	0.0	0.0	0.0	0.715	1.4881	0.000601	0.0	0.002753	0.040735	0.21424649	500.0	9.3e-05	
2443.0	0.2842	0.7156	0.0003	0.0	0.0	0.0	0.0	0.0	0.7156	1.4881	0.000606	0.0	0.002774	0.040621	0.21449397	500.0	9.4e-05	
2445.0	0.28	0.7197	0.0003	0.0	0.0	0.0	0.0	0.0	0.7197	1.4881	0.00061	0.0	0.002789	0.040507	0.21474605	500.0	9.5e-05	
2447.0	0.279	0.7207	0.0004	0.0	0.0	0.0	0.0	0.0	0.7207	1.4881	0.000604	0.0	0.00276	0.040395	0.2150225	500.0	9.4e-05	
2449.0	0.2835	0.7162	0.0003	0.0	0.0	0.0	0.0	0.0	0.7162	1.4881	0.000598	0.0	0.002731	0.040285	0.21530108	500.0	9.3e-05	
2451.0	0.2912	0.7085	0.0003	0.0	0.0	0.0	0.0	0.0	0.7085	1.4881	0.000592	0.0	0.002701	0.040174	0.21558169	500.0	9.3e-05	
2453.0	0.2821	0.7178	0.0001	0.0	0.0	0.0	0.0	0.0	0.7178	1.4881	0.000581	0.0	0.00265	0.040065	0.21587506	500.0	9.1e-05	
2455.0	0.2931	0.7064	0.0005	0.0	0.0	0.0	0.0	0.0	0.7064	1.4881	0.000571	0.0	0.002599	0.039957	0.21617028	500.0	8.9e-05	
2457.0	0.2945	0.7053	0.0002	0.0	0.0	0.0	0.0	0.0	0.7053	1.4881	0.00056	0.0	0.002548	0.039848	0.21646717	500.0	8.8e-05	
2459.0	0.2912	0.7086	0.0002	0.0	0.0	0.0	0.0	0.0	0.7086	1.4881	0.000551	0.0	0.002507	0.03974	0.21676053	500.0	8.7e-05	
2461.0	0.2992	0.7005	0.0003	0.0	0.0	0.0	0.0	0.0	0.7005	1.4881	0.000543	0.0	0.002468	0.039633	0.21705467	500.0	8.5e-05	
2463.0	0.3001	0.6998	0.0001	0.0	0.0	0.0	0.0	0.0	0.6998	1.4881	0.000535	0.0	0.002428	0.039525	0.21735003	500.0	8.4e-05	
2465.0	0.2985	0.7015	0.0	0.0	0.0	0.0	0.0	0.0	0.7015	1.4881	0.000524	0.0	0.002377	0.039419	0.21765238	500.0	8.3e-05	
2467.0	0.305	0.6946	0.0004	0.0	0.0	0.0	0.0	0.0	0.6946	1.4881	0.000512	0.0	0.002323	0.039313	0.21795726	500.0	8.1e-05	
2469.0	0.3055	0.6939	0.0006	0.0	0.0	0.0	0.0	0.0	0.6939	1.4881	0.000501	0.0	0.002269	0.039208	0.21826301	500.0	7.9e-05	
2471.0	0.3087	0.6908	0.0005	0.0	0.0	0.0	0.0	0.0	0.6908	1.4881	0.00049	0.0	0.002219	0.039103	0.21856764	500.0	7.8e-05	
2473.0	0.3171	0.6824	0.0005	0.0	0.0	0.0	0.0	0.0	0.6824	1.4881	0.00048	0.0	0.002171	0.038998	0.21887208	500.0	7.6e-05	
2475.0	0.3183	0.6811	0.0006	0.0	0.0	0.0	0.0	0.0	0.6811	1.4881	0.00047	0.0	0.002122	0.038894	0.21917707	500.0	7.4e-05	
2477.0	0.3192	0.6801	0.0008	0.0	0.0	0.0	0.0	0.0	0.6801	1.4881	0.00046	0.0	0.002076	0.03879	0.21948135	500.0	7.3e-05	
2479.0	0.317	0.6827	0.0003	0.0	0.0	0.0	0.0	0.0	0.6827	1.4881	0.00045	0.0	0.002032	0.038686	0.2197852	500.0	7.2e-05	
2481.0	0.3217	0.6771	0.0012	0.0	0.0	0.0	0.0	0.0	0.6771	1.4881	0.000441	0.0	0.001988	0.038582	0.22008936	500.0	7e-05	
2483.0	0.3181	0.681	0.0009	0.0	0.0	0.0	0.0	0.0	0.681	1.4881	0.00043	0.0	0.001935	0.03848	0.22039807	500.0	6.8e-05	
2485.0	0.3271	0.6721	0.0008	0.0	0.0	0.0	0.0	0.0	0.6721	1.4881	0.000417	0.0	0.001875	0.038378	0.22071141	500.0	6.6e-05	
2487.0	0.3345	0.6645	0.001	0.0	0.0	0.0	0.0	0.0	0.6645	1.4881	0.000403	0.0	0.001814	0.038276	0.22102497	500.0	6.4e-05	
2489.0	0.3396	0.6594	0.001	0.0	0.0	0.0	0.0	0.0	0.6594	1.4881	0.000391	0.0	0.001755	0.038175	0.2213381	500.0	6.2e-05	

Input file:
mc
output:single_layer_example
particle1:green.txt
particle2:tio2.txt
matrix1:acrylic.txt
mesh:1
light:am15.txt
emit1:green_emis.txt
excit_start_end1:302,900
qy1:green_qy.txt
photons:10000
start:301
end:2490
interval:2

sim:1
upper:1
lower:1
layer1
matrix1
t:500
particle1
fluor:1
d:10
vf:1
dist:0
particle2
fluor:0
d:0.4
vf:10
dist:0
